:020000040800F2
:1000000018F302204D020008656B0008BD4C000883
:10001000AD69000835040008758500085F02000816
:10002000000000000000000000000000696E0008F1
:100030003904000800000000696B0008816E0008A8
:1000400069020008690200086902000869020008E4
:1000500069020008690200086902000869020008D4
:1000600069020008690200086902000869020008C4
:1000700069020008690200086902000869020008B4
:1000800069020008690200086902000869020008A4
:100090006902000869020008690200086902000894
:1000A0006902000869020008690200086902000884
:1000B00000000000690200086902000869020008E7
:1000C0006902000869020008690200086902000864
:1000D0006902000869020008690200086902000854
:1000E0006902000869020008ED6E00086902000854
:1000F0006902000869020008690200086902000834
:1001000069020008F96E0008690200086902000827
:100110006902000869020008690200086902000813
:100120006902000869020008690200086902000803
:10013000690200085D8500086902000869850008F9
:100140006902000885710008690200086902000858
:1001500069020008690200086902000869020008D3
:1001600069020008690200086902000869020008C3
:1001700069020008690200086902000869020008B3
:1001800069020008690200086902000869020008A3
:100190006902000869020008690200086902000893
:1001A0006902000869020008690200086902000883
:1001B00069020008000000006902000869020008E6
:1001C00069020008000000006902000869020008D6
:1001D0006902000869020008690200086902000853
:1001E0006902000869020008690200086902000843
:1001F0000000000000000000690200086902000819
:100200006902000869020008690200086902000822
:100210006902000869020008690200086902000812
:100220006902000869020008690200086902000802
:100230006902000869020008DFF80CD000F0E2F85B
:1002400000480047213B030818F302200748804775
:1002500007480047FEE7FEE7FEE7FEE7FEE7FEE7AA
:10026000FEE7FEE7FEE7FEE7FEE70000A16E0008FE
:10027000390200082DE9F05F0546002092469B46B2
:1002800088460646814640241BE0284641464746AC
:10029000224600F0A7F853465A46C01A914110D39F
:1002A00011461846224600F08EF82D1A67EB010819
:1002B0004F4622460120002100F085F817EB000987
:1002C0004E41201EA4F10104DFDC484631462A4697
:1002D0004346BDE8F09F10B5431A934209D28318F4
:1002E000881803E010F8011D03F8011D521EF9D211
:1002F00010BD40EA01039B0703D009E008C9121FA3
:1003000008C0042AFAD203E011F8013B00F8013BCF
:10031000521EF9D210BDD2B201E000F8012B491EE5
:10032000FBD270470022F6E710B513460A46044692
:100330001946FFF7F0FF204610BD30B505462A46A6
:100340000B4612F8010B13F8014B08B1A042F8D08C
:100350001CB1002802D06D1CF1E7284630BD10B555
:10036000044604E00B7800F8013B03B1491C521E1F
:10037000F8D2204610BDCAB2401E10F8011F8A42B2
:1003800002D00029F9D100207047421C10F8011B4F
:100390000029FBD1801A704710B5002200E0521CE2
:1003A000835C8C5CA34201D1002BF8D1D8B2E1B2BE
:1003B000401A10BD034611F8012B00F8012B002A4A
:1003C000F9D118467047202A04DB203A00FA02F1DE
:1003D000002070479140C2F1200320FA03F3194333
:1003E00090407047202A04DB203A21FA02F00021D5
:1003F000704721FA02F3D040C2F120029140084335
:10040000194670471CB509480090094801900546F7
:10041000009C06E0E06840F0010394E8070098477C
:100420001034AC42F6D3FFF70BFF000094360408FB
:10043000B4360408FEE700007047000072B600BF43
:10044000FEE7000082B040F2B00740F2000501264E
:10045000C2F200070DF10704C2F200050FF23408E2
:100460003868214601224FF0FF333DF0FDFB0128A3
:10047000F6D1002E1CBF40463EF00AFA9DF8070058
:1004800029463EF06FFC9DF807000A38B0FA80F06C
:100490004609E5E75B4630205265706C795D3A208D
:1004A0000000000010B50024C4F2022420464FF4DE
:1004B0000061002200F036FA0A2000F0FDF8204624
:1004C0004FF40061012200F02DFA6420BDE81040D5
:1004D00000F0F2B8B0B582B040F6B4340220C2F2F7
:1004E00000048DF8070064250DF1070220467021F5
:1004F0000123009500F09CFB0DF1060220467121BE
:100500000123009500F0BCFA9DF8060002B0B0BDD2
:1005100070B582B040F6B4340320C2F200048DF806
:10052000050064250DF10502204670210123009588
:1005300000F07EFB01AA204671210123009500F006
:100540009FFA04209DF804608DF807000DF1070262
:10055000204670210123009500F06AFB0DF1060290
:10056000204671210123009500F08AFA9DF80600CB
:1005700006F00F0140EA012002B070BD70B582B0F4
:1005800040F6B4340520C2F200048DF8050064255D
:100590000DF10502204670210123009500F048FB73
:1005A00001AA204671210123009500F069FA062076
:1005B0009DF804608DF807000DF1070220467021B8
:1005C0000123009500F034FB0DF106022046712155
:1005D0000123009500F054FA9DF8060006F00F0183
:1005E00040EA012002B070BDB0B5044600F0A0F9A9
:1005F000002C04BF0120B0BD054694F85400022829
:1006000024D12068416941F004014161052084F84A
:10061000540000BF2168086980041FD400F088F9E5
:10062000401B0628F6D3A06D40F01000A065032003
:1006300084F8540094F8500000064FF0010001D5F2
:10064000616F0873002184F84C10B0BD2020A065B4
:100650000120002184F84C10B0BD00BF4869012280
:1006600040F002004861042084F854004FF4FE403A
:10067000C86084F8542094F8500000064FF0000041
:10068000E0D5636F1A738864002184F84C10B0BD04
:1006900080B190F8541002290AD1042180F8541036
:1006A000006842F204024169114341610020704731
:1006B0002021816501207047B0B5044600F038F96B
:1006C000054640F20400C2F200000078611C18BF29
:1006D000044400BF00F02CF9401BA042FAD3B0BD87
:1006E0002DE9F04F83B00E68002E00F0178181468F
:1006F0002030019047F67F70C0F22F0000EA992069
:10070000002200234FF0010B00274FF00008C4F235
:100710000262CA464FF0000C00900FE00022C4F2C3
:1007200002620E680CF1010C36FA0CF008F10208B6
:1007300007F1040703F1080300F0F0800BFA0CF551
:1007400016EA0500EDD09145029025D04E6846F09E
:100750001002122A5ED16FF0030000EA5C020198D9
:1007600007F01C0550F802E00E690F24AC4006F0BB
:100770000F062EEA0404AE4026438650DAF8002025
:1007800003204E6800FA08F5AA4306F0030505FAAF
:1007900008F52A4349E000BF10684E684EF6B05491
:1007A00006F00106A84306FA0CF6C0F6030430432F
:1007B00004EBCC061060D6F804E06FF0030054F8A8
:1007C0003CA000EA5E051C20554400EA8E06D5F8E0
:1007D00020B00F22484602FA06F92BEA09028146A8
:1007E0000B2000FA06F632432A62DAF800204FEABC
:1007F0004E05032000FA05F60220B24300FA05F583
:100800002A43CAF800204E684FF0010B122E11D96E
:1008100036E000BFDAF80020032000FA08F5AA430A
:1008200006F0030505FA08F52A43E646CAF8002053
:10083000122E25D80BFA06F212F0061F1AD04FEA34
:100840004E040320DAF8082000FA04F5C868AA4329
:10085000A0401043CAF80800DAF804000BFA0EF2C0
:100860009043320902FA0EF21043032ECAF8040034
:1008700002D005E0032E03D1886801283FF44EAF73
:10088000DAF80C004FEA4E0203258C689540A84325
:1008900004FA02F21043F200CAF80C007FF53EAFF2
:1008A00042F2000E2CF00300C4F2026E7044026E9D
:1008B00003F018060F25B540AA43009D05FA06F679
:1008C00032430266DEF80000029C4A6840EA0406F1
:1008D000D50258BF20EA0406CEF80060DEF8040016
:1008E000950240EA040658BF20EA0406CEF80460E8
:1008F000DEF88400950340EA040658BF20EA0406A7
:10090000CEF88460DEF88000D20340EA040658BFC7
:1009100020EA0406CEF8806000E700BF03B0BDE81F
:10092000F08F00001823002A08BF2823C150704709
:100930004EF61C20C2F202000068704790F8412079
:10094000202A03D190F84020012A01D102207047CB
:10095000242280F841200268136823F00103136009
:10096000136823F4805313601368194311601168EE
:1009700041F001011160202180F84110002180F830
:10098000401000207047000090F84120202A03D139
:1009900090F84020012A01D102207047242280F8DB
:1009A00041200268136823F001031360136823F4E5
:1009B000706343EA01211160116841F00101116087
:1009C000202180F84110002180F84010002070475D
:1009D000002804BF0120704710B590F8411031B9CC
:1009E000002180F84010044600F0FAF92046242146
:1009F00080F8411090E81210C3680A68012B22F0B9
:100A000001020A6024F070620A618A6822F40042DE
:100A10008A6003D14CF400428A6009E04CF404423D
:100A2000022B8A6004D14A6842F4006203E000BFEE
:100A30004A6822F400624A604A6800F1100442F0F9
:100A4000007242F400424A60CA6822F40042CA605E
:100A50001CCC1A4342EA0422C369CA60026A1A43E0
:100A60000A600A6842F001020A6000212022416403
:100A700080F84120016380F84210002010BD000082
:100A80002DE9F04F81B0044690F84100202803D1B1
:100A900094F84000012803D1022001B0BDE8F08F96
:100AA00001200D461746984684F84000FFF740FFA6
:100AB000216806468A69120427D4222084F841005E
:100AC000102084F84200002060646762A4F82A8045
:100AD0006063608D49F6000C40F20008B0F5807F3D
:100AE000CFF6004CC0F2FF1828D34B682A466FF3AC
:100AF0009F2203EA0C031A43424402F510524A6053
:100B0000FF222AE088690004D7D520461921324601
:100B100004F0D6F8002871D1FFF70AFF801B216886
:100B20001A28EFD388690004ECD5606C40F02000EF
:100B30006064202084F84100012070E0628D2B4623
:100B40006FF39F23D7B2486843EA074300EA0C00DB
:100B5000184308F59233184348602285608D0A9F38
:100B6000002845D06FF39F2505F100794FF0FF0A6B
:100B70000CF5806B0DE000BF608D21682085C0B250
:100B80004A6849EA004002EA0B0210434860608D5F
:100B900070B320463946324604F0BEF970BB206877
:100BA000616A406A0870606A218D01306062481E87
:100BB0002085618D01396185618D0029E7D00004B0
:100BC000E5D12046802100223B46009604F028F91A
:100BD000A0B9608DB0F5807FCED32068A4F828A09E
:100BE000416801EA0B01294341EA08014160CEE76F
:100BF00020463946324604F0FBF918B1012001B015
:100C0000BDE8F08F20682021C16142684EF60003E4
:100C1000CFF600631A404260002084F841100021A2
:100C200084F8421084F8401001B0BDE8F08F000055
:100C30002DE9F04F81B0044690F84100202803D1FF
:100C400094F84000012803D1022001B0BDE8F08FE4
:100C500001200D461746984684F84000FFF768FECD
:100C6000216806468A69120427D4212084F84100AD
:100C7000102084F84200002060646762A4F82A8093
:100C80006063608D49F6000C40F20008B0F5807F8B
:100C9000CFF6004CC0F2FF1828D34B682A466FF3FA
:100CA0009F2203EA0C031A43424402F500524A60B1
:100CB000FF222AE088690004D7D520461921324650
:100CC00003F0FEFF002871D1FFF732FE801B216880
:100CD0001A28EFD388690004ECD5606C40F020003E
:100CE0006064202084F84100012070E0628D2B4672
:100CF0006FF39F23D7B2486843EA074300EA0C002A
:100D0000184308F59033184348602285608D0A9F88
:100D1000002845D06FF39F2505F100794FF0FF0AB9
:100D20000CF5806B0DE000BF608D21682085C0B29E
:100D30004A6849EA004002EA0B0210434860608DAD
:100D400070B320463946324604F090F970BB606AB1
:100D5000226810F8011B91626062608D0138608525
:100D6000208D01382085618D0029E8D00004E6D16E
:100D70002046802100223B46009604F051F8A8B995
:100D8000608DB0F5807FCFD32068A4F828A041689B
:100D900001EA0B01294341EA08014160CFE700BFA6
:100DA00020463946324604F023F918B1012001B03B
:100DB000BDE8F08F20682021C16142684EF6000333
:100DC000CFF600631A404260002084F841100021F1
:100DD00084F8421084F8401001B0BDE8F08F0000A4
:100DE000B0B5B8B0044602A800250830B821379540
:100DF000CDE93555CDE93355FFF794FA206845F232
:100E00000041C4F20001884202D038B0B0BD00BF3A
:100E10004020029002A8039501F068F8002818BF4E
:100E2000FFF70CFB40F68C44C4F20264206833A93F
:100E300040F002002060206800F00200019001985C
:100E4000C0203390122034900020CDE935000420DA
:100E5000379040F20040C4F20220FFF741FC2069C5
:100E600040F400102061206900F400100190019806
:100E700038B0B0BD40F20041C4F20301086840F050
:100E8000010200200A60704740F204004EF61C2167
:100E9000C2F20000C2F2020100780A681044086041
:100EA0007047000080B542F20000C4F20200016801
:100EB00041F480710160032000F0C8F801F00AFDE0
:100EC00040F62041C4F2026109684EF6985201F0E2
:100ED0000F01C0F60302515CC84040F26801C2F243
:100EE00000010860042002F0E7FD002000F008F88F
:100EF00000281CBF012080BD00F054F8002080BDF8
:100F0000B0B588B040F6A441C4F202610A68044654
:100F100042F400620A60096802A801F400610291CB
:100F2000029901A901F03AFC01F094FC4DF68361AD
:100F3000C4F21B31A0FB01014FF0FF3000EB9141E7
:100F400040F6984042F60043C2F2000040F2E73219
:100F5000C4F201030025C0E90031C0E90252056175
:100F600002F0A4FE30B940F69840C2F2000002F050
:100F7000F1FE38B105462A2000F02AF8284608B0CC
:100F8000B0BD00BF0F2C0BD82A202146002200251F
:100F900000F030F840F20800C2F200000460EAE716
:100FA0000125E8E781B040F69440C4F20260016890
:100FB000002241F00401016000680F2100F00400EC
:100FC000009000986FF0010001B000F013B800002D
:100FD000002848BF70471C2200F01F0102EAD00021
:100FE000012202FA01F14EF20012CEF2000281500B
:100FF0007047000010B54EF60C5CCEF2000CDCF829
:101000000030C3F3022E8EF00704042C28BF042402
:10101000BEF103034FF0FF3E38BF00230EFA04F485
:10102000A14399400EFA03F39A43114300F00F02D3
:1010300000F160430901043A03F564436244002867
:1010400048BF02F10C03197010BD00004EF60C51A0
:10105000CEF200010A684FF6FF031A4060F30A223D
:1010600042F0806040F0FD700860704740F60C0C64
:10107000C4F2026CDCF8302002F4403282420BD120
:10108000B0F1011F68D3DCF8000040F48020CCF8F8
:1010900000000020704700BFDCF80020B0F5803F62
:1010A00022F4E02242EA000240F2680088BF42F4E3
:1010B0008022CCF80020C2F20000006841F2597290
:1010C000CDF2B712A0FB0202900B0346DCF8001031
:1010D000B3F1FF3218BF012209041ED4591C1CD0E1
:1010E000DCF80010002B1A4618BF0122090414D4A2
:1010F0009BB1DCF800105A1E18BF012209040CD461
:10110000012B0AD0DCF800109A1E18BF0122090436
:1011100003D4022BA3F10403D8D112B3DCF83010AE
:10112000421C090416D4AAB1DCF83010090412D408
:1011300088B1DCF83010090410D401280ED0DCF896
:101140003010021F090402D402281046E6D1901C78
:1011500010B906E0104620B1002070470138002881
:10116000FAD103207047000040F63C00C4F2026050
:10117000006800F440307047B0B540F6284EC4F225
:10118000026EDEF80C50DEF80030DEF80010DEF8FB
:101190000020DEF81040D206E40804EAE272C1F34F
:1011A000032103F003036FF35F3201F1010C00EE42
:1011B000102A6FF35F25B8EE400ADFE803F003035F
:1011C0000B0B00BF5EF8201C09025DD4DEF8CC10CA
:1011D0000B045BE001EE10CA9FED472AB8EE411AFE
:1011E000DEF80C1082EE011A6FF35F2102EE101A86
:1011F0009FED403AB8EE422A20EE030A30EE020A92
:10120000B7EE002A30EE020A21EE000ADEF80010E6
:10121000C90360D5DEF80C10C1F34621013101EE9F
:10122000101AB8EE411A80EE011ABCEEC11A11EE86
:10123000102A0260DEF80010890352D5DEF80C1087
:10124000C1F30641013101EE101AB8EE411A80EEE9
:10125000011ABCEEC11A11EE102A4260DEF800102D
:10126000490344D5DEF80C10C1F30661013101EEEB
:10127000101AB8EE411A80EE010ABCEEC00A10EE58
:10128000101A8160B0BD00BF5EF8203C4EF630629F
:10129000190FC0F6030202EB810102EE10CA91EDB4
:1012A000001AB8EE422AB8EE411A9FED123A81EECA
:1012B000021A02EE105A20EE030AB8EE422A30EE6D
:1012C000020AB7EE002A30EE020A20EE010ADEF82A
:1012D0000010C9039ED400220260DEF800108903CA
:1012E000ACD400224260DEF800104903BAD40021D9
:1012F0008160B0BD000000390024744BB0B540F6E9
:101300002C4EC4F2026EDEF81050DEF80030DEF82B
:101310000010DEF80020DEF81440D206E40804EAEB
:10132000E272C1F3032103F003036FF35F3201F1B3
:10133000010C00EE102A6FF35F25B8EE400ADFE8DB
:1013400003F003030B0B00BF5EF8241C09025DD4FD
:10135000DEF8C8100B045BE001EE10CA9FED472ACF
:10136000B8EE411ADEF8101082EE011A6FF35F2119
:1013700002EE101A9FED403AB8EE422A20EE030A20
:1013800030EE020AB7EE002A30EE020A21EE000A21
:10139000DEF80010C90360D5DEF81010C1F3462155
:1013A000013101EE101AB8EE411A80EE011ABCEEBE
:1013B000C11A11EE102A0260DEF80010890352D51E
:1013C000DEF81010C1F30641013101EE101AB8EE3B
:1013D000411A80EE011ABCEEC11A11EE102A4260C9
:1013E000DEF80010490344D5DEF81010C1F30661A1
:1013F000013101EE101AB8EE411A80EE010ABCEE7E
:10140000C00A10EE101A8160B0BD00BF5EF8243C27
:101410004EF63062190FC0F6030202EB810102EEB4
:1014200010CA91ED001AB8EE422AB8EE411A9FEDAB
:10143000123A81EE021A02EE105A20EE030AB8EEBA
:10144000422A30EE020AB7EE002A30EE020A20EEFF
:10145000010ADEF80010C9039ED400220260DEF803
:1014600000108903ACD400224260DEF8001049036A
:10147000BAD400218160B0BD000000390024744B53
:10148000B0B540F6304EC4F2026EDEF81450DEF80D
:101490000030DEF80010DEF80020DEF81840D2063A
:1014A000E40804EAE272C1F3032103F003036FF3DB
:1014B0005F3201F1010C00EE102A6FF35F25B8EEE8
:1014C000400ADFE803F003030B0B00BF5EF8281CA3
:1014D00009025DD4DEF8C4100B045BE001EE10CA13
:1014E0009FED472AB8EE411ADEF8141082EE011A79
:1014F0006FF35F2102EE101A9FED403AB8EE422AD8
:1015000020EE030A30EE020AB7EE002A30EE020A9D
:1015100021EE000ADEF80010C90360D5DEF81410D1
:10152000C1F34621013101EE101AB8EE411A80EEE6
:10153000011ABCEEC11A11EE102A0260DEF800108A
:10154000890352D5DEF81410C1F30641013101EED2
:10155000101AB8EE411A80EE011ABCEEC11A11EE53
:10156000102A4260DEF80010490344D5DEF814105A
:10157000C1F30661013101EE101AB8EE411A80EE96
:10158000010ABCEEC00A10EE101A8160B0BD00BFA7
:101590005EF8283C4EF63062190FC0F6030202EBEB
:1015A000810102EE10CA91ED001AB8EE422AB8EE9F
:1015B000411A9FED123A81EE021A02EE105A20EE05
:1015C000030AB8EE422A30EE020AB7EE002A30EEE5
:1015D000020A20EE010ADEF80010C9039ED40022A0
:1015E0000260DEF800108903ACD400224260DEF80D
:1015F00000104903BAD400218160B0BD0000003959
:101600000024744B80B584B0024647F6FF73002077
:101610009B1A70EB0103C0F26D80D2F17F0370EB77
:101620000103C0F2A380013A61F10001D2F13F034E
:101630004FF0000373EB0101C0F04A84DFE812F0C1
:1016400040005A0248040402480448044804EA01DD
:1016500048044804480448044804480448041E0256
:10166000480448044804480448044804480448041A
:101670004804480448044804480448044804C6018F
:1016800048044804480448044804480448044804FA
:1016900048044804480448044804480448044804EA
:1016A00048044804480448044804480448044804DA
:1016B00048044804480448044804480448043A02DA
:1016C00040F60040C4F20260D0F8E01001F00301DF
:1016D000012900F05183002900F0F88202680229F4
:1016E00003D112F4806240F09E83D0F8F000032909
:1016F0004FE200BF4FF6FF73C0F23F039B1A70EB3F
:10170000010367DB4FF6FF73C0F203039B1A4FF030
:10171000000C7CEB010380F285804FF6FF73C0F272
:101720000F039B1A7CEB0103C0F2EE8082F480234E
:101730000B4300F0F98182F40022114340F0C8838A
:1017400040F60040C4F20260D0F8E410026801F4F0
:101750004051920440F12483002940F0218346F651
:101760000040C0F2DC2004B080BD00BF40F2FF3377
:101770009B1A4FF0000C7CEB010380F2778041F65E
:10178000FF739B1A7CEB0103C0F2DC8082F4806360
:101790000B4300F0DF8182F40062114340F0988334
:1017A00040F60040C4F20260D0F8E81011F4407135
:1017B00000F09282D0F8F020B1F5807F03D112F0D2
:1017C000006240F000830268B1F5007F00F069819B
:1017D0006BE100BF6FF07E439B1A4FF0000C7CEB77
:1017E000010380F273806FF078439B1A7CEB010356
:1017F000C0F2C68082F000730B4300F0D38182F008
:101800008062114340F0648340F60040C4F20260FD
:10181000D0F8E410C1F30151DFE811F0AE025E022E
:101820001A02B40282F400430B4300F0618282F496
:1018300080330B4300F0128282F40032114340F0F7
:10184000478340F60041C4F20261D1F8E800C0F3DA
:101850000242042A00F2CC824BF68030DFE812F01C
:1018600058021202D60238039A0200BF82F08003A7
:101870000B4300F0538282F480730B4300F0088224
:1018800082F40072114340F0238340F60040C4F21A
:101890000260D0F8E81011F4406100F0A582D0F8A1
:1018A000F020B1F5806F03D112F0006240F08B821E
:1018B0000268B1F5006F03D112F4806240F0B38288
:1018C000D0F8F000B1F5406F63E100BF82F480030F
:1018D0000B4300F03F8282F400030B4300F0EA81E7
:1018E00082F08072114340F0F38240F60040C4F26F
:1018F0000260D0F8E010C1F30141DFE811F03802D6
:101900003D02F701ED0100BF82F480130B4300F0AC
:10191000578182F40012114340F0DA8240F6004011
:10192000C4F20260D0F8E410490400F1AB81D0F8B1
:10193000E010C1F38161DFE811F0510125028B0154
:10194000CF0100BF82F400530B4300F0518182F4B9
:101950008042114340F0BC8240F60041C4F2026173
:10196000D1F8E400C0F30222042A00F241824BF6CF
:101970008030DFE812F0330251018701AD024102ED
:1019800082F000630B4300F04D8182F080521143DE
:1019900040F09E8240F60041C4F20261D1F8E800B6
:1019A000D1F8F020920700F4004202D5002A00F09E
:1019B000CC80D1F8F00000014FF0000040F18882A7
:1019C000002A00F08582D1F8F000FEE140F60041E7
:1019D000C4F20261D1F8E80000F00700012800F02D
:1019E000CB81002800F060810A68022803D112F43C
:1019F000806240F01882D1F8F020032803D112F061
:101A0000020240F0A2800A6804284FF0000000F0B3
:101A100055825DE240F60040C4F20260D0F8E0106A
:101A200001F0C001402900F0A781002900F09F814A
:101A30000268802903D112F4806240F0F481D0F86A
:101A4000F000C029A5E000BF40F60040C4F20260EB
:101A5000D0F8E01001F03001102900F08D8100294C
:101A600000F085810268202903D112F4806240F0E1
:101A7000DA81D0F8F00030298BE000BF40F600405A
:101A8000C4F20260D0F8E01001F44071B1F5807F3B
:101A900000F07281002900F06A810268B1F5007FD0
:101AA00003D112F4806240F0BE81D0F8F000B1F5AD
:101AB000407F6EE040F60041C4F20261D1F8E000E0
:101AC00000F44060B0F5806F00F05681002800F00F
:101AD0004E810A68B0F5006F03D112F4806240F0C5
:101AE000A2810A68B0F5406F4FF0000000F0E68177
:101AF000EEE100BF40F60040C4F20260D0F8E01012
:101B000001F00C01042900F03781002900F02F8139
:101B10000268082903D112F4806240F08481D0F871
:101B2000F0000C2935E000BF40F60040C4F202602E
:101B3000D0F8F010D0F8F02001F44071920740F195
:101B40003B81B1F5807F40F037814FF4004004B015
:101B500080BD00BF40F60040C4F20260D0F8E01043
:101B600011F4402100F00381D0F8F020B1F5802F6E
:101B700003D112F0006240F026810268B1F5002F17
:101B800003D112F4806240F04E81D0F8F000B1F53C
:101B9000402F00F002024FF0000008BF900304B095
:101BA00080BD00BF40F60040C4F20260D0F8E810EB
:101BB000C1F3C101DFE811F07800E0009A00900065
:101BC00040F60040C4F20260D0F8E010C1F3816139
:101BD000DFE811F00400D8003E008200006846F6FD
:101BE00000418004C0F2DC2101EAE07004B080BD55
:101BF00040F60041C4F20261D1F8E400C0F34212A1
:101C0000042A00F2F5804BF68030DFE812F0E7009E
:101C100005003B006101F50001A8FFF731FC0198C8
:101C200004B080BD40F60040C4F20260D0F8E0107D
:101C30000068800301F0407002D5002800F0F380B6
:101C4000B0F1007F00F0CA80B0F1807F40F0D0801A
:101C500001A8FFF791FA029804B080BD40F6004158
:101C6000C4F20261D1F8E40000F00702042A00F295
:101C7000BF804BF68030DFE812F04B000500C90052
:101C80002B018D0001A8FFF777FA019804B080BD01
:101C900040F60040C4F20260D0F8E810C1F38111B0
:101CA000DFE801F0026A241A04B0BDE8804000F0C9
:101CB000F1BD00BF40F60040C4F20260D0F8E01071
:101CC000C1F30151DFE801F00258120804B0BDE889
:101CD000804000F0BFBD00BF0168890640F18880E8
:101CE0008168090254D4D0F8F400EFE0006884E081
:101CF00040F60041C4F20261D1F8E800C0F30232BC
:101D0000052A00F2BB80DFE802F00337B3B9B9451A
:101D100004B0BDE8804000F067BD00BF40F6004160
:101D2000C4F20261D1F8E00000F44050B0F5805FE9
:101D300022D0E0B10A68B0F5005F02D112F48062EF
:101D400071D10A68B0F5405F4FF0000000F0B68036
:101D5000BEE000BF40F60041C4F20261D1F8E000ED
:101D600000F44040B0F5804F06D0002854D104B0B4
:101D7000BDE8804000F04EBD04B0BDE8804000F0FA
:101D8000A9BD00BF01A8FFF7B9FA029804B080BD51
:101D90008068A0E00868800600F1938028E000BF1A
:101DA0000268920446D5B1F5805F43D143F20060EA
:101DB000C0F26E1004B080BDD0F8F020120147D5FB
:101DC000B1F5007F44D1D0F8F000C0004FF0FA0028
:101DD00058BF4FF4FA4004B080BD00BF01A8FFF720
:101DE0008DFA019804B080BD016889063FF578AF8F
:101DF000002004B080BD00BF086842F200414005E9
:101E0000C0F2F40101EAE07004B080BD01A8FFF760
:101E100037FB029804B080BD0A68B0F5004F47D187
:101E200012F4806244D042F20040C0F2F40004B0E8
:101E300080BD00BF0068B1F5005F00F480624FF024
:101E4000000004BF42F20040C0F2F4000CE000BF0A
:101E50000068B1F5407F00F400324FF0000004BF8D
:101E60004AF22010C0F20700002A08BF10462FE0F7
:101E700001A8FFF743FA039804B080BD00F4E042E4
:101E80000B6842F20040B2F5405FC0F2F40002D1AC
:101E900013F400331CD1096811F4806118BF0146A6
:101EA000B2F5804F18BF0021084604B080BD00BFC6
:101EB0000A68B0F5404F4FF0000009D112F020023F
:101EC00006D08868000205D4D1F8F400000402E0CE
:101ED00004B080BD8868C0F303604EF63061C0F680
:101EE000030151F8200004B080BD00002DE9F04F3F
:101EF00081B00446006840F6E046C107C4F20266BD
:101F00001ED1810724D441072AD4010730D4C10649
:101F100036D481063CD4410642D4010648D4C105DA
:101F20004ED4410254D481055AD4410560D40105F0
:101F300066D440F628488004C4F202686DD494E068
:101F40003168226D21F00301114331608107DAD538
:101F50003168626D21F00C01114331604107D4D525
:101F60003168A26D21F03001114331600107CED5F7
:101F70003168E26D21F0C00111433160C106C8D55E
:101F80003168226E21F44071114331608106C2D55F
:101F9000B168626E21F007011143B1604106BCD502
:101FA0003168A26E21F44061114331600106B6D55B
:101FB0003168E26E21F4405111433160C105B0D562
:101FC000B168226F21F0C0011143B1604102AAD56E
:101FD0003168626F21F44041114331608105A4D51D
:101FE000B168A26F21F440611143B16041059ED5F3
:101FF0003168E26F21F4402111433160010598D529
:10200000B168D4F8802021F440711143B16040F6EA
:1020100028488004C4F2026827D5D4F890004FEA1B
:102020007011042928D8DFE801F003130B1B1B00F3
:1020300004F1080004F0BCFD0546B8B90EE000BF8D
:10204000D8F8001041F48031C8F8001008E000BF53
:1020500004F12C0004F026FE054638B9D4F89000AF
:10206000716821F0E0010843706000256078400647
:1020700006D4284629E000BF012560784006F8D53F
:10208000D4F894004FEA3021042939D82846DFE8F3
:1020900001F0032F0B12120004F1080004F088FD78
:1020A000074698B909E000BFD8F8000040F4803036
:1020B000C8F800002846074640B97068D4F8941064
:1020C00020F4E0600843706000202F466178090624
:1020D00029D5D4F8A4104FEA3131052900F2C68180
:1020E000022911D00546B0B1A178C9071FD13BE044
:1020F00004F12C0004F0D6FD00280746E6D1DCE709
:1021000001200127E2E700BF04F1080004F050FDC0
:1021100000280546E8D1B068D4F8A41020F4E040C7
:102120000843B06000203D46A178C9071CD0D4F810
:102130008810042900F29281DFE811F00C000600FB
:102140007C010C000C0000BFD8F8001041F4803175
:10215000C8F80010074640B97068D4F8881020F01D
:1021600007000843706000202F46A17889071DD51D
:10217000D4F88C104FEA3141042900F27381DFE872
:1021800011F00B00050063010B000B00D8F80010E4
:1021900041F48031C8F80010824640B9B068D4F8E4
:1021A0008C1020F4E0200843B0600020BA46A178EB
:1021B000490701D4574659E0834656F84C0C5FEA6C
:1021C00040790BD456F84C0C40F0040046F84C0C07
:1021D00056F84C0C00F00400009000984FF60047B1
:1021E000CFF6FF7758F8070040F0010048F80700E5
:1021F000FEF79EFB054600BF58F80700C00707D151
:10220000FEF796FB401B0228F6D90320032724E0A3
:102210005846BBF1000F5F461FD1306910F4407083
:1022200012D0D4F8BC1088420BD03069316920F448
:10223000407041F480313161316921F48031316184
:102240003061C00740F01A813069D4F8BC1020F426
:1022500040700843306100205746B9F1000F05D4A3
:1022600056F84C1C21F0040146F84C1CA178C90614
:1022700018D5D4F89C104FEAB161032900F2D08040
:10228000DFE801F00602C20604F1080004F090FC49
:10229000024640B93068D4F89C1020F040600843F2
:1022A000306000203A4621680B031DD5D4F89830E1
:1022B00033B1B3F5005F18BFB3F5805F40F0B48071
:1022C000054658B18A0212D40A0222D4CA0129D47E
:1022D0008A0130D4490137D459E000BF706820F436
:1022E000405018437060002015468A02ECD5D4F89F
:1022F000A020B2F5804F05D1D8F8003043F48033E8
:10230000C8F80030736823F480431A4372600A02ED
:10231000DCD53268D4F8B03022F440121A4332606F
:10232000CA01D5D53268D4F8B43022F440321A4309
:1023300032608A01CED5B268D4F8B83022F01802E3
:102340001A43B260490122D5D4F8AC10B1F5401F50
:102350000ED0B1F5001F05D1D8F8001041F40031BE
:10236000C8F80010074650B1E178090713D436E0E9
:1023700004F1080004F01CFC00280746F4D1706842
:10238000D4F8AC1020F440100843706000202F46B1
:10239000E178090723D5D4F8841059B1B1F1007F51
:1023A00010D0B1F1807F29D1D8F8001041F400316C
:1023B000C8F8001060B1E178C90614D401B0BDE8D6
:1023C000F08F00BF04F1080004F0F2FB0028F2D106
:1023D0003068D4F8841020F04070084330603846EC
:1023E000E178C906EAD5B168D4F8A82021F4004103
:1023F0001143B16001B0BDE8F08F00BF0120E1786A
:10240000C906DBD5EFE700BFD8F8001041F4003172
:10241000C8F80010002802467FF445AF3AE700BF35
:10242000012001223FE700BF012001258A027FF53C
:102430004BAF5CE704F12C0004F034FC00280746A5
:102440007FF493AE88E600BF04F12C0004F02AFC70
:10245000002882467FF4ABAEA0E600BF0120012732
:1024600083E600BF01204FF0010AA0E6012001250C
:10247000A178C9077FF45BAE76E600BFFEF758FA95
:10248000054641F2883B0327306980073FF5DCAE03
:10249000FEF74EFA411B03205945F5D9DDE6000051
:1024A0002DE9F04F81B0002800F01C8142F20008B5
:1024B000C4F202080446D8F800000D4600F00F00F0
:1024C00081420DD9D8F8000020F00F002843C8F849
:1024D0000000D8F8000000F00F00A84240F0028190
:1024E000206840F62049C106C4F202690DD5616931
:1024F000D9F8042002F07002914206D9D9F80420DC
:1025000022F070021143C9F8041001070FD52169A8
:10251000D9F80020702303EA1212914207D9D9F8A2
:10252000002022F4E06242EA0111C9F800104107DC
:102530000DD5E168D9F8002002F07002914206D969
:10254000D9F8002022F070021143C9F80010810769
:102550000DD5A168D9F8002002F00F02914206D9EA
:10256000D9F8002022F00F021143C9F80010C0076B
:1025700074D1206881070DD5A168D9F8002002F038
:102580000F02914206D2D9F8002022F00F02114327
:10259000C9F80010D8F8001001F00F018D420DD2DB
:1025A000D8F8001021F00F012943C8F80010D8F81E
:1025B000001001F00F01A94240F0948041070DD5B1
:1025C000E168D9F8002002F07002914206D2D9F8F1
:1025D000002022F070021143C9F8001001070FD546
:1025E0002169D9F80020702303EA1212914207D220
:1025F000D9F8002022F4E06242EA0111C9F8001083
:10260000C0060DD56069D9F8041001F07001884248
:1026100006D2D9F8041021F070010843C9F804006B
:1026200000F058F9D9F800104EF6985201F00F0159
:10263000C0F60302525C40F20801C2F200010968D0
:1026400040F2680320FA02F2C2F2000308461A6060
:1026500001B0BDE8F04FFEF753BC00BF606840F624
:102660001C47C4F2026798B302282BD0032835D147
:10267000D9F874005FEA407A0BD4D9F8740040F0BE
:102680000400C9F87400D9F8740000F00400009048
:102690000098FEF74DF94FF6F03BCFF6FF7B57F869
:1026A0000B1049036AD4BAF1000F05D4D9F87400AD
:1026B00020F00400C9F8740057F81C0C800111D5F3
:1026C000606813E057F81C0C80030BD502200DE066
:1026D00057F81C0C400705D5002007E057F81C1CD4
:1026E000490503D4012001B0BDE8F08F396821F01D
:1026F000030108433860FEF71BF9616806460329A9
:1027000041F2883A33D0022923D069B9386810F0F1
:102710000C0F3FF42EAFFEF70BF9801B50454FF026
:102720000300F3D9DFE700BF386800F00C0004288D
:102730003FF41FAFFEF7FCF8801B50454FF003003D
:10274000F2D9D0E7FEF7F4F8801B50454FF00300B4
:10275000C9D8386800F00C000828F3D109E700BF99
:10276000FEF7E6F8801B50454FF00300BBD83868F1
:1027700000F00C000C28F3D1FBE600BF064600BFBA
:1027800057F80B0040043FF58EAFFEF7D1F8801BE1
:1027900002284FF00300F3D9A5E700001F220260D2
:1027A00040F62042C4F2026252F8043C03F00303F4
:1027B0004360136803F00F038360136803F0700332
:1027C000C360D2F800C0702303EA1C13036152688F
:1027D00002F07002426142F20000C4F2020000689E
:1027E00000F00F000860704780B500F073F840F605
:1027F0002041C4F2026109684EF6985201F00F01BF
:10280000C0F60302515CC84040F26801C2F2000108
:10281000086080BD80B500F05DF840F62041C4F24C
:1028200002610A684EF6985302F00F02C0F60303E5
:102830009A5CD04040F26802C2F20002106009685F
:102840004EF6A852C1F30211C0F60302515CC84013
:1028500080BD000080B500F03DF840F62041C4F294
:1028600002610A684EF6985302F00F02C0F60303A5
:102870009A5CD04040F26802C2F20002106009681F
:102880004EF6A852C1F30221C0F60302515CC840C3
:1028900080BD000080B500F01DF840F62041C4F274
:1028A00002610A684EF6985302F00F02C0F6030365
:1028B0009A5CD04040F26802C2F20002106049689F
:1028C0004EF6A852C1F30211C0F60302515CC84093
:1028D00080BD000040F62841C4F2026151F80C0CA2
:1028E00010F00C02086815D00C2A04BF00F0030099
:1028F00001280FD051F80C0C9FED350A00F00C00A8
:10290000042842F20040C0F2F4001DD0082A18BF8B
:10291000002019E051F8200C000205D4D1F8CC00B9
:10292000C0F3033003E000BF51F8200C000F4EF657
:102930003063C0F6030353F82000002A00EE100AAB
:1029400018BF0020B8EE400A0C2A18BF7047D1F813
:1029500000C00A680B68C2F303220869013201EE65
:10296000102AC008B8EE411ADB069FED1B2A00EAC8
:10297000E3705FEA8C7258BFB0EE402A82EE010A23
:102980006FF35F3001EE100AC868B8EE411A6FF3BA
:102990005F2002EE100A9FED0F3AB8EE422A21EEB8
:1029A000031AC86831EE021AB7EE002AC0F30660B7
:1029B00031EE021A013020EE010A01EE100AB8EEE3
:1029C000411A80EE010ABCEEC00A10EE100A7047F0
:1029D00000000000000000390024744B002804BFF0
:1029E000012070472DE9F04381B040F69449044638
:1029F000C4F2026959F8780C59F86C1C227800F07E
:102A00000C07D00601F0030822D42078C00779D043
:102A1000082F73D00C2F08BFB8F1030F6ED040F60B
:102A20000046C4F2026661683068B1F5803F00F08C
:102A3000DF82B1F5A81F00F0D382B1F5A02F40F0DE
:102A4000E98240F480203060306820F48010CDE2CC
:102A500017B30C2F08BFB8F1010F1DD040F6004688
:102A6000C4F20266E1693068002900F0CD8140F0CF
:102A700001003060FDF75CFF054600BF306840078D
:102A800000F1D481FDF754FF401B02284FF00300F2
:102A9000F4D900F03ABD00BFE069002800F0D68309
:102AA00040F60045C4F20265666AA86800025ABF93
:102AB000D9F860000004A86800F07040864240F237
:102AC0007781002F40F03983D9F80000400700F1EA
:102AD0001983D9F8000040F00400C9F80000D9F8C3
:102AE000000000F0040000900098FEF73DFBD9F8CC
:102AF000001021F00401C9F8001005E36068002807
:102B000000F0A483207880072FD5042F20D00C2F2D
:102B100008BFB8F1020F1BD040F60046C4F20266AF
:102B2000E1683068002900F0378240F4807030603E
:102B3000FDF7FEFE054600BF306840050CD4FDF7EA
:102B4000F7FE401B02284FF00300F5D900F0DDBC72
:102B5000E068002800F07A8359F8840C216920F499
:102B6000F81040EA014049F8840C207840F600470C
:102B70000007C4F2026771D42078400700F1C680D4
:102B80002078800600F128812078000600F162811B
:102B90002078400600F1AC81A56B002D00F0D284B6
:102BA00059F8780C00F00C000C2840F0618259F8BC
:102BB0006C1C59F8600C012D00F04883E26B01F0A9
:102BC0000303934240F04283226CC1F30323013A92
:102BD000934240F03B83626C01F47041914240F0BB
:102BE0003583A26C01466FF35F21013A914240F0B8
:102BF0002D83E16CC0F3462201398A4240F02683DE
:102C0000216DC0F3064201398A4240F01F83616D95
:102C1000C0F306600139884240F0188359F85C0C13
:102C2000E16DC0F3CC00884200F08C8459F86C0C44
:102C300020F0100049F86C0CFDF77AFE0546FDF710
:102C400077FEA842FBD0E06DC00049F85C0C59F853
:102C50006C0C40F0100000F073BC00BFD9F800000D
:102C60005FEA40780BD4D9F8000040F00400C9F8BE
:102C70000000D9F8000000F00400009000984FF622
:102C80002846CFF6FF76B859C00713D1B85940F09F
:102C90000100B851FDF74CFE054600BFB859C0070A
:102CA00008D1FDF745FE401B0228F7D9032001B0EB
:102CB000BDE8F0836069D9F85C10002800F0E2807C
:102CC000A06901F08052904200F0328301F040622E
:102CD000B2F1006F00F0BA82490140F12283D9F8C5
:102CE0005C0020F0A050C9F85C00FDF721FE05460D
:102CF000D9F85C00000140F11383FDF719FE401B79
:102D000005284FF00300F3D900F0FFBBD9F800000D
:102D10005FEA40780BD4D9F8000040F00400C9F80D
:102D20000000D9F8000000F00400009000984FF671
:102D30002846CFF6FF76B859C00713D1B85940F0EE
:102D40000100B851FDF7F4FD054600BFB859C007B2
:102D500008D1FDF7EDFD401B02284FF00300F5D927
:102D6000D3E300BFA068C10740F0A280D9F85C108F
:102D7000002821F00101C9F85C10D9F85C1021F09D
:102D80000401C9F85C1040F0A180FDF7D1FD0546B3
:102D900041F28836D9F85C00800740F19782FDF750
:102DA000C7FD401BB0424FF00300F3D9ADE300BFB5
:102DB000A868B6F1404F40F40000A860A86820F071
:102DC000704040EA0600A860C0F0AC80E868216A64
:102DD00020F01F000843F7E1E16A3868002900F09D
:102DE000ED8040F480503860FDF7A2FD054600BF3D
:102DF000386880043FF5C8AEFDF79AFD401B0228F5
:102E00004FF00300F4D980E320F001003060FDF7BB
:102E10008FFD0546306840077FF5F7ADFDF788FD6B
:102E2000401B02284FF00300F4D96EE3B06840F471
:102E30000000B060B168606A21F070410143B0F1F8
:102E4000404FB160C0F09880F068216A20F01F0008
:102E5000084337E2216B3868002900F0F78040F41E
:102E600080403860FDF764FD054600BF3868000407
:102E70003FF58EAEFDF75CFD401B02284FF00300CE
:102E8000F4D942E321F0A050C9F85C00FDF750FDF1
:102E9000054600BFD9F85C00000140F15F82FDF7F4
:102EA00047FD401B05284FF00300F3D92DE300BF79
:102EB000D9F85C10400705D541F00400C9F85C0062
:102EC000D9F85C1041F00100C9F85C00FDF730FD55
:102ED000054641F2883600BFD9F85C00800731D43E
:102EE000FDF726FD401BB0424FF00300F4D90CE380
:102EF000606B002800F0F280B86840F40000B86011
:102F0000B968D4E9090221F07061B0F1404F41EA9B
:102F10000201B960C0F04481F868216A20F01F0006
:102F20000843DFE2B6F1FF3F40F32881E968206AF9
:102F3000B6F1804FC0F0448121F4F84141EA80208D
:102F400042E100BFA168D9F85C00090600F1B28037
:102F500020F0800041F28836C9F85C00D9F85C00A6
:102F6000000540F1B881FDF7E3FC401BB0424FF093
:102F70000300F3D9C9E200BFB0F1FF3F40F3728113
:102F8000F268216AB0F1804FC0F0988122F4F840D5
:102F900040EA812096E100BF20F480703060FDF7A8
:102FA000C7FC0546306840057FF5DFADFDF7C0FC86
:102FB000401B02284FF00300F4D9A6E220F4805011
:102FC0003860FDF7B5FC0546386880047FF5DCAD58
:102FD000FDF7AEFC401B02284FF00300F4D994E249
:102FE00040F480203060306840F4801030603068F9
:102FF00040F480303060FDF79BFC0546306880036C
:103000003FF580ADFDF794FC401B64284FF00300B2
:10301000F4D97AE220F4803030603068002920F45E
:1030200080203060306820F480103060E3D1FDF7FC
:103030007FFC0546306880037FF564ADFDF778FCC2
:10304000401B64284FF00300F4D95EE220F4804076
:103050003860FDF76DFC0546386800047FF598ADD3
:10306000FDF766FC401B02284FF00300F4D94CE248
:10307000386820F080703860FDF75AFC022D054654
:103080000CD13868800140F17581FDF751FC401B7F
:1030900002284FF00300F4D937E200BF38688001FE
:1030A00040F1F681FDF744FC401B02284FF003007D
:1030B000F4D92AE240F0800041F28836C9F85C0079
:1030C000D9F85C00000500F10681FDF731FC401BDA
:1030D000B0424FF00300F3D917E200BF386820F088
:1030E00010003860FDF724FC054600BF38688006F4
:1030F0007FF552ADFDF71CFC401B02284FF003008A
:10310000F4D902E2FEF730F820F48031B1F5003F47
:103110003CD10021B6F1805F38BF012142F20000AE
:10312000C4F20200026822F00F020A440260006842
:1031300000F00F00884240F08980A86840F4000049
:10314000A860A968606A21F070410143B0F1404F66
:10315000A96005D3E868216A20F01F0008438DE0CC
:10316000B0F1FF3F76DDEA68216AB0F1804FC0F030
:10317000818022F4F84040EA81207FE0E868216AFB
:1031800020F4787040EA41101EE000BF0021B1EB4E
:10319000167F40F0AD80B0F5803F57D10321BDE7E9
:1031A000B0F1FF3F40F37C81FA68216AB0F1804FB3
:1031B000C0F0948122F4F84040EA812092E100BFFF
:1031C00021F4782141EAC030002FE86057D1D9F8C6
:1031D0000000400714D4D9F8000040F00400C9F8FA
:1031E0000000D9F8000000F0040000900098FDF7FE
:1031F000BBFFD9F8001021F00401C9F8001001E06C
:10320000FDF7B2FF20F48031B1F5003F14D1002169
:10321000B6F1805F38BF012142F20000C4F2020023
:10322000026822F00F020A440260006800F00F00FA
:10323000884224D00AE000BF0021B1EB167F63D1A1
:10324000B0F5803F02D10321E6E700BF012001B0C5
:10325000BDE8F083E868216A20F4787040EA411004
:103260000CE000BFF068216A20F4787040EA411059
:1032700028E000BF22F4782040EAC130E860FFF780
:1032800029FB59F8741C4EF6985201F00F01C0F654
:103290000302515C40F2680220FA01F140F208009A
:1032A000C2F200000068C2F200021160FDF728FEC1
:1032B000002840F02A81FFF7A8BB00BF22F4782045
:1032C00040EAC130F060FFF7A0BB00BFD9F85C0056
:1032D000000600F1ED80B8F1000F3FF551ACD9F8D0
:1032E000000020F00400C9F80000FFF749BC00BF4F
:1032F000B6F1005F40F20C8100287FF40FAFB6F109
:10330000405F98BF012109E7B6F1005F40F20A81F2
:1033100000287FF481AFB6F1405F98BF01217BE7C1
:10332000A069D9F85C1021F080510843C9F85C000D
:10333000D9F85C0040F08060C9F85C00FDF7F8FA4D
:10334000054600BFD9F85C00000107D4FDF7F0FA8C
:10335000401B05284FF00300F4D9D6E0B8F1000F68
:103360003FF50AACD9F8000020F00400C9F80000CD
:10337000FFF702BCD9F800005FEA407C0BD4D9F813
:10338000001041F00401C9F80010D9F8001001F054
:103390000401009100994FF60C48CFF6FF7857F8DA
:1033A00008E057F808304FF6037623F4802347F8F7
:1033B000083059F86C3CD4E91102B343D4E90F65E5
:1033C0006FF0FF013343184301EB05214FF47E43B7
:1033D000084349F86C0C59F8600C0021C8F28001D0
:1033E0000840511EE26C4FF4FE0503EB4222236DB0
:1033F0006FF35F2105EB0343656D92B24FF0FE461C
:1034000006EB0565084403F4FE03104405F0FE4591
:103410001844284449F8600C59F86C0C20F010004E
:1034200049F86C0CE06DC00049F85C0C59F86C0C64
:1034300040F0100049F86C0C59F86C0CA16D20F0AC
:103440000C0008435FEA4E3149F86C0C05D557F87B
:10345000080040F4802047F80800BCF1000F05D4B4
:10346000D9F8000020F00400C9F80000386840F0E6
:1034700080703860FDF75CFA0446386880015BD4E0
:10348000FDF756FA001B02284FF00300F5D93CE087
:1034900059F86C0C4FF6FC71CFF6F87108404FE00C
:1034A000F868216A20F4787040EA41101AE000BF01
:1034B000D9F85C0041F2883620F08000C9F85C0041
:1034C000D9F85C0000057FF506AFFDF731FA401B27
:1034D000B0424FF00300F3D917E000BF22F4782088
:1034E00040EAC130F860386840F010003860FDF7FD
:1034F0001FFA0546386880063FF54EABFDF718FA0F
:10350000401B02284FF00300F4D901B0BDE8F0835E
:10351000B6F1805F1AD10221B0F5803F08BF0121CA
:10352000FCE500BFB6F1805F12D10221B0F5803F0B
:1035300008BF012170E600BF59F86C0C40F48020F0
:1035400049F86C0C002001B0BDE8F0830121E5E5ED
:10355000012161E690F88920012A1DD190F8882088
:10356000012A4FF0020218D080F8892002681368FF
:1035700023F001031360D1E900C3896803F47023C9
:1035800043EA0C031943D1610121002280F889101C
:1035900080F88820104670470122104670470000CE
:1035A000002804BF012070472DE9F04381B0016875
:1035B00042F2000C41F08054C5F2006C00226445D8
:1035C000826203D1C2680F2A01D92CE0C268C46BA1
:1035D000012303EB54130832D20803FB02F242F238
:1035E0000003C4F20063994201D0614501D1082A69
:1035F00019D843F60003C4F20003994211D043F2F4
:103600000003C4F2010399420BD043F20003C5F258
:103610000103994205D043F60003C5F20003994225
:1036200006D1102A04D9012001B0BDE8F08300BF03
:1036300090F8891031B9002180F88810044600F014
:103640007FF82046022180F88910D0E90019D0F8CF
:1036500018E00B68BEF1806F23F001030B608B68EC
:1036600003F4F81C10D1B9F1000F05D0B9F5800FA3
:103670000AD1836B73B903E0836BB3F1805F06D12A
:103680000B6843F480530B605FEA492302D44FF088
:1036900001080DE0C368072B08D30C68056D24F4FE
:1036A00080742C430C604FF0000806E04FF00008D7
:1036B0000B6823F480730B60C368C669876AC46BA8
:1036C00046EA0C06374327433B438568D0E904624A
:1036D0008B60D0E90D34476AB8F1000F43EA070365
:1036E00043EA0403D0E9124743EA0603066A42EAC2
:1036F000030242EA060242EA070242EA0502836D39
:1037000042EA0402C76D42EA0302036E42EA07027C
:1037100042EA030242EA0E0242EA0902CA6005D105
:10372000CA68436D22F000421A43CA600021C0F803
:103730008C10012180F88910002001B0BDE8F083D1
:10374000B0B5B8B0044602A800250830B8213795B6
:10375000CDE93555CDE93355FCF7E4FD206843F25A
:103760000001C4F20101884202D038B0B0BD00BFF0
:103770004FF4000002904FF480102E9002A80395A1
:10378000FEF7B4FB002818BFFCF758FE40F68C404B
:10379000C4F20260816941F480518161816901F460
:1037A000805101910199016841F0010101600068B7
:1037B00033A900F0010001900198E020339002202D
:1037C000349000203590032036900520379000205B
:1037D000C4F20220FCF784FF38B0B0BD2DE9F047F9
:1037E000D0F800901D46174604460E46FDF7A0F897
:1037F00094F8891001290DD18046002E4FF0010068
:1038000018BF002F02D1BDE8F08700BF94F88800F0
:10381000012803D10220BDE8F08700BF0121032069
:10382000002284F8881084F88900C4F88C20666629
:10383000A4F86870A4F86A70E266A4F87020A4F88E
:103840007220A068A267B0F5C02F2068E26705D19A
:10385000016841F40061016004E000BFC26861F3E7
:103860005242C26041684FF6FF7291433944416051
:10387000016841F001010160C169890207D46168F2
:10388000B1F5800F03D1016841F400710160E16876
:10389000102911D343F2FF71C5F20001884257DCB1
:1038A00043F60001C4F2000188425DD043F20001FA
:1038B000C4F2010156E000BF072900F2A180B4F86C
:1038C0006A00002800F0CE804FF6FE706E1CA0F15A
:1038D000020A471C10E000BF616E51F8042B02621F
:1038E00050466166B4F86A100844A4F86A00B4F857
:1038F0006A00002800F0B68020684169890709D471
:10390000FDF716F8002EF2D0A0EB0800A842EED387
:103910004AE000BFB4F86A10042902D3E16B4129E0
:10392000DAD2B4F86A1001290AD9E26B616E42B1A9
:1039300031F8020BA9F820004FF6FE70D1E700BF66
:10394000616E097880F82010606E411C3846C8E727
:1039500043F20001C5F20101884205D043F600019F
:10396000C5F2000188424BD1B4F86A00002879D032
:10397000681C0FD130E000BF616E51F8042B026269
:103980006166B4F86A000138A4F86A00B4F86A0005
:10399000002867D0206841698907EDD4FCF7C8FF8B
:1039A000A0EB0800A842F1D3204603F0F5F9D4F8C3
:1039B0008C0040F48070C4F88C00012084F88900E9
:1039C000002084F888000320BDE8F087FCF7B0FFF2
:1039D000B4F86A00002845D0206841698907F5D508
:1039E000616E51F8042B02626166B4F86A00013816
:1039F000A4F86A00B4F86A000028EDD132E000BFF4
:103A0000B4F86A0070B34FF6FE706E1C471C10E0ED
:103A1000E26B606EFAB150F8042B0A624FF6FE7149
:103A20006066B4F86A000844A4F86A00B4F86A0052
:103A3000C0B121684869800708D4FCF779FF002EDF
:103A4000F4D0A0EB0800A842F0D3ADE7B4F86A00C8
:103A50000128DDD8606E30F8021BA9F82010394625
:103A6000DEE700BF681C13D020684069000713D44C
:103A7000FCF75EFFA0EB0800A842F5D3D4F88C0059
:103A800040F02000C4F88C0006E000BFFCF750FFB7
:103A9000206840690007F9D5204603F07DF9012030
:103AA00084F88900002084F88800D4F88C0000286D
:103AB00018BF0120BDE8F087042888BF7047DFE801
:103AC00000F0031B13352D004EF21000CEF2000063
:103AD000016821F00401016040F6E040C4F2026098
:103AE000016821F4400120E04EF21000CEF2000007
:103AF0000168022206E000BF4EF21000CEF2000084
:103B00000168012221F00401016040F6E040C4F2A6
:103B10000260016862F3975107E000BF4EF21000A7
:103B2000CEF20000016841F004010160704700001E
:103B300070470000704700007047000070470000A9
:103B4000704700007047000090F83C20012A4FF0B9
:103B5000020200F0A68010B580F83D20026842F60F
:103B6000FF33D2F804E0D2F808C0C5F201039A424C
:103B70000CDC42F60043C4F201039A4212D043F235
:103B80000043C4F201039A420CD010E043F2004318
:103B9000C5F201039A4205D042F60043C5F2010383
:103BA0009A4204D14C682EF4700344EA030E4FF697
:103BB0008F73CFF6FF530C6803EA0E032343B2F171
:103BC000A04F536016DA40F6FF33C4F200039A4266
:103BD00026DD43F2FF33C4F201039A423CDC40F697
:103BE0000043C4F200039A424ED042F60043C4F2AE
:103BF000010347E040F6FF33C5F200039A421DDDA2
:103C000043F2FF33C5F201039A4231DC40F6004330
:103C1000C5F200039A4237D042F6004330E000BFBD
:103C2000B2F1804F30D040F20043C4F200039A4218
:103C30002AD040F60003C4F2000323E0B2F1A04F03
:103C400022D040F20043C5F200039A421CD040F655
:103C50000003C5F2000315E043F20043C4F2010380
:103C60009A4211D044F20003C4F201030AE000BFFB
:103C700044F20003C5F201039A4205D043F2004327
:103C8000C5F201039A4204D189682CF080031943DC
:103C900091600121002280F83D1080F83C20BDE8B1
:103CA000104010467047000070470000002804BF15
:103CB0000120704710B5044690F83D0028B9002057
:103CC00084F83C00204600F023F8022084F83D00F0
:103CD0002068211D03F016F9012084F8480084F8BB
:103CE0003E0084F83F0084F8400084F8410084F8E6
:103CF000420084F8430084F8440084F8450084F8C6
:103D0000460084F8470084F83D00002010BD000004
:103D1000006841F20001C4F20001884218BF7047F8
:103D200080B582B040F69C40C4F202600168002277
:103D300041F0100101600068052100F010000190C1
:103D400001983120FDF756F9312002B0BDE88040DE
:103D5000FDF73EB990F83D10012921D1022180F8EC
:103D60003D100168C868B1F1A04F40F00100C86083
:103D700018DA40F6FF30C4F20000814228DD43F239
:103D8000FF30C4F2010081423EDC40F60040C4F244
:103D90000000814250D042F60040C4F2010049E0E8
:103DA0000120704740F6FF30C5F2000081421DDD62
:103DB00043F2FF30C5F20100814231DC40F60040A1
:103DC000C5F20000814237D042F6004030E000BF2B
:103DD000B1F1804F30D040F20040C4F20000814287
:103DE0002AD040F60000C4F2000023E0B1F1A04F59
:103DF00022D040F20040C5F2000081421CD040F6C3
:103E00000000C5F2000015E043F20040C4F20100DA
:103E1000814211D044F20000C4F201000AE000BF68
:103E200044F20000C5F20100814205D043F2004097
:103E3000C5F2010081420DD188680722C0F201025B
:103E40000240062A4FF0000018BFB2F5803F01D1B2
:103E5000704700BF086840F001000860002070470C
:103E600070470000F0B581B004460068C568066977
:103E7000B10717D515F0020114D06FF002010161EE
:103E8000012121778069800704D02046FFF7E8FFF1
:103E900006E000BF204600F0CBF8204600F0CAF84C
:103EA00000202077700719D515F0040016D020687F
:103EB0006FF00401016102212177806910F4407FD5
:103EC00004D02046FFF7CCFF06E000BF204600F0FC
:103ED000AFF8204600F0AEF800202077300717D565
:103EE00015F0080014D020686FF00801016104216A
:103EF0002177C069800703D02046FFF7B1FF05E0B6
:103F0000204600F095F8204600F094F80020207735
:103F1000F00619D515F0100016D020686FF01001CA
:103F2000016108212177C06910F4407F04D0204648
:103F3000FFF796FF06E000BF204600F079F8204624
:103F400000F078F800202077F00718BF15F0010086
:103F500006D020686FF001010161204600F06CF886
:103F600016F4025F05F0800718BF002F02D1F0059C
:103F700009D410E020686FF4025101612046FFF778
:103F8000D9FDF00507D537B120686FF48071016164
:103F90002046FFF7CDFD700609D515F0400006D08C
:103FA00020686FF040010161204600F05BF8B00628
:103FB00009D515F0200006D020686FF020010161BE
:103FC0002046FFF7B9FDF00209D515F4801006D0A0
:103FD00020686FF4801101612046FFF7B1FDB00247
:103FE00009D515F4001006D020686FF400110161A6
:103FF0002046FFF7A3FD700209D515F4800006D016
:1040000020686FF4800101612046FFF79BFD3002BC
:104010000CD515F4000009D021686FF40002204689
:104020000A6101B0BDE8F040FFF73EBE01B0F0BD4F
:104030007047000070470000B0B50446006841F2C8
:104040000005C4F20005A84203D101202EF020FE95
:10405000206805F58E31884218BFB0BDBDE8B0407C
:10406000FCF712BF7047000090F88410012904BFCC
:10407000022070472421C0F8881001680A680B6884
:1040800022F0005223F001030B60002343660A6014
:104090002021C0F8881080F884300020704700008C
:1040A000D0F88C30202B1CBF0220704710B504467E
:1040B00000294FF0010018BF002A01D110BD00BF38
:1040C000206883685B0603D5836823F04003836020
:1040D0000120E06600202067204603F073FFE16EB8
:1040E0000120012918BF10BD20681021016200BF06
:1040F000206850E8000F216840F0100041E80002FD
:10410000DAB1206850E8000F216840F0100041E863
:10411000000292B1206850E8000F216840F01000C2
:1041200041E800024AB1206850E8000F216840F0E1
:10413000100041E80002002ADAD1002010BD000082
:10414000006844F60002C4F2000290420A4613D00E
:1041500045F20001C4F20001884209D043F6000193
:10416000C4F20101884204BF104602F021BC70472E
:10417000104601F0DDBE00BF80B582B00020019086
:1041800062B140F2B000C2F20000006830B140F607
:10419000541101ABC2F2000139F0E0FD40F6C45009
:1041A00040F65411C2F20000C2F200014FF4007256
:1041B000FFF776FF019830B14EF60450CEF20000C2
:1041C0004FF08051016002B0BDE8804070470000B0
:1041D0007047000090F88420012A04BF0220704735
:1041E000B0B52422C0F888200268D0F864E0D2F884
:1041F00000C01368BEF1000F23F001031360936841
:1042000023F0606341EA0301916019D093689168DB
:104210004FF2380E490FC0F6030E4FF240051EF85C
:104220000140C0F60305C3F34263695CE400B4FBDC
:10423000F1F11EF80340EB5CE500B5FBF3F301E0A0
:1042400001210123A0F86A102021A0F86830C2F8EB
:1042500000C0C0F88810002180F884100020B0BD94
:1042600090F88420012A04BF02207047B0B52422B0
:10427000C0F888200268D0F864E0D2F800C0136863
:10428000BEF1000F23F001031360936823F0604335
:1042900041EA0301916019D0936891684FF2380E9A
:1042A000490FC0F6030E4FF240051EF80140C0F65C
:1042B0000305C3F34263695CE400B4FBF1F11EF84B
:1042C0000340EB5CE500B5FBF3F301E001210123C2
:1042D000A0F86A102021A0F86830C2F800C0C0F829
:1042E0008810002180F884100020B0BD70470000C5
:1042F000006844F60001C4F20001884224D043F66D
:104300000001C4F20101884212D045F20001C4F25A
:104310000001884218BF704740F6586040F2507163
:10432000C2F20000C2F200014FF40072FFF7B8BE03
:1043300040F6305040F23951C2F20000C2F20001A2
:104340008022FFF7ADBE00BF40F6C45040F65411C6
:10435000C2F20000C2F200014FF40072FFF7A0BEEB
:1043600070B5026840F62F04D369116896681C4046
:10437000202C0BD101F0200406F080552D1916D009
:10438000416F61B3BDE87040084700BF40F60F05BC
:104390002B420CD00125C1F2000506EA050C40F2C3
:1043A0002015C0F200450D4015EB0C0556D1C46E2A
:1043B000DD0615D5012C13D111F0100510D01021F8
:1043C00011629168490655D4B0F85C10B0F85E20CF
:1043D000B0F85E30002B18BF914240F00B8270BDE8
:1043E0001A0606D501F0800206F40006921940F084
:1043F000F3805A0640F1D88011F0400200F0D480DA
:10440000016851E8001F026821F0400142E80013F2
:10441000DBB1016851E8001F026821F0400142E869
:10442000001393B1016851E8001F026821F04001B8
:1044300042E800134BB1016851E8001F026821F007
:10444000400142E80013002BDAD12021C0F8881087
:1044500000218167BDE8704000F02EBCDD0718BF69
:1044600011F4807540F0CC809D0706F0010E00F13C
:10447000D380DCE0D0F8802011688B6CB0F85C4011
:1044800099B2002900F09A80A14280F09780A0F8AC
:104490005E30116D81297BD0016851E8001F0268F0
:1044A00021F4807142E80013BBB3016851E8001F9A
:1044B000026821F4807142E8001373B3016851E887
:1044C000001F026821F4807142E800132BB30168D9
:1044D00051E8001F026821F4807142E80013002BAC
:1044E000DAD11AE0016851E8021F026821F00101E7
:1044F00042E80213DBB1016851E8021F026821F0B3
:10450000010142E8021393B1016851E8021F0268F9
:1045100021F0010142E802134BB1016851E8021F8A
:10452000026821F0010142E80213002BDAD12021B8
:10453000C0F88C100021C166016851E8001F0268B4
:1045400021F0100142E80013DBB1016851E8001FBF
:10455000026821F0100142E8001393B1016851E8AC
:10456000001F026821F0100142E800134BB10168FE
:1045700051E8001F026821F0100142E80013002BEF
:10458000DAD1D0F8801004460846FCF72DF8204612
:1045900002210167B0F85C10B0F85E20891A89B278
:1045A000BDE87040FFF7CCBD1A021DD511F0804266
:1045B0001AD0BDE87040FFF799BE00BF8C427FF46F
:1045C0000EAF126D812A7FF40AAF02220267BDE8A6
:1045D0007040FFF7B5BD00BF816F00293FF4FFAE0B
:1045E000BDE87040084700BFDA017FF5F8AEB1F1D1
:1045F000FF3FC8BF70BDBDE87040FFF7E9BD00BF19
:1046000001251562D0F8905045F00105C0F8905092
:104610009D0706F0010E0AD5BEF1000F07D0022457
:104620001462D0F8904044F00404C0F890405C0755
:104630000AD5BEF1000F07D004251562D0F89050BE
:1046400045F00205C0F890501D070CD501F020057B
:1046500055EA0C0507D008251562D0F8905045F0B2
:104660000805C0F890501D050BD511F0806508D0E5
:104670004FF400651562D0F8905045F02005C0F861
:104680009050D0F89050002D3FF4A9AE9B060BD56A
:1046900001F0200106F08053C91805D0416F19B10F
:1046A0000446884722682046D0F89010926801F0AE
:1046B000280102F04002891806D10446FFF718FECF
:1046C0000020C4F8900070BD016851E8001F026826
:1046D00021F4907142E80013DBB1016851E8001F3A
:1046E000026821F4907142E8001393B1016851E827
:1046F000001F026821F4907142E800134BB1016879
:1047000051E8001F026821F4907142E80013002B69
:10471000DAD14FF6FE71CEF6FF7100BF026852E8A3
:10472000022F03680A4043E80226C6B1026852E835
:10473000022F03680A4043E8022686B1026852E865
:10474000022F03680A4043E8022646B1026852E895
:10475000022F03680A4043E80226002EDED1C16E14
:10476000012924D1016851E8001F026821F01001DD
:1047700042E80013DBB1016851E8001F026821F034
:10478000100142E8001393B1016851E8001F02686C
:1047900021F0100142E800134BB1016851E8001FFD
:1047A000026821F0100142E80013002BDAD1202129
:1047B000C0F88C100021C166026841679168490603
:1047C00040F19880D0F88010002900F0938047F2E3
:1047D000E532C0F6000204460846CA66FBF758FFF9
:1047E00000283FF4FCADD4F88000C16EBDE87040F5
:1047F000084700BF891A00BF026852E8002F03680B
:1048000022F4907243E80026DEB1026852E8002FDD
:10481000036822F4907243E8002696B1026852E8D9
:10482000002F036822F4907243E800264EB102681C
:1048300052E8002F036822F4907243E80026002E0D
:10484000DAD14FF6FE72CEF6FF7200BF036853E86E
:10485000023F0668134046E80235C5B1036853E8D5
:10486000023F0668134046E8023585B1036853E805
:10487000023F0668134046E8023545B1036853E835
:10488000023F0668134046E80235002DDED12022A3
:10489000C0F88C200022C266426700BF026852E85E
:1048A000002F036822F0100243E80026DEB1026800
:1048B00052E8002F036822F0100243E8002696B168
:1048C000026852E8002F036822F0100243E8002635
:1048D0004EB1026852E8002F036822F0100243E84C
:1048E0000026002EDAD1022289B20267BDE87040AC
:1048F000FFF726BCBDE87040FFF7FABC10B5D8B191
:104900000446D0F8880028B9002084F884002046A6
:1049100000F026F82420C4F888002068A16A026804
:10492000002922F0010202601CBF204602F030FC88
:10493000204603F041FA08B1012010BD2168486803
:1049400020F490404860886820F02A008860086859
:1049500040F0010220460A60BDE8104002F08CBC25
:10496000F0B5B7B00446002502A8C0213695CDE9C0
:104970003455CDE93255FBF7D5FC206844F60001EB
:10498000C4F20001884200F0858043F60001C4F2C1
:10499000010188424CD045F20001C4F20001884276
:1049A00040F0B28010200025029002A80395FDF788
:1049B0009DFA002818BFFBF741FD40F68C40C4F279
:1049C0000260016940F6000441F48011016101694F
:1049D000C4F2022401F480110191019901680226B8
:1049E00041F0040101600168082701F00401019110
:1049F0000199016841F008010160006832A900F0E6
:104A00000800019001984FF4805032902046CDE983
:104A1000336535953697FBF763FE0420CDE9320602
:104A2000CDE93455369704F58060412461E000BF3C
:104A300001200024029002A80394FDF757FA0028F1
:104A400018BFFBF7FBFC40F68C40C4F202608169A2
:104A500041F480418161816901F4804101910199B2
:104A6000016841F001010160006800F0010001905F
:104A700001984FF4C06032900220CDE93304072042
:104A8000369040F60000C4F202203594A0F5006094
:104A90003D242EE00420029002A80395FDF726FA9B
:104AA000002818BFFBF7CAFC40F68C40C4F2026035
:104AB00001693F2441F480210161016901F48021F1
:104AC00001910199016841F004010160006800F062
:104AD0000400019001984FF48460329002203390DA
:104AE0000020CDE934000720369040F60000C4F2E3
:104AF000022032A9FBF7F4FD204605210022FCF735
:104B000079FA2046FCF764FA37B0F0BD7047000030
:104B10002DE9F0410446D0F8880020281CBF02206F
:104B2000BDE8F08100294FF0010018BF002A01D133
:104B3000BDE8F0812068884681681D461646090652
:104B400003D5816821F0800181600020C4F89000C5
:104B50002120C4F88800FBF7EBFEA4F85460A4F809
:104B60005660A1680646B1F5805F02D12069002831
:104B700064D047460020B4F856202168002A65D04A
:104B80006A1C26D0002D51D0804600BFC86900069F
:104B900008D4FBF7CDFE801BA84200F2818021687B
:104BA0000868F3E717B117F8010B04E038F8020BB7
:104BB00000276FF35F208862B4F856000138A4F82C
:104BC0005600B4F856000028E0D13FE0CA6912064A
:104BD00009D4CA69120606D4CA6912065CBFCA693A
:104BE0005FEA0262F2D51FB117F8012B05E000BFA2
:104BF00030F8022B00276FF35F228A62B4F8562048
:104C0000013AA4F85620B4F85620002AE1D11DE05C
:104C100030F8022B00276FF35F228A62B4F8562027
:104C2000013AA4F85620B4F856207AB1CA6912069F
:104C300034D5002FECD017F8012BEEE700274046C3
:104C4000B4F856202168002A7FF49AAFC86940065C
:104C50001ED41DB3681C14D1C869400626D4C86987
:104C6000400623D4C869400620D4C86940064FF0E6
:104C70000000F1D50DE000BF20680168C069400662
:104C800014D4FBF755FE801BA842F5D908E000BFFD
:104C900000202021C4F88810BDE8F081FBF748FE11
:104CA00003202021C4F88810BDE8F08100202021D5
:104CB000C4F88810BDE8F08170470000FEE70000EE
:104CC00070B50446006815468369DA0602D40021EF
:104CD000002266E00E461021C161816989065CD41C
:104CE000711C50D02EBBFBF723FE2068426894F85D
:104CF000421083691B040BD512F4804208D120298D
:104D000006D0416841F480414160FBF711FE054641
:104D100020688169890605D4FBF70AFE401B1A2822
:104D2000F6D328E081698906DDD536E081698906F8
:104D300033D4FBF7FDFD411B2068B142F6D9426830
:104D400094F8421083691B040CD512F4804209D1F7
:104D5000202907D0416841F480414160FBF7E8FD1C
:104D6000054600BF206881698906DFD4FBF7E0FDB6
:104D7000401B1A28F6D3206801228169242110E003
:104D80008169890609D48169890606D48169890601
:104D90005CBF81695FEA8161F2D52021C161012296
:104DA00004218369DE0505D54FF4807241F00101CD
:104DB000C26101225E0507D49B050CD4002A04BF02
:104DC000002070BD0CE000BF41F008014FF480628C
:104DD0009B05C26104D541F002014FF40072C2612B
:104DE0008269920744BF002282628269D20703D19E
:104DF000826942F00102826142684EF60003CFF6FA
:104E000000631A404260606C08436064202084F8AC
:104E10004100002084F8420084F84000012070BD69
:104E20002DE9F0410446006880690840401AB0FA54
:104E300080F0400982423BD1DDF8188015460E46CD
:104E40001F46581C20D0002F3ED100BF2046002115
:104E50004246FFF735FF00281CBF0120BDE8F08166
:104E6000FBF766FD206881693140891BB1FA81F149
:104E700049098D4241D080693040801BB0FA80F0F2
:104E800040098542E2D013E020464FF0FF31424610
:104E9000FFF716FF00281CBF0120BDE8F081206845
:104EA00080693040801BB0FA80F040098542EBD029
:104EB0000020BDE8F08100BF80693040801BB0FA5F
:104EC00080F040098542F3D1204639464246FFF73B
:104ED000F7FE00281CBF0120BDE8F081FBF728FD8C
:104EE000A0EB08012068B942E6D981693140891BED
:104EF000B1FA81F149098D42DED1606C40F02000A9
:104F00006064202084F84100002084F8420084F886
:104F100040000120BDE8F0812DE9F04F81B004464A
:104F200000684FF000088069002740074BD44EF618
:104F3000000915468A464FF0200BCFF6006900BFE6
:104F4000204651462A46FFF7BBFE216800288A69A1
:104F5000074618BF012792061BD5D0B988698A6910
:104F6000D20605D4400748BF4746C4F8448010E045
:104F70001020C86104206064C1F81CB04868012793
:104F800000EA0900486084F841B084F8428084F85F
:104F900040805646BAF1000F18BF0126FBF7C8FC47
:104FA000401B0021504598BF012120680E4208BFD8
:104FB000002F03D181690027490709D5806940077F
:104FC00001D4002FBCD0384601B0BDE8F08F00BF3F
:104FD000616C41F020016164202184F8411084F863
:104FE000407080690127384601B0BDE8F08F0000AD
:104FF00070B5044600688069800635D415460E46B3
:1050000019B928E0806980062ED4204631462A4608
:10501000FFF756FE30BBFBF78BFC411B2068B1420B
:10502000F0D981698906EDD4606C40F0200060649D
:10503000202084F84100002084F8420084F84000D9
:10504000012070BDFBF774FC206881698906EBD5EF
:105050008069800608D4204600212A46FFF730FEEA
:105060000028EFD0012070BD002070BD70B504464F
:1050700000688069800727D415460E46481C15D065
:105080003EBB00BF204600212A46FFF719FE00283C
:105090001CBF012070BDFBF74BFC206881698907AC
:1050A00029D580698007EDD50EE000BF20464FF07E
:1050B000FF312A46FFF704FE00281CBF012070BD07
:1050C000206880698007F1D5002070BD8069800765
:1050D000FAD4204631462A46FFF7F2FD00281CBFCD
:1050E000012070BDFBF724FC411B2068B142EDD9C3
:1050F00081698907EAD4606C40F020006064202058
:1051000084F84100002084F8420084F84000012027
:1051100070BD0000F0B583B040F2DC37C2F200078A
:10512000F9883A8940BA02FB01F6B978ADF8030074
:1051300000200024ADF80700ADF80500002918BFD5
:105140002A21C4F202248DF80910204610210022E1
:10515000FBF7E8FB40F60845C2F200050DF1090136
:10516000284601220123FEF739FB204610210122A7
:10517000FBF7D8FB0DF10701284602220123FEF7B9
:105180002DFB38791021002818BF2B208DF80A003C
:1051900020460022FBF7C6FB0DF10A01284601223A
:1051A0000123FEF71BFB204610210122FBF7BAFB6F
:1051B0000DF10501284602220123FEF70FFB387886
:1051C0001021002818BF2C208DF80B00204600224B
:1051D000FBF7A8FB0DF10B01284601220123FEF786
:1051E000FDFA204610210122FBF79CFB76B140F628
:1051F0000844C2F200040DF1030500BF2046294611
:1052000002220123FEF7EAFA013EF7D103B0F0BD16
:105210002DE9F04184B04FF4A071002808BFF021BF
:105220004FF0F00040F2DC3608BF4FF4A0706FF092
:105230005707C2F2000608BF082730810120002569
:105240003070B07030713620C4F20225F1808DF8D4
:1052500004002846102100224FF00008FBF762FBF3
:1052600040F60844C2F2000401A9204601220123AD
:10527000FEF7B4FA284610210122FBF753FB0DF18B
:1052800005012046012201238DF80570FEF7A6FADC
:105290002A208DF80600284610210022FBF742FB49
:1052A0000DF10601204601220123FEF797FA284658
:1052B00010210122FBF736FB0DF1070120460122E8
:1052C00001238DF80780FEF789FA02A92046012202
:1052D00001238DF80880FEF781FAF0880DF10901AD
:1052E0000138000A8DF80900204601220123FEF74B
:1052F00075FAB0790DF10A0101388DF80A002046DF
:1053000001220123FEF76AFA2B208DF80B002846B4
:1053100010210022FBF706FB0DF10B0120460122B4
:105320000123FEF75BFA284610210122FBF7FAFA67
:1053300003A92046012201238DF80C80FEF74EFAC6
:105340000DF10D012046012201238DF80D80FEF79D
:1053500045FA30890DF10E010138000A8DF80E0072
:10536000204601220123FEF739FA307A0DF10F01B0
:1053700001388DF80F00204601220123FEF72EFA96
:1053800004B0BDE8F08100002DE9F04F81B00024A9
:10539000C4F2022420464FF4807101224FF001082C
:1053A000FBF7C0FA0120FBF787F920464FF4807124
:1053B00000220026FBF7B6FA5020FBF77DF92046C5
:1053C0004FF480710122FBF7ADFA0A20FBF774F964
:1053D000CF208DF803002046102100221027FBF774
:1053E000A1FA40F60845C2F200050DF10301284676
:1053F00001220123FEF7F2F9204610210122FBF7DA
:1054000091FA0DF103012846012201238DF8036072
:10541000FEF7E4F94FF0C10B0DF10301284601221C
:1054200001238DF803B0FEF7D9F94FF0300A0DF1E2
:1054300003012846012201238DF803A0FEF7CEF9CF
:10544000ED208DF80300204610210022FBF76AFAB8
:105450000DF10301284601220123FEF7BFF9204682
:1054600010210122FBF75EFA64208DF803000DF194
:105470000301284601220123FEF7B0F903208DF82D
:1054800003000DF10301284601220123FEF7A6F9CE
:1054900012208DF803000DF103012846012201239B
:1054A000FEF79CF981208DF803000DF103012846D9
:1054B00001220123FEF792F9E8208DF8030020462F
:1054C00010210022FBF72EFA0DF1030128460122DC
:1054D0000123FEF783F9204610210122FBF722FA6F
:1054E00085208DF803000DF10301284601220123D8
:1054F000FEF774F90DF103012846012201238DF80E
:1055000003704FF01009FEF769F97A208DF8030057
:105510000DF10301284601220123FEF75FF9CB209C
:105520008DF80300204610210022FBF7FBF90DF156
:105530000301284601220123FEF750F920461021DD
:105540000122FBF7EFF939208DF803000DF103017B
:10555000284601220123FEF741F92C208DF8030093
:105560000DF10301284601220123FEF737F90DF161
:1055700003012846012201238DF80360FEF72EF96E
:1055800034208DF803000DF1030128460122012388
:10559000FEF724F902208DF803000DF103012846DF
:1055A00001220123FEF71AF9F7208DF803002046A7
:1055B00010210022FBF7B6F90DF103012846012264
:1055C0000123FEF70BF9204610210122FBF7AAF96F
:1055D00020208DF803000DF103012846012201234C
:1055E000FEF7FCF8EA208DF8030020461021002287
:1055F000FBF798F90DF10301284601220123FEF77C
:10560000EDF8204610210122FBF78CF90DF1030182
:105610002846012201238DF80360FEF7DFF80DF123
:1056200003012846012201238DF80360FEF7D6F816
:10563000C0208DF80300204610210022FBF772F9EC
:105640000DF10301284601220123FEF7C7F8204689
:1056500010210122FBF766F91B208DF803000DF1E4
:105660000301284601220123FEF7B8F82046102145
:1056700000228DF803B0FBF755F90DF10301284620
:1056800001220123FEF7AAF8204610210122FBF790
:1056900049F90DF103012846012201238DF8038009
:1056A0000127FEF79BF8C5208DF803002046102146
:1056B0000022FBF737F90DF10301284601220123EF
:1056C000FEF78CF8204610210122FBF72BF90DF193
:1056D00003012846012201238DF803A0FEF77EF87E
:1056E0000DF103012846012201238DF803A0FEF7E6
:1056F00075F8C7208DF80300204610210022FBF723
:1057000011F90DF10301284601220123FEF766F885
:10571000204610210122FBF705F9B7208DF8030080
:105720000DF10301284601220123FEF757F8362028
:105730008DF80300204610210022FBF7F3F80DF14D
:105740000301284601220123FEF748F820461021D4
:105750000122FBF7E7F848208DF803000DF1030163
:10576000284601220123FEF739F83A208DF803007C
:10577000204610210022FBF7D5F80DF10301284641
:1057800001220123FEF72AF8204610210122FBF70F
:10579000C9F855208DF803000DF1030128460122B8
:1057A0000123FEF71BF8B1208DF8030020461021DD
:1057B0000022FBF7B7F80DF103012846012201236F
:1057C000FEF70CF8204610210122FBF7ABF80DF193
:1057D00003012846012201238DF80360FDF7FEFF37
:1057E0000DF103012846012201238DF80390FDF7F6
:1057F000F5FFB6208DF80300204610210022FBF7AC
:1058000091F80DF10301284601220123FDF7E6FF7F
:10581000204610210122FBF785F84FF00A080DF110
:1058200003012846012201238DF80380FDF7D6FFEE
:10583000A2208DF803000DF1030128460122012367
:10584000FDF7CCFFF2208DF8030020461021002246
:10585000FBF768F80DF10301284601220123FDF74B
:10586000BDFF204610210122FBF75CF80DF103017A
:105870002846012201238DF80360FDF7AFFF2620A3
:105880008DF80300204610210022FBF74BF80DF1A4
:105890000301284601220123FDF7A0FF2046102125
:1058A0000122FBF73FF80DF10301284601220123F5
:1058B0008DF80370FDF792FFE0208DF8030020467D
:1058C00010210022FBF72EF80DF1030128460122DA
:1058D0000123FDF783FF204610210122FBF722F868
:1058E0004FF00F0A0DF103012846012201238DF824
:1058F00003A0FDF773FF4FF02A0B0DF103012846BB
:10590000012201238DF803B0FDF768FF28208DF8F0
:1059100003000DF10301284601220123FDF75EFF7C
:1059200008270DF103012846012201238DF8037099
:10593000FDF754FF0E208DF803000DF103012846FA
:1059400001220123FDF74AFF0DF103012846012240
:1059500001238DF80370FDF741FF54208DF80300FB
:105960000DF10301284601220123FDF737FFA9208D
:105970008DF803000DF10301284601220123FDF7F4
:105980002DFF43208DF803000DF10301284601226D
:105990000123FDF723FF0DF1030128460122012316
:1059A0008DF80380FDF71AFF0DF10301284601224F
:1059B00001238DF803A0FDF711FF0DF10301284627
:1059C000012201238DF80360FDF708FF0DF10301AB
:1059D0002846012201238DF80360FDF7FFFE0DF13B
:1059E00003012846012201238DF80360FDF7F6FE2E
:1059F0000DF103012846012201238DF80360FDF714
:105A0000EDFEE1208DF80300204610210022FAF778
:105A100089FF0DF10301284601220123FDF7DEFE77
:105A2000204610210122FAF77DFF0DF103012846DF
:105A3000012201238DF80360FDF7D0FE15208DF8BB
:105A400003000DF10301284601220123FDF7C6FEE4
:105A500017208DF803000DF10301284601220123D0
:105A6000FDF7BCFE07208DF803000DF10301284669
:105A700001220123FDF7B2FE4FF011090DF10301E0
:105A80002846012201238DF80390FDF7A7FE06208A
:105A90008DF803000DF10301284601220123FDF7D3
:105AA0009DFE4FF02B080DF1030128460122012332
:105AB0008DF80380FDF792FE56208DF803000DF15E
:105AC0000301284601220123FDF788FE3C208DF8C2
:105AD00003000DF10301284601220123FDF77EFE9C
:105AE00005208DF803000DF1030128460122012352
:105AF000FDF774FE10208DF803000DF10301284618
:105B000001220123FDF76AFE0DF10301284601225F
:105B100001238DF803A0FDF761FE3F270DF103017E
:105B20002846012201238DF80370FDF757FE0DF181
:105B300003012846012201238DF80370FDF74EFE74
:105B40000DF103012846012201238DF803A0FDF782
:105B500045FE2046102100228DF80380FAF7E2FE70
:105B60000DF10301284601220123FDF737FE2046EF
:105B700010210122FAF7D6FE0DF103012846012279
:105B800001238DF80360FDF729FE0DF1030128467E
:105B9000012201238DF80360FDF720FE01208DF81E
:105BA00003000DF10301284601220123FDF716FE33
:105BB0000DF103012846012201238DF80370FDF742
:105BC0000DFE2046102100228DF803B0FAF7AAFE40
:105BD0000DF10301284601220123FDF7FFFD2046B8
:105BE00010210122FAF79EFE0DF103012846012241
:105BF00001238DF80360FDF7F1FD0DF10301284647
:105C0000012201238DF80360FDF7E8FD0DF103018A
:105C10002846012201238DF80360FDF7DFFDEF2008
:105C20008DF803000DF10301284601220123FDF741
:105C3000D5FD35208DF80300204610210022FAF70B
:105C400071FE0DF10301284601220123FDF7C6FD77
:105C5000204610210122FAF765FE0DF103012846C6
:105C6000012201238DF80360FDF7B8FD20461021C5
:105C700000228DF80390FAF755FE0DF10301284636
:105C800001220123FDF7AAFD204610210122FAF787
:105C900049FE21208DF80300204610210022FAF74A
:105CA00041FE0DF10301284601220123FDF796FD77
:105CB000204610210122FAF735FE7820FAF7FCFC85
:105CC00029208DF80300204610210022FAF72AFE31
:105CD0000DF10301284601220123FDF77FFD204637
:105CE00010210122FAF71EFE0020FFF791FA002092
:105CF000FFF710FA01B0BDE8F08F00002DE9F04F7A
:105D000083B040F20C06C2F200060D46318840F224
:105D1000000840F2DC391C468842C4F20228C2F274
:105D2000000902D171888A4231D0010A8DF806102B
:105D3000110A8DF8081099F802108DF807008DF8F7
:105D40000920002918BF2A218DF80A1083464046F1
:105D5000102117460022FAF7E5FD40F6084AC2F284
:105D6000000A0DF10A01504601220123FDF736FD1C
:105D7000404610210122FAF7D5FD0DF106015046EB
:105D800004220123FDF72AFDA6F800B07780B08831
:105D9000854205D1F088844202D103B0BDE8F08F7E
:105DA000280A8DF80600200A8DF8080099F80400EA
:105DB0008DF807508DF80940002818BF2B208DF86A
:105DC0000B00404610210022FAF7ACFD40F60847D0
:105DD000C2F200070DF10B01384601220123FDF745
:105DE000FDFC404610210122FAF79CFD0DF1060151
:105DF000384604220123FDF7F1FCB580F48003B09E
:105E0000BDE8F08F2DE9F04F81B08A4640F2DC31D9
:105E1000C2F2000109780024002918BF2C21C4F225
:105E2000022405468DF80310204610210022FAF7BF
:105E300079FD40F60840C2F200000DF10301012295
:105E40000123FDF7CBFC204610210122FAF76AFD61
:105E5000BAF1000F68D040F608494EF29877C2F2C6
:105E60000009C2F200076FF006080DE04FEA4B0090
:105E700082B2484639464FF47A73FDF7AFFC05EB22
:105E80004B05BAEB0B0A4FD0BAF5A07FD34628BF1B
:105E90004FF4A07BBAF1040F02D200201BE000BF38
:105EA00008EA4B0100220020AB185E78BC18BE54F3
:105EB000AE5C08326670DE789142A6709E7800F182
:105EC0000400E6705E7926711E796671DE79A6712E
:105ED0009B79E371E8D11BF00301C7D005EB4002C9
:105EE00007EB40035278012907F8102015F810201D
:105EF0005A70BBD0421C05EB420307EB420C5B78A7
:105F0000022907F8123015F812208CF80120ADD0C4
:105F1000023005EB400107EB4002497807F810100A
:105F200015F810005070A1E701B0BDE8F08F000037
:105F300080B540F25072C2F2000202F2FF11B0F5D9
:105F4000007F38BF1118002008700DA11046FAF725
:105F5000F4F930B140F250710DA0C2F2000138F0F6
:105F600097FC40F6586040F25071C2F20000C2F255
:105F700000014FF40072BDE88040FEF791B800BF09
:105F80002B4D515454535542524543560000000086
:105F90004D5154542052583A2025730D0A000000E8
:105FA000B0B582B00FF2D84038F0DEFE0FF20050EC
:105FB0000FF2045140F6B83231F0C8FB43F2F51449
:105FC000C0F604040FF2F84021464FF4FA7231F0A3
:105FD000BDFB0FF2F44021464FF47A7231F0B6FB6C
:105FE0000FF2F04021464FF47A7231F0AFFB0FF21E
:105FF000F44038F0B9FE4FF47A7036F03FFF43F2C8
:10600000FE1043F2F811C0F60400C0F604014FF48C
:106010007A7231F09BFB88B140F2507043F2AF11BD
:10602000C2F20000C0F60401FAF787F9002800F078
:106030007D8143F24600C0F6040003E043F22700EE
:10604000C0F60400012138F023FC4FF47A7036F0DA
:1060500015FF43F2FE1043F2F811C0F60400C0F63B
:1060600004014FF47A7231F071FB88B140F2507044
:1060700043F2AF11C2F20000C0F60401FAF75DF975
:10608000002800F0538143F24600C0F6040003E00C
:1060900043F22700C0F60400022138F0F9FB4FF468
:1060A0007A7036F0EBFE43F2FE1043F2F811C0F6C0
:1060B0000400C0F604014FF47A7231F047FB88B156
:1060C00040F2507043F2AF11C2F20000C0F604017A
:1060D000FAF733F9002800F0298143F24600C0F6B0
:1060E000040003E043F22700C0F60400032138F067
:1060F000CFFB4FF47A7036F0C1FE43F2FE1043F24C
:10610000F811C0F60400C0F604014FF47A7231F0C1
:106110001DFB88B140F2507043F2AF11C2F2000093
:10612000C0F60401FAF709F9002800F0FF8043F2F5
:106130004600C0F6040003E043F22700C0F6040066
:10614000042138F0A5FB4FF47A7036F097FE43F245
:10615000FE1043F2F811C0F60400C0F604014FF43B
:106160007A7231F0F3FA88B140F2507043F2AF1115
:10617000C2F20000C0F60401FAF7DFF8002800F0D0
:10618000D58043F24600C0F6040003E043F2270046
:10619000C0F60400052138F07BFB4FF47A7036F02E
:1061A0006DFE43F2FE1043F2F811C0F60400C0F693
:1061B00004014FF47A7231F0C9FA88B140F250709C
:1061C00043F2AF11C2F20000C0F60401FAF7B5F8CD
:1061D000002800F0AB8043F24600C0F6040003E064
:1061E00043F22700C0F60400062138F051FB4FF4BB
:1061F0007A7036F043FE43F2FE1043F2F811C0F617
:106200000400C0F604014FF47A7231F09FFA88B1AD
:1062100040F2507043F2AF11C2F20000C0F6040128
:10622000FAF78BF8002800F0818043F24600C0F6B0
:10623000040003E043F22700C0F60400072138F011
:1062400027FB4FF47A7036F019FE43F2FE1043F24A
:10625000F811C0F60400C0F604014FF47A7231F070
:1062600075FA88B140F2507043F2AF11C2F20000EB
:10627000C0F60401FAF761F8002857D043F246004F
:10628000C0F6040004E000BF43F22700C0F604009B
:10629000082138F0FDFA4FF47A7036F0EFFD43F242
:1062A000FE1043F2F811C0F60400C0F604014FF4EA
:1062B0007A7231F04BFA78B140F2507043F2AF117C
:1062C000C2F20000C0F60401FAF737F870B343F2E7
:1062D0004600C0F6040003E043F22700C0F60400C5
:1062E000092138F0D5FA4FF47A7036F0C7FD43F241
:1062F000FE1043F2F811C0F60400C0F604014FF49A
:106300007A7231F023FA002800F0A48040F2507035
:1063100043F2AF11C2F20000C0F60401FAF70DF823
:1063200020B143F24600C0F6040097E043F2EC00CF
:10633000C0F6040038F018FD43F2EB1043F2E3110D
:10634000C0F60400C0F604014FF4FA6231F0FEF921
:1063500008B340F25070C2F200002221FAF70BF8A5
:10636000C8B1441C20462221FAF705F898B1021B57
:1063700040F69430C2F2000000211F2AA8BF1F225D
:10638000C161816141610161C16081604160016001
:106390002146F9F7E4FF43F2C000C0F6040038F0EC
:1063A000E3FC40F2C454C2F2000443F2861143F20B
:1063B0000D2254A555A3C0F604012046C0F60402E0
:1063C000009538F075FA43F2F515C0F6040520463D
:1063D00029464FF47A7231F0B9F943F2CB114DA24C
:1063E000C0F60401204640F25B7338F061FA2046A3
:1063F000294641F2883231F0A9F908B343F2D600B8
:10640000C0F6040038F0B0FC40F2C454C2F20004FC
:1064100043F2B71143F20722C0F604012046C0F64A
:10642000040238F045FA43F2F511C0F604012046A3
:106430004FF4FA6202B0BDE8B04031F087B900BF56
:1064400043F29200C0F6040002B0BDE8B04038F05C
:106450008BBC00BF43F22700C0F604000A2138F0CD
:1064600017FA43F21710C0F6040038F07DFC43F22F
:106470004E10C0F6040002B0BDE8B04038F074BC65
:106480002D2D2D204553503832363620E5889DE598
:10649000A78BE58C962028E887AAE58AA8E8BF9E06
:1064A000E68EA5E6A8A1E5BC8F29202D2D2D0D0097
:1064B00041542B525354000072656164790000000E
:1064C000415445300000000041542B43574D4F4488
:1064D000453D310041542B43574155544F434F4E96
:1064E0004E3D3100E7AD89E5BE85205769466920FC
:1064F000E887AAE58AA8E8BF9EE68EA52E2E2E0D77
:10650000000000007075626C6963000061646D6971
:106510006E00000062726F6B65722E656D71782E71
:10652000696F0000B0B582B004200521002200256B
:1065300037F006F840F2B004C2F2000460604FF495
:106540000060012100220023009537F039FB206014
:1065500043F649604FF24802C0F60300C0F603025A
:1065600000212DF0D1FFA06043F6113004F10C059D
:106570004FF0080CC0F6030014A14FF40062002392
:10658000CDE900C537F09AFC0128206104BF11A0B5
:1065900038F0EAFB40F2454004F114054FF0100CCE
:1065A000C0F600000FA14FF480620023CDE900C5C2
:1065B00037F084FC012820611CBF02B0B0BD0BA0E5
:1065C00002B0BDE8B04038F0CFBB00BF6C76676C5E
:1065D000000000006C76676C206372656174652052
:1065E0006F6B000046314C6F6700000046314C6F06
:1065F0006720637265617465206F6B002DE9F0435D
:1066000087B0002740F68C400697CDE90477CDE9A6
:106610000277C4F20260016840F2000941F004010F
:1066200001600168C4F2022901F00401019101999D
:10663000016809F5006541F08001016001680022F0
:1066400001F0800101910199016842F2180641F0C0
:1066500001010160016801F00101019101990168E6
:1066600041F008010160016801F008010191019900
:10667000016841F002010160006842F2180100F077
:106680000200019001982846FAF74CF9484648F66E
:106690001011002248F61018FAF744F9029602AEDB
:1066A000012428463146CDE903470597FAF718F843
:1066B00048463146CDE90284CDE90477FAF710F86F
:1066C00007B0BDE8F083000080B540F6B43045F275
:1066D000004249F6EC53C2F200000021C4F200026D
:1066E0004FF0010CC3F29003C0E90023C0E9021C83
:1066F000C0E90411C0E906110162FAF769F900283E
:1067000018BFF9F79BFE40F6B430C2F2000000213A
:10671000FAF714F9002818BFF9F790FE40F6B430E4
:10672000C2F200000021FAF72FF9002808BF80BD4F
:10673000BDE88040F9F782BE80B5FAF79BFB0028E0
:1067400008BF80BDBDE88040F9F778BE10B584B0C1
:1067500040F6084043F200034FF48001C2F200000B
:10676000C4F20103002407224FF0806CC0E900311D
:106770004FF08041C0E90242C0E90444C0E906C4C8
:10678000C0E90844C0E90A42C0E90D14C463C0E985
:106790001244C0E91444C0E916440466FCF700FF43
:1067A000002818BFF9F74AFE4FF08050CDE90204E7
:1067B00040F60840C2F2000001A90194FCF7CAFEAD
:1067C000002818BFF9F73AFE04B010BD10B584B028
:1067D00040F6E44041F20002C2F200000F21C4F290
:1067E0000002002440F2E733C0E900218021029436
:1067F000C0E902438161FDF759FA002818BFF9F793
:106800001DFE40F6E440C2F2000001A90194039489
:10681000FDF79AF9002818BFF9F710FE04B010BD73
:1068200080B540F6586045F200034FF4E131C2F202
:1068300000000022C4F200034FF00C0CC0E900314C
:10684000C0E90222C0E9042CC0E90622C0E90822FE
:106850008262FEF753F8002818BFF9F7EFFD40F603
:106860005860C2F200000021FDF7FAFC002818BFB2
:10687000F9F7E4FD40F65860C2F200000021FDF790
:10688000A9FC002818BFF9F7D9FD40F65860C2F2FC
:106890000000FDF7E9FB002808BF80BDBDE880408F
:1068A000F9F7CCBD80B540F6305043F600034FF405
:1068B000E131C2F200000022C4F201034FF00C0CDF
:1068C000C0E90031C0E90222C0E9042CC0E9062277
:1068D000C0E908228262FEF711F8002818BFF9F714
:1068E000ADFD40F63050C2F200000021FDF7B8FCCB
:1068F000002818BFF9F7A2FD40F63050C2F20000A0
:106900000021FDF767FC002818BFF9F797FD40F656
:106910003050C2F20000FDF7A7FB002808BF80BD81
:10692000BDE88040F9F78ABD80B540F6C45044F612
:1069300000034FF4E131C2F200000022C4F2000370
:106940004FF00C0CC0E90031C0E90222C0E9042C70
:10695000C0E90622C0E908228262FDF7CFFF0028C5
:1069600018BFF9F76BFD40F6C450C2F200000021D9
:10697000FDF776FC002818BFF9F760FD40F6C4501B
:10698000C2F200000021FDF725FC002818BFF9F72E
:1069900055FD40F6C450C2F20000FDF765FB00282B
:1069A00008BF80BDBDE88040F9F748BDFEE70000A4
:1069B000F0B583B04EF61825C2F20005298840F2E2
:1069C0003957084400248028C2F2000702948DF849
:1069D0000440009402D900202C8002E00428288082
:1069E0000CD217FA80F1C0F1800082B240F630502C
:1069F000C2F20000FDF754FB03B0F0BD811F11F19E
:106A0000020FE8D33B784FF6FF724AF201015A4079
:106A100081EA520397F801C0D60708BF530881EAFC
:106A20005302DE0708BF5A0881EA5203D60708BF9F
:106A3000530881EA5302DE0708BF5A0881EA52036D
:106A4000D60708BF530881EA5302DE0708BF5A0879
:106A500081EA5203D60708BF530881EA5302DE07D2
:106A600008BF5A0882EA0C0281EA5203D60708BF1F
:106A7000530881EA5302DE0708BF5A0881EA52032D
:106A8000D60708BF530881EA5302DE0708BF5A0839
:106A900081EA5203D60708BF530881EA5302DE0792
:106AA00008BF5A0881EA5203D60708BF530881EA93
:106AB0005302DE0708BF5A08C30729D0BB785A40E3
:106AC00081EA5203D60708BF530881EA5302DE0762
:106AD00008BF5A0881EA5203D60708BF530881EA63
:106AE0005302DE0708BF5A0881EA5203D60708BFDF
:106AF000530881EA5302DE0708BF5A0881EA5203AD
:106B0000D60708BF530881EA5302D90708BF5A08BD
:106B1000C11931F8021C8A427FF45DAF398805281B
:106B200040F2B400ADF80010B978C2F20000ADF840
:106B300002204FF0000218BF114600688DF80410C3
:106B4000694602AA002336F0B1FE029800283FF4FD
:106B500042AF4EF60450CEF200004FF0805101607B
:106B600039E70000FEE70000EFF30980EFF30B8246
:106B7000734620E9FC0F0D4A116808604FF0500081
:106B800080F31188BFF34F8FBFF36F8F36F0E0FAB9
:106B90004FF0000080F31188044A11680868B0E8DB
:106BA000FC0F82F30B8880F30988184730E300203C
:106BB00070B540F62C46C4F2026656F82C1C04460A
:106BC00021F0806046F82C0CF9F7B2FE054600BFB4
:106BD00056F82C0C000105D5F9F7AAFE401B022837
:106BE000F6D95CE0306840F60371884394E80E10F3
:106BF0006FF0FF0505EB0222084310433060306957
:106C00000021C8F2800100EA010E591E4FF47E42B5
:106C1000236902EB4C224FF4FE0505EB0343656943
:106C20006FF35F2192B24FF0FE4000EB05607144BC
:106C300003F4FE03114400F0FE401944084430619F
:106C40003068A16920F00C0008433060206A316888
:106C50000843306030684FF6F87120F01000306063
:106C60007069E269884340EAC2007061306840F0B0
:106C70001000306056F82C0C40F0806046F82C0C68
:106C8000F9F756FE044600BF56F82C0C000144BF2D
:106C9000002070BDF9F74CFE001B0328F4D303203D
:106CA00070BD000070B540F63046C4F2026656F87A
:106CB000301C044621F0805046F8300CF9F738FEBD
:106CC000054600BF56F8300C800005D5F9F730FEB8
:106CD000401B0228F6D95CE0306840F60371884317
:106CE00094E80E106FF0FF0505EB022208431043F5
:106CF000306070690021C8F2800100EA010E591E5F
:106D00004FF47E42236902EB4C224FF4FE0505EB63
:106D1000034365696FF35F2192B24FF0FE4000EBD1
:106D20000560714403F4FE03114400F0FE40194471
:106D3000084470613068A16920F00C00084330609D
:106D4000206A31680843306030684FF6F87120F0EF
:106D500010003060B069E269884340EAC200B06167
:106D6000306840F01000306056F8300C40F0805031
:106D700046F8300CF9F7DCFD044600BF56F8300C3D
:106D8000800044BF002070BDF9F7D2FD001B03282E
:106D9000F4D3032070BD0000016840F26F32D1F8D7
:106DA00014C08B6943F008038B618B6943F01003B7
:106DB0008B610B6823F001030B600B6923EA02026D
:106DC0000A618A6822F440428A6090F88920042A85
:106DD00018BF1CF0200209D0D0F88C2042F08002AD
:106DE000C0F88C208A6942F020028A6190F88920DC
:106DF000032A18BF1CF040020CD15FEA8C5216D453
:106E00005FEACC5220D40021A0F86A10A0F87210DA
:106E1000704700BFD0F88C2042F00402C0F88C20EC
:106E20008A6942F040028A615FEA8C52E8D5D0F864
:106E30008C2042F00102C0F88C208A6942F4007272
:106E40008A615FEACC52DED5D0F88C2042F008028D
:106E5000C0F88C208A6942F480728A610021A0F80F
:106E60006A10A0F8721070471EF0040F0CBFEFF309
:106E70000880EFF30980014908470000F1CB0308BF
:106E800080B54EF21000CEF20000006837F066FACE
:106E9000012808BF80BDBDE8804036F03DBB000042
:106EA0004EF6885CCEF2000CDCF80010012241F4B2
:106EB0007001CCF8001040F60041C4F202610A6093
:106EC0000022CA610A624A620B684FF6FF70CEF672
:106ED000F620184008608A62086820F48020086064
:106EE0004FF000600A654CF8800C704740F69840FF
:106EF000C2F20000FCF7B6BF40F6E440C2F2000068
:106F0000FCF7B0BF10B5D0F800E0B0F1A04F13DA35
:106F100040F6FF33C4F20003984221DCB0F1804F09
:106F200042D040F20043C4F2000398423CD040F605
:106F30000003C4F2000335E040F6FF33C5F200035E
:106F400098421FDCB0F1A04F2ED040F20043C5F2B2
:106F50000003984228D040F60003C5F2000321E068
:106F600040F60043C4F2000398421DD042F60043AD
:106F7000C4F20103984217D043F20043C4F2010364
:106F800010E000BF40F60043C5F2000398420BD06A
:106F900043F20043C5F20103984205D042F6004394
:106FA000C5F20103984204D14B682EF0700243EA07
:106FB000020E42F6FF3CB0F1A04FC5F2010C1DDA03
:106FC00042F6FF33C4F2010398422FDD43F6FF730C
:106FD000C4F2010398425DDD44F20003C4F20103F0
:106FE00098426FD044F20043C4F20103984269D042
:106FF00044F60003C4F2010362E000BF604523DDF4
:1070000043F6FF73C5F2010398424FDD44F20003DB
:10701000C5F20103984255D044F60003C5F20103BE
:1070200098424FD044F2004348E000BF40F2FF7363
:10703000C4F20003984215DCB0F1804F42D040F218
:107040000043C4F200033BE040F2FF73C5F20003CB
:10705000984213DCB0F1A04F34D040F20043C5F2A7
:1070600000032DE040F60003C4F20003984229D04B
:1070700040F60043C4F2000322E000BF40F60003E4
:10708000C5F2000398421DD040F60043C5F200034C
:1070900016E000BF42F60043C4F20103984211D04B
:1070A00043F20043C4F201030AE000BF42F600438A
:1070B000C5F20103984205D043F20043C5F2010333
:1070C000984204D1CB682EF4407243EA020E0A685B
:1070D0008C684B696045C462826217DC43F6FF72BC
:1070E000C4F20102904227DD44F20002C4F2010220
:1070F000904239D044F20042C4F20102904233D0AF
:1071000044F60002C4F201022CE000BF43F6FF7215
:10711000C5F2010290421BDD44F20002C5F20102F9
:10712000904221D044F60002C5F2010290421BD0E9
:1071300044F2004214E000BF42F60042C4F20102F1
:10714000904211D043F20042C4F201020AE000BFB3
:1071500042F60042C5F20102904205D043F20042DD
:10716000C5F20102904201D10969016302682EF063
:10717000800142F004021943026001224261016071
:1071800010BD000040F65860C2F20000FDF7E8B8FC
:10719000816A0A070CD4CA0715D18A071ED44A0788
:1071A00027D4CA0630D48A0639D44A0642D457E0D6
:1071B0000268D0F838C0536823F4004343EA0C0354
:1071C0005360CA07E9D00268D0F82CC0536823F492
:1071D000003343EA0C0353608A07E0D50268D0F815
:1071E00030C0536823F4803343EA0C0353604A07EA
:1071F000D7D50268D0F834C0536823F4802343EA1B
:107200000C035360CA06CED50268D0F83CC0936820
:1072100023F4805343EA0C0393608A06C5D50268C1
:10722000D0F840C0936823F4005343EA0C03936002
:107230004A0615D5D0F800C0436CDCF80420B3F53D
:10724000801F22F4801242EA0302CCF8042007D106
:10725000DCF80420836C22F4C0021A43CCF804202A
:10726000090658BF70470168C06C4A6822F40022C2
:107270001043486070470000B0B582B0044600205B
:10728000C4F89000F9F754FB216805460A68120714
:1072900037D56FF07E4C20464FF4001100222B466C
:1072A000CDF800C000F0C0FF50B300BF206850E828
:1072B000000F216820F0800041E80002DAB1206868
:1072C00050E8000F216820F0800041E8000292B1F0
:1072D000206850E8000F216820F0800041E800029B
:1072E0004AB1206850E8000F216820F0800041E892
:1072F0000002002ADAD10320202188226BE000BF9F
:107300002168086840075DD56FF07E4C20464FF439
:10731000800100222B46CDF800C000F085FF002838
:1073200050D000BF206850E8000F216820F4907012
:1073300041E80002BAB3206850E8000F216820F449
:10734000907041E8000272B3206850E8000F216895
:1073500020F4907041E800022AB3206850E8000F42
:10736000216820F4907041E80002002ADAD11AE086
:10737000206850E8020F216820F0010041E8020275
:10738000DAB1206850E8020F216820F0010041E8DE
:10739000020292B1206850E8020F216820F001003B
:1073A00041E802024AB1206850E8020F216820F04B
:1073B000010041E80202002ADAD1032020218C22B8
:1073C00009E000BF2020C4F88800C4F88C00002128
:1073D00070220020E166A150002184F8841002B0E0
:1073E000B0BD0000C06D0021A0F85E10FCF780BFAA
:1073F000B0F860200168D0F88C30222B40F0A280D9
:10740000496A836D114023F8021B8365B0F85E1052
:107410000139A0F85E10B0F85E10002918BF70475F
:10742000016851E8001F026821F4907142E80013DE
:10743000E3B1016851E8001F026821F4907142E84D
:1074400000139BB1016851E8001F026821F490719C
:1074500042E8001353B1016851E8001F026821F4AB
:10746000907142E80013002BDAD100BF016851E8A7
:10747000021F026821F0010142E80213DBB101683A
:1074800051E8021F026821F0010142E8021393B1A2
:10749000016851E8021F026821F0010142E802136D
:1074A0004BB1016851E8021F026821F0010142E876
:1074B0000213002BDAD12021C0F88C100021416783
:1074C0000167016842F2004341F08052C5F2006357
:1074D0009A423DD1C16E012918BFFDF717BB0021AB
:1074E000C16600BF016851E8001F026821F0100169
:1074F00042E80013DBB1016851E8001F026821F087
:10750000100142E8001393B1016851E8001F0268BE
:1075100021F0100142E800134BB1016851E8001F4F
:10752000026821F0100142E80013002BDAD1016853
:10753000CA69D20644BF10220A62B0F85C10FCF798
:10754000FFBD00BF886940F008008861704700BF38
:1075500049680902BED500BF016851E8001F0268F2
:1075600021F0806142E80013002BB3D0016851E89C
:10757000001F026821F0806142E80013002BA9D0AF
:10758000016851E8001F026821F0806142E80013A1
:10759000002B9FD0016851E8001F026821F0806134
:1075A00042E80013002BD7D194E700002DE9F04FFB
:1075B00081B004460068B4F86050C669016882680A
:1075C000D4F88C30222B40F04381B4F868000028B6
:1075D00000F0E48001F4807802F001074FF0000928
:1075E0004FF0020B4FF0010A04E000BFB4F85E0058
:1075F00000285CD0B00640F1D1802068A16D426ABD
:107600002A4021F8022BA165B4F85E100139A4F8D4
:107610005E10C6697107E9D0F20718BFB8F1000F14
:1076200002D1B2070AD412E0C0F820A0D4F890200A
:1076300042F00102C4F89020B20708D53FB1C0F86B
:1076400020B0D4F8902042F00402C4F89020002921
:1076500008D53FB104210162D4F8900040F0020047
:10766000C4F89000D4F890000028BFD02046FCF762
:107670003FFEC4F89090B9E7206850E8000F2168F9
:1076800020F4807041E80002DAB1206850E8000F71
:10769000216820F4807041E8000292B1206850E82F
:1076A000000F216820F4807041E800024AB1206890
:1076B00050E8000F216820F4807041E80002002AA1
:1076C000DAD14FF6FE70CEF6FF7000BF216851E8A8
:1076D000021F2268014042E80213C3B1216851E849
:1076E000021F2268014042E8021383B1216851E879
:1076F000021F2268014042E8021343B1216851E8A9
:10770000021F2268014042E80213002BDED1202034
:10771000C4F88C00002060672067206842F20042B5
:1077200040F08051C5F20062914240F0A180E06ECD
:10773000012840F095800020E06600BF206850E8F6
:10774000000F216820F0100041E80002DAB1206843
:1077500050E8000F216820F0100041E8000292B1CB
:10776000206850E8000F216820F0100041E8000276
:107770004AB1206850E8000F216820F0100041E86D
:107780000002002ADAD12068C169C90644BF10216D
:107790000162B4F85C102046FCF7D2FCB4F85E003D
:1077A000002852D0B4F8681088424ED2206850E8C1
:1077B000020F216820F0805041E80202DAB120680F
:1077C00050E8020F216820F0805041E8020292B197
:1077D000206850E8020F216820F0805041E8020242
:1077E0004AB1206850E8020F216820F0805041E83B
:1077F0000202002ADAD147F2F130C0F600006067D9
:10780000206850E8000F216840F0200041E80002A5
:10781000DAB1206850E8000F216840F0200041E80C
:10782000000292B1206850E8000F216840F020006B
:1078300041E800024AB1206850E8000F216840F09A
:10784000200041E80002002ADAD101B0BDE8F08F43
:10785000816941F00801816101B0BDE8F08F00BF8E
:107860002046FDF753F9B4F85E0000289AD1ECE702
:10787000406800027FF55BAF206850E8000F216888
:1078800020F0806041E80002002A3FF450AF2068F9
:1078900050E8000F216820F0806041E80002002AD3
:1078A0003FF445AF206850E8000F216820F0806069
:1078B00041E80002002A3FF43AAF206850E8000F88
:1078C000216820F0806041E80002002AD4D12EE730
:1078D000B0F860100268D0F88C30222B40F0A48001
:1078E000526A836D11401970816D01318165B0F864
:1078F0005E100139A0F85E10B0F85E10002918BFC4
:10790000704700BF016851E8001F026821F49071C0
:1079100042E80013E3B1016851E8001F026821F456
:10792000907142E800139BB1016851E8001F0268A2
:1079300021F4907142E8001353B1016851E8001F2F
:10794000026821F4907142E80013002BDAD100BFE5
:10795000016851E8021F026821F0010142E80213A8
:10796000DBB1016851E8021F026821F0010142E821
:10797000021393B1016851E8021F026821F001016E
:1079800042E802134BB1016851E8021F026821F07E
:10799000010142E80213002BDAD12021C0F88C103B
:1079A000002141670167016842F2004341F08052C3
:1079B000C5F200639A423DD1C16E012918BFFDF79F
:1079C000A5B80021C16600BF016851E8001F026828
:1079D00021F0100142E80013DBB1016851E8001FFB
:1079E000026821F0100142E8001393B1016851E8E8
:1079F000001F026821F0100142E800134BB101683A
:107A000051E8001F026821F0100142E80013002B2A
:107A1000DAD10168CA69D20644BF10220A62B0F8FE
:107A20005C10FCF78DBB00BF906940F008009061CE
:107A3000704700BF49680902BED500BF016851E820
:107A4000001F026821F0806142E80013002BB3D0D0
:107A5000016851E8001F026821F0806142E80013CC
:107A6000002BA9D0016851E8001F026821F0806155
:107A700042E80013002B9FD0016851E8001F026804
:107A800021F0806142E80013002BD7D194E7000079
:107A90002DE9F04F81B004460068B4F86050C66923
:107AA00001688268D4F88C30222B40F04581B4F80C
:107AB0006800002800F0E68001F4807B02F00107F6
:107AC0004FF000084FF0020A4FF0010904E000BF38
:107AD000B4F85E0000285ED0B00640F1D380206884
:107AE000A16D406A28400870A16D20680131A16530
:107AF000B4F85E100139A4F85E10C6697107E7D0CA
:107B0000F20718BFBBF1000F02D1B2070AD412E08E
:107B1000C0F82090D4F8902042F00102C4F89020E0
:107B2000B20708D53FB1C0F820A0D4F8902042F0A9
:107B30000402C4F89020002908D53FB10421016255
:107B4000D4F8900040F00200C4F89000D4F89000FF
:107B50000028BDD02046FCF7CBFBC4F89080B7E7E7
:107B6000206850E8000F216820F4807041E800028E
:107B7000DAB1206850E8000F216820F4807041E8F5
:107B8000000292B1206850E8000F216820F4807054
:107B900041E800024AB1206850E8000F216820F453
:107BA000807041E80002002ADAD14FF6FE70CEF66E
:107BB000FF7000BF216851E8021F2268014042E8BF
:107BC0000213C3B1216851E8021F2268014042E854
:107BD000021383B1216851E8021F2268014042E884
:107BE000021343B1216851E8021F2268014042E8B4
:107BF0000213002BDED12020C4F88C000020606727
:107C00002067206842F2004240F08051C5F20062D5
:107C1000914240F0A180E06E012840F09580002064
:107C2000E06600BF206850E8000F216820F01000D7
:107C300041E80002DAB1206850E8000F216820F026
:107C4000100041E8000292B1206850E8000F21685E
:107C500020F0100041E800024AB1206850E8000F0F
:107C6000216820F0100041E80002002ADAD12068E3
:107C7000C169C90644BF10210162B4F85C102046F6
:107C8000FCF75EFAB4F85E00002852D0B4F8681031
:107C900088424ED2206850E8020F216820F08050C0
:107CA00041E80202DAB1206850E8020F216820F0B2
:107CB000805041E8020292B1206850E8020F21682A
:107CC00020F0805041E802024AB1206850E8020FDB
:107CD000216820F0805041E80202002ADAD147F6FC
:107CE000D100C0F600006067206850E8000F2168EE
:107CF00040F0200041E80002DAB1206850E8000FAF
:107D0000216840F0200041E8000292B1206850E86C
:107D1000000F216840F0200041E800024AB12068CD
:107D200050E8000F216840F0200041E80002002ADE
:107D3000DAD101B0BDE8F08F816941F008018161BD
:107D400001B0BDE8F08F00BF2046FCF7DFFEB4F8BD
:107D50005E0000289AD1ECE7406800027FF55BAF37
:107D6000206850E8000F216820F0806041E80002A0
:107D7000002A3FF450AF206850E8000F216820F03F
:107D8000806041E80002002A3FF445AF206850E8D7
:107D9000000F216820F0806041E80002002A3FF4D3
:107DA0003AAF206850E8000F216820F0806041E879
:107DB0000002002AD4D12EE770B504462269D4E926
:107DC0000213006811436269E6690568114346F6CB
:107DD000F312CCF6FF722A4011433143016041682F
:107DE0004FF2FF4521F440511943416042F20041F6
:107DF000A26940F08053C5F200618B421CBF236A28
:107E00001A438368C1F2FF152B401A438260C26A8D
:107E1000636A22F00F021A4344F6FF73C4F20003B0
:107E20009842C2621ADD42F2FF32C4F2006290420E
:107E300030DC45F20001C4F20001884200F07E808F
:107E400043F60001C4F20101884257D1012000210C
:107E5000F9F7D8FBB6F5004F33D056E044F20041B5
:107E6000C4F20001884225D044F60001C4F20001AA
:107E7000884200F09D8044F60041C4F2000188422F
:107E80003CD108200021F9F7BDFBB6F5004F18D012
:107E90003BE000BF42F20042C4F20062904255D083
:107EA00088422BD100200021F9F7ACFB002853D1E8
:107EB00042E000BF02200021F9F7A4FBB6F5004F15
:107EC00023D1C8B3616A4EF67062C0F6030232F87D
:107ED00011106268B0FBF1F0510801EB4000B0FBFB
:107EE000F2F04FF6EF72A0F11001914258D84FF620
:107EF000F071C0F34202084010441BE00020002152
:107F0000F9F780FBB6F5004FDBD0A8B1616A4EF6F9
:107F10007062C0F6030232F811106268B0FBF1F033
:107F200000EB5200B0FBF2F04FF6EF72A0F110013F
:107F3000914235D82168C860002032E0102000212D
:107F4000F9F760FBB6F5004FDFD1BAE7202000213A
:107F5000F9F758FB0028EFD0616A4EF67062C0F660
:107F6000030232F811106268B0FBF1F102EB42003B
:107F700081424FF0010014D31303994211D8080233
:107F80000B0E10EB520043F100010023F8F772F9D9
:107F90004FF60052A0F54071C0F20F029142C9D3D2
:107FA00001204FF00111A1660021C4E91D1170BD2F
:107FB00004200021F9F726FBB6F5004F3FF481AF0E
:107FC000A3E700008165A0F85C20A0F85E2081682E
:107FD0000023436771B1B1F1805F07D0B1F5805FD5
:107FE0000ED1016951B940F2FF110AE0016919B1DE
:107FF0003F2106E0016909B17F2102E0FF2100E095
:108000000021A0F860100021C0F890102221C0F8D3
:108010008C1000BF016851E8021FD0F800C041F089
:1080200001014CE80213F3B1016851E8021FD0F8D6
:1080300000C041F001014CE80213A3B1016851E80E
:10804000021FD0F800C041F001014CE8021353B107
:10805000016851E8021FD0F800C041F001014CE86E
:108060000213002BD6D1416EB1F1005F03D1B0F8FD
:1080700068108A4240D282680169B2F5805F07D1F8
:10808000002947D047F6D101C0F60001416707E05B
:1080900047F6D102C0F600020029426740D000BF77
:1080A000016851E8001F026841F4907142E8001332
:1080B000002B00F0B680016851E8001F026841F40F
:1080C000907142E80013002B00F0AB80016851E88A
:1080D000001F026841F4907142E80013002B00F089
:1080E000A080016851E8001F026841F4907142E8E5
:1080F0000013002BD4D194E082680169B2F5805F4F
:1081000038D1002962D047F69121C0F600014167BD
:1081100036E000BF47F2F131C0F60001416700BF11
:10812000016851E8001F026841F0200142E8001395
:10813000002B76D0016851E8001F026841F0200151
:1081400042E80013002B6CD0016851E8001F026860
:1081500041F0200142E80013002B62D0016851E891
:10816000001F026841F0200142E80013002BD7D124
:1081700057E000BF47F69122C0F60002426759B3AC
:10818000016851E8001F026841F4807142E8001361
:1081900013B3016851E8001F026841F4807142E89E
:1081A0000013CBB1016851E8001F026841F48071EF
:1081B00042E8001383B1016851E8001F026841F4EE
:1081C000807142E80013002BDAD105E047F2AD518F
:1081D000C0F60001416700BF016851E8021F026854
:1081E00041F0805142E80213DBB1016851E8021FFF
:1081F000026841F0805142E8021393B1016851E8EE
:10820000021F026841F0805142E802134BB101683D
:1082100051E8021F026841F0805142E80213002B2E
:10822000DAD10020704700002DE9F0418046006857
:108230001546C2690E461140891BB1FA81F1490900
:108240008D4223D1069C2CB3611C29D1C1693140D8
:10825000891BB1FA81F149098D4217D1C1693140B9
:10826000891BB1FA81F149098D420FD1C1693140B1
:10827000891BB1FA81F149098D4207D1C1693140A9
:10828000891BB1FA81F149098D42DFD00020BDE898
:10829000F08100BFF8F74CFB0320BDE8F08100BF80
:1082A0001F4607E0C0693040801BB0FA80F04009EB
:1082B0008542EBD1F8F73CFBC01BA04284BF0320F2
:1082C000BDE8F081D8F8000001684907EAD5402EE2
:1082D00018BF802EE6D0C169090700F1A180C169ED
:1082E0000905DFD54FF400610162D8F8000050E8BD
:1082F000000FD8F8001020F4907041E800020AB393
:10830000D8F8000050E8000FD8F8001020F4907062
:1083100041E80002B2B1D8F8000050E8000FD8F8E8
:10832000001020F4907041E800025AB1D8F8000023
:1083300050E8000FD8F8001020F4907041E80002D7
:10834000002AD2D14FF6FE70CEF6FF70D8F800109A
:1083500051E8021FD8F80020014042E80213F3B1AF
:10836000D8F8001051E8021FD8F80020014042E878
:108370000213A3B1D8F8001051E8021FD8F800206A
:10838000014042E8021353B1D8F8001051E8021F2F
:10839000D8F80020014042E80213002BD6D1D8F8CB
:1083A0006C0001282CD1D8F8000050E8000FD8F854
:1083B000001020F0100041E800020AB3D8F80000D5
:1083C00050E8000FD8F8001020F0100041E800023B
:1083D000B2B1D8F8000050E8000FD8F8001020F033
:1083E000100041E800025AB1D8F8000050E8000F30
:1083F000D8F8001020F0100041E80002002AD2D185
:1084000020200021C8F88C00C8F86C10C8F874103F
:10841000C8F89000032088F88410BDE8F08100BF00
:1084200008210162D8F8000050E8000FD8F80010C9
:1084300020F4907041E800020AB3D8F8000050E838
:10844000000FD8F8001020F4907041E80002B2B19B
:10845000D8F8000050E8000FD8F8001020F4907011
:1084600041E800025AB1D8F8000050E8000FD8F8EF
:10847000001020F4907041E80002002AD2D14FF69B
:10848000FE70CEF6FF70D8F8001051E8021FD8F841
:108490000020014042E80213F3B1D8F8001051E87F
:1084A000021FD8F80020014042E80213A3B1D8F817
:1084B000001051E8021FD8F80020014042E80213E2
:1084C00053B1D8F8001051E8021FD8F8002001403D
:1084D00042E80213002BD6D1D8F86C0001282CD129
:1084E000D8F8000050E8000FD8F8001020F0100075
:1084F00041E800020AB3D8F8000050E8000FD8F8AD
:10850000001020F0100041E80002B2B1D8F80000DD
:1085100050E8000FD8F8001020F0100041E80002E9
:108520005AB1D8F8000050E8000FD8F8001020F039
:10853000100041E80002002AD2D12020C8F88C00A7
:1085400000200821C8F86C00C8F87400C8F8901022
:1085500088F884000120BDE8F081000040F630502A
:10856000C2F20000FBF7FCBE40F6C450C2F20000AD
:10857000FBF7F6BEFEE70000B0B540F2B824C2F249
:1085800000042046442101F073FC4BF62910C0F68C
:1085900000001E2100222AF0DDFB40F25C25C2F221
:1085A0000005686001202870204601F02BFC014680
:1085B000686829B12AF0CEFC00202870B0BD00BF49
:1085C0002AF0B8FC00202870B0BD00002DE9F0436F
:1085D000B1F900E0B2F90470BE4511DCB1F904C094
:1085E000B2F90060B4450BDBB1F90250B2F90640B4
:1085F000A54205DCB1F90680B2F90230984503DAEC
:10860000FF2358B2BDE8F083B64503DBAB42D8BFC9
:10861000BC4511DD5E1B36B2A8EB0509012E11DB4E
:10862000A0F800E04580A0F804C0C380D4884D883D
:10863000B1F80680012306E0A045EBDC002358B228
:10864000BDE8F0830023A9EB04062E4436B2012EC8
:1086500015DB0FFA88F627B2B74210DA0E888F883A
:1086600005EB090800EBC30520F833606C80AF8090
:10867000A5F806804D88D488B1F806800133B2F998
:1086800002602DB227B20FFA88F4AE42C8BF354659
:10869000A742B8BF3C46661B36B2ACEB0E0C012EAF
:1086A0000E8810DBB2F800E0AEEB06073FB2012FF8
:1086B00009DB00EBC30720F833607D80A7F804E0F6
:1086C000FC800E8801339188ACEB0102324412B277
:1086D000012A09DB00EBC30706EB0C0220F833107C
:1086E00001337D80BA80FC8058B2BDE8F083000081
:1086F000F0B50346B1F90000B2F90050B1F902C07B
:10870000B2F90260B1F904E0B2F90470A842B1F91B
:108710000640B2F90610C8BF0546B4451D80C8BF63
:108720006646BE4530B25E80B8BF77469F808C42B9
:10873000B8BF21460AB20026BD424FF00007D8BF9D
:1087400001279042D8BF012607EA0600D980F0BD74
:108750002DE9F04381B0B0F90070B1F900309F42CB
:108760003EDBB0F90250B1F902309D4238DBB0F97E
:108770000460B1F904309E4232DCB0F90640B1F930
:10878000060084422CDC7AB36B46884608461946BC
:10879000ADF80070ADF80250914600F099F8F8B1CC
:1087A000694640464A46ADF80060ADF8025000F018
:1087B0008FF8A8B1694640464A46ADF80070ADF85A
:1087C000024000F085F858B1694640464A46ADF887
:1087D0000060ADF8024000F07BF801B0BDE8F08326
:1087E000002001B0BDE8F083012001B0BDE8F083B6
:1087F000B0F90020B1F904309A4213DCB0F904203A
:10880000B1F900309A420DDBB0F90220B1F906301F
:108810009A4207DCB0F90600B1F902108842A4BF01
:1088200001207047002070472DE9F04381B0B0F976
:108830000460B1F900309E4211DBB0F90670B1F965
:1088400002309F420BDBB0F90040B1F904309C428A
:1088500005DCB0F90250B1F90600854204DD0120C3
:1088600001B0BDE8F08300BFFAB16B468846084608
:108870001946ADF80040ADF80250914600F028F8D6
:1088800098B9694640464A46ADF80060ADF80250D6
:1088900000F01EF848B9694640464A46ADF8004027
:1088A000ADF8027000F014F820B1002001B0BDE86E
:1088B000F08300BF694640464A46ADF80060ADF817
:1088C000027000F005F880F0010001B0BDE8F0830F
:1088D0002DE9F041B1F90030B0F90040A3420DDBC1
:1088E000B0F904E0734509DCB1F902C0B0F9021037
:1088F0008C4503DBB0F90650AC4503DD0020BDE834
:10890000F08100BF012A56DBAEEB040001306F1A84
:108910001FFA80F80137BEB200EBD83007EBD6362D
:1089200007B230B27E10B6EB600F4FEA6000B8BFFE
:1089300078108242B8BF1046021917B2421816B218
:10894000BB42D8BFB44517DD2A1A12B2BB422DDC98
:1089500094452BDB391809B26044091B01EBD17136
:1089600004EB61074E1002EB6101DB1B401A13FBA5
:1089700003F106FB06F210E0384400B2001B00EBE6
:10898000D07004EB6007421001EB6000D91B11FBB3
:1089900001F1ACEB000002FB02F210FB0011002021
:1089A000914298BF0120BDE8F08100BFAEEB00040A
:1089B00024B2A34202DA0120BDE8F081944517DA1F
:1089C000B445F8DC201A02B2AEEB020202EBD2721E
:1089D00000EB620001EB6201181A10FB00F0571067
:1089E000ACEB010107FB07F211FB0101D7E700BF68
:1089F000211A0CB26044AEEB040707EBD77701EB0A
:108A0000670102EB6702591A7E10801A11FB01F10F
:108A1000AFE7000070B5B1F90030B2F90040B1F92C
:108A200002C0B2F90250B1F904E0B2F90460A34205
:108A3000B1F90610B2F90620B8BF1C46AC45048057
:108A4000B8BF6546B6454580C8BF76468680914228
:108A5000C8BF0A46C28070BD2DE9F04F91B00446F0
:108A60002AF0FEF840F290190021C2F200090390AA
:108A700008914CB1E1682046C9F800102AF05AFA72
:108A8000D9F8000004E000BF0FF00AFCC9F80000AC
:108A9000006925F01DFFD9F80010486918B125F0CC
:108AA00017FFD9F80010C86925F012FFD9F80000A7
:108AB000006A25F00DFFD9F800100869002800F0C1
:108AC000DF80B1F85001002858D000274FF001088E
:108AD0000DF1240A012004E0B1F85001013787426A
:108AE0004CD20028F8D0C81990F830010028F3D1F2
:108AF000002504E0B1F8500101358542ECD2BD42B9
:108B0000F8D0481990F830010028F3D1303101EB4A
:108B1000C70001EBC501FFF76BFED9F80010002874
:108B2000E8D001F1300000EBC70100EBC502504670
:108B3000FFF770FF50460BF0C5FDD9F80010044652
:108B400001EBC70101F130000BF0BCFDD9F80010BA
:108B5000064601EBC50101F130000BF0B3FD3044D6
:108B6000D9F800108442C5D201EBC700099A0A9BCC
:108B700002634363481980F83081BBE70868027CD0
:108B8000D20700F0AB80C0684068002800F0A680E3
:108B900001F5AC7001F0D8F9D9F80010002840F0C8
:108BA0009D800868C068036882689A4208BF43686D
:108BB0000846CDE906320FF08DFBD9F8001005907C
:108BC000B1F850210020002ACDE90F00CDE90D00B9
:108BD000CDE90B00CDE9090058D00DF1240BABF124
:108BE000080A4FF0000807E0D9F8001008F1010862
:108BF000B1F85001804549D201EB080090F83001EE
:108C00000028F1D101F5AC7001F0FCF80028EBD0A0
:108C100004460CE0D9F80000214600F5AC7001F0E4
:108C20009DF920461FF078F8002D2C46DCD0D9F8AD
:108C30000000214600F5AC7001F00CF9D9F80010E5
:108C4000054601EBC801584601F130022146FFF705
:108C5000BDFC06460130E7D0012EDBDB574600BFE6
:108C6000D9F80000214600F5AC7001F021F957F861
:108C7000081F013E7A6801604260F1D1CAE700BF77
:108C80000020A1F8500111B0BDE8F08F01F5AC70E3
:108C900001F0B8F80DF1140898E86001B0B104468D
:108CA000D9F80000414600682A46C06B2346876B0E
:108CB000CDE900650294B847D9F80000214600F5D7
:108CC000AC7001F0C7F804460028E9D1D9F80000DB
:108CD00000F5AC7001F064F8D9F80010B1F85081DB
:108CE0000020B8F1000FC9F8040000F0AF81B8F11E
:108CF000010F1DDB01EB080090F82F21F2B1B8F154
:108D0000010F15D090F82E21F2B1B8F1030F0FD357
:108D100090F82D21002A00F0A381B8F1030F07D0AD
:108D200090F82C01A8F104080028E0D10EE000BF63
:108D30004FF000080868426B5AB90EE0A8F101082C
:108D40000868426B2AB908E0A8F102080868426B7B
:108D50001AB19047D9F800100868C068826922F0FB
:108D6000010282610868C068826922F002028261A1
:108D7000B1F8502191F82800002A40F0040281F84F
:108D8000282000F05F810025CDF8108014E000BF9E
:108D9000DDE90485D9F8000000EBC50030300BF0A8
:108DA00091FCD9E900121044C9F80400B1F850014F
:108DB0000135854280F0FA80481990F8300100288A
:108DC000F4D1454505D10868C068826942F00102C6
:108DD00082610868C068826922F0020282610868C4
:108DE000C268C66B92683260007C01EBC5028007E6
:108DF00002F1300B28D008460FF06CFAD9F80010B9
:108E0000441E08460FF0BCFA013807B223B209AC81
:108E100020460021002200970BF090FCD9F80000BA
:108E200074600068D0E903018269890759BF8169CC
:108E300062F3410142F00201A34681613046C6F867
:108E400008B02CF0B1FBA5E70595BBF80080BBF896
:108E50000450BBF802A0BBF9064008460FF090FA98
:108E6000844203DABBF8067005E000BFD9F80000C1
:108E70000FF086FA471ED9F80000A5EB080100683C
:108E80000131C368A4EB0A02DB6809B20132B3FB0B
:108E9000F1F10FFA82FA80695145B8BF8A4608B3EA
:108EA000002055460990ADF8280000BF6C1ED9F887
:108EB0000000ADF82A40006809A982699047BDF812
:108EC0002610BDF92A00411A013109B28A4502DA99
:108ED00025B2002DEADC29B24FF0000A0029C8BFF4
:108EE00000F1010ABBF90220CDF81CB0AAF1010182
:108EF0000FFA87FB90B206911144594522DD0025F7
:108F0000A9B2BAB28A423FF443AF079A1188ADF8CA
:108F100024109188ADF82600ADF8281009A9D9F8D9
:108F20000000ADF82A707160B1600068C0688168A7
:108F30003160816941F00201816130462CF034FBDF
:108F400026E700BF0AEB02080CE000BF30462CF019
:108F50002BFB0699404601FA88F10AFA88F8594530
:108F60002746CDDC079B0DB21A88AB45ADF824200F
:108F70009A88ADF82600ADF8282009AAD9F8000093
:108F8000ADF82A107260B2600068BAB2C0683C46A0
:108F900081683160BCBFADF82A703D46A9B28A42F3
:108FA000D4D1816941F002018161CFE791F8282095
:108FB000002802F0FB0281F8282047D00868027CD4
:108FC000D2071FD0C0684068E0B14FF498743025D4
:108FD00009E000BF0134B1F85001A4F59872824253
:108FE00005F108050ED2085D0028F3D101F5AC703B
:108FF00000F090FFD9F800104A1952684B594260AE
:109000000360E7E701F130004FF480711FF0EAFAE6
:10901000D9F80000202100F598701FF0E3FAD9F884
:1090200000000021A0F85011039829F001FE0890DB
:10903000D9F800000068436A43B10899D9F80420C0
:10904000984703E000F0FB0081F828001EF084FC44
:1090500000F052F800F00CF811B0BDE8F08F00BF3E
:10906000A8F103080868426B002A7FF472AE74E628
:1090700010B540F21844C2F200042068002818BF5E
:109080001EF04AFE20461C211FF0ACFAE0690028C1
:1090900018BF1EF041FE04F11C001C211FF0A2FAB3
:1090A000A06B002818BF1EF037FE04F138001C2109
:1090B0001FF098FA606D002818BF1EF02DFE04F115
:1090C00054001C21BDE810401FF08CBA40F650112E
:1090D000C2F20001096804E00A7E42F001020A7649
:1090E0004969002908BF70474A688242F4D00A687B
:1090F0008242F5D1F0E700007047000040F2AC205A
:10910000C2F20000042100F0B3BE000040F2C4200F
:10911000C2F20000202100F0ABBE00002DE9F04FAC
:1091200085B00E9E1D46002B834608BFB6F5807F96
:1091300068D0DDF83C800023019301A8ADF8081049
:10914000CDF80A30ADF80E20ADF81010ADF81220B1
:10915000294632464346071D00F1080900F10C0A72
:1091600025F00AFC384629463246434625F004FCE1
:10917000484629463246434625F0FEFB50462946DE
:109180003246434625F0F8FBBDF90410BDF90870DE
:10919000BDF90C60BDF91040B9423846BDF906C0B2
:1091A000BDF90A30B8BF0846A6422546B8BF3546C5
:1091B000A842B8BF0546B942C8BF0F46A642C8BFBD
:1091C0003446A742C8BF3C46A11CBDF90E60BDF99C
:1091D00012409C451A46A5F10200B8BF6246A6425D
:1091E0002546B8BF3546AA42B8BF15469C45C8BFFC
:1091F0006346A642C8BF3446AF1EA342C8BF1C4642
:10920000A21C03E00139013A00200027ABF800005E
:10921000ABF80270ABF80410ABF8062005B0BDE85F
:10922000F08F0000F0B581B016460C46074629F0D5
:1092300017FDA2B240F20854C2F2000405462046CF
:10924000394633461BF010F830B1E0690021A162C5
:1092500070B1204601B0F0BD20462C211FF0C2F9AC
:109260004FF00040A0620024204601B0F0BD00BFD6
:10927000284629F0DDFC012898BF0120E061204646
:1092800001B0F0BD10B540F2D024C2F20004204677
:10929000142100F0EDFD204600F0F2FDC0B11421D4
:1092A00004461FF09FF943F2DD6043F2CD71C0F632
:1092B0000200C0F60201206043F67530616043F29F
:1092C000A561C0F60200C0F60201C4E9020110BDAA
:1092D000FEE70000B0B50C460546084610211FF019
:1092E00081F92868017804290AD0022906D00129C9
:1092F00008D1A98A2180E98A618003E0E96800E059
:109300000A2161604268002A08BFB0BD2146BDE85D
:10931000B04010472DE9F04F8DB00446804634F838
:10932000140F20B9B8F81600002800F02D83D8F8E3
:109330002C90B9F1000F45D04FF4807600274D46B0
:10934000284600216E2222F0B9FB0744284600215E
:109350006D2222F0B3FB01B2C90D50FA81F000B2C8
:10936000001200FB06F6284621F0CEFD0546002837
:10937000E6D1380440F08E81B0B2B0F5807F40F085
:10938000898198F8400000F00F00032840F0978191
:10939000484621F0E5FE0546484621F065FEB4F951
:1093A00000100246032748462B46009706F0B0FF00
:1093B00005460026484621F025FEC10700F09681AB
:1093C0009AE100BF1BF0C8FC0068B8F81410B8F8A8
:1093D0001820037E5018A8F81800B8F81600B8F83E
:1093E0001A10D8F824700844002FA8F81A0000F0CA
:1093F000CB82584207904FF0000900204FF0000A3E
:109400004FF0000B0194039308900690CDF8108064
:109410004FF4807600243D46CDF830902846002158
:109420006E2222F04BFB0444284600216D2222F0DC
:1094300045FB00B200FB06F00612284621F064FD51
:1094400005460028EAD1D8F8180021040B9008BF7F
:10945000B6F5807F0ED060424FF4803191FBF6F27A
:1094600001B20BA80CAB25F087FABDF82C00BDF8B3
:109470002E1000E0010C02B20BB280EAE23081EA69
:10948000E331A0EBE230A1EBE33180B289B2884254
:109490004FF000004FF0000188BF012098BF01216C
:1094A0004BEA010B4AEA000A3846102122F024FD5B
:1094B000002800F0CD803846CDF824A021F0A2FD90
:1094C000804600F004000BEA900408F008000BEA64
:1094D000D0063846CDF814B021F0C4FE8246384696
:1094E00021F02EFD8346384621F0BEFD81463846E8
:1094F00021F036FEBAF1000FD8BFBBF1010F71DBCE
:10950000BDF82E10DDF80CE009B200227145A8BFAD
:109510000122079B224099424FF00001D8BF012150
:10952000069D3140114318BF0C25089918BF3946D4
:109530000891B9F1000FD8BF00285BDD099A08F047
:10954000020108EA020302EA510CBDF82C2006943D
:1095500012B2B9F1000F4FF000044FF00001029673
:10956000C8BF01247245A8BF0121079E1940B2421D
:109570004FF00006D8BF012606EA0C06314318BF9B
:109580000325089918BF3946089104EA0301012907
:1095900002D1724580F2048100284FF00001C8BF5B
:1095A0000121BBF1000F4FF00000C8BF0120BAF14C
:1095B000000F4FF0000301EA0C01C8BF0123029C19
:1095C0000129069900EA040001EA03014FF00009AD
:1095D00024D1DDE9048B079BDDF824A09A4223DC2B
:1095E000E4E000BF069DDDF80CE0B9F1000FD8BF44
:1095F0000028A3DCBBF1000F4FF000004FF000018A
:10960000C8BF0120BAF1000FC8BF0121DDF81080EA
:10961000214030404FF0000902E000BFDDF810802B
:10962000DDF824A0DDF814B0BDF82E20002312B21E
:109630007245A8BF0123079EB2424FF00002D8BF77
:1096400001221942069508BF10EA020040F0A080EE
:1096500038464FF4807122F04FFC002804BF8AF096
:1096600001005FEAC07000F0AA8038464FF4007134
:1096700022F042FC002804BF8BF001005FEAC070BA
:1096800000F09D80384621F03FFC074600287FF41B
:10969000BFAE94E030B24FF4803292FBF0F07942EA
:1096A000002309B202B20A930AAB204625F064F9FE
:1096B00098F8400000F00F0003283FF469AE4846D8
:1096C00021F0D0FD0546484621F03AFCB8F91610C5
:1096D00003460C2748462A46009706F019FE064620
:1096E0000025484621F08EFCC10705D1002D03DD81
:1096F0000025410706D509E0810758BF25EAE57531
:10970000410703D4002E01DD002603E0000758BF07
:1097100026EAE676B8F91A10B8F9363001FA86F773
:10972000B8F91800B8F934205C1A9F42B8BF01FAA2
:1097300084F7B8F93A30B8BF26469F42C8BF5E1AD0
:1097400000FA85F1131A9142B8BF00FA83F1B8F913
:109750003820B8BF1D4636B29142C8BF151A2DB287
:1097600048462946324600F049FC98F80100800737
:1097700000F10A81B8F81800B8F81A102844A8F8BF
:1097800018008819A8F81A000DB0BDE8F08F00BFC6
:109790005FEACA704FF00C0018BF032008E000BF5A
:1097A000DDF810800695032002E000BF0320069537
:1097B00098F8401001F0F001084488F84000DDF806
:1097C0002090019CB9F1000F00F0DE8098F8400075
:1097D000069900F0F00001F00F01084488F84000FD
:1097E00000204EF20107C8F8180048468021C8F84A
:1097F0002C90CFF6FF7722F07FFBC8B1484621F0CE
:1098000029FD03282ED002281ED0012848D1B9F8FE
:10981000160041F6FF72013001B24846002306F0FF
:10982000CDFEA8F83600B9F81600013802B231E0D2
:1098300008F1340041F6FF7639463A4641F6FF73A7
:1098400000960AF07BFF79E0B9F91A10484641F614
:10985000FF72002306F0B2FEA8F83600B9F91A200C
:1098600018E000BFB9F81600B9F81A100023091A59
:1098700001318AB201EBD23141F6FF7209B200EB3D
:109880006105681C01B2484606F098FE691E0AB2DE
:10989000A8F8360048463946002306F08FFE03E05C
:1098A00041F6FF70A8F83670A8F83A00484621F053
:1098B000C9FC03281ED002280ED0012838D1B9F9DE
:1098C0001410484641F6FF72002306F0D9FDA8F8AF
:1098D0003400B9F9142025E0B9F91810484641F6CA
:1098E000FF72002306F0CCFDA8F83400B9F9182067
:1098F00018E000BFB9F81400B9F818100023091ACD
:1099000001318AB201EBD23141F6FF7209B200EBAC
:109910006105681C01B2484606F0B2FD691E0AB234
:10992000A8F8340048463946002306F0A9FD03E0B4
:1099300041F6FF70A8F83470A8F83800B8F8340081
:109940000921002808BFA8F83470B8F838000022B0
:10995000002804BF41F6FF70A8F83800B8F83600B8
:10996000002808BFA8F83670B8F83A00002804BFED
:1099700041F6FF70A8F83A00484618F075FC98F8D0
:10998000010080077FF5D8AC0DB0BDE8F08F000076
:109990002DE9F04782B0C56A002D1EBF044690F83D
:1099A00040005FEA007003D102B0BDE8F08700BF5D
:1099B0001BF0D2F9824600684021477E284622F0FB
:1099C0009BFA002804BF0020E061284621F03AFC01
:1099D0008046284621F03EFC94F84010814601F074
:1099E0000F01032946D00C2940F01C81E68B002092
:1099F000B9F1000FA08300F07F801BF0ADF9002EBD
:109A00004FF0000C00F0C480006848F21F52407E06
:109A10000027C0F16400C5F2EB1200BF10FB06F393
:109A2000374453FB02F3591101EBD373190400F0CF
:109A3000B08010FB03F11F4451FB02F14E1106EB05
:109A4000D176310400F0A58010FB06F1374451FBBC
:109A500002F14B1103EBD173190400F09A8010FB53
:109A600003F11F4451FB02F14E1106EBD176310494
:109A7000D4D18EE0A68B0020B8F1000FE08361D036
:109A80001BF06AF9002E4FF0000C00F0A580006872
:109A900048F21F52407E0027C0F16400C5F2EB126D
:109AA00010FB06F3374453FB02F3591101EBD37358
:109AB000190400F0928010FB03F11F4451FB02F1E6
:109AC0004E1106EBD176310400F0878010FB06F1D1
:109AD000374451FB02F14B1103EBD17319047CD0D5
:109AE00010FB03F11F4451FB02F14E1106EBD1763E
:109AF0003104D5D171E000BF30B2C7F1640101FB80
:109B000000F048F21F51C5F2EB1150FB01F0410982
:109B100001EBD070E083284621F012FA0746284670
:109B200021F0A0FBB4F91E1002460C2628463B4645
:109B3000009606F0EDFB0246E08328460021002354
:109B40006EE000BF30B2C7F1640101FB00F048F2E3
:109B50001F51C5F2EB1150FB01F0410901EBD07030
:109B6000A083284621F080FA0746284621F0F8FA1B
:109B7000B4F91C100346032628463A46009606F020
:109B8000C7FB0146A08328460022002348E000BF0F
:109B90000027B4F91A00B4F9361000FA87F2B4F9C4
:109BA0003A308A42A1EB0001BCBF00FA81F20F46B5
:109BB0009A42C8BF1F1A3BB24EF20101CFF6FF71A5
:109BC000284641F6FF72A4F81EC006F0F7FC3844A0
:109BD00002B22846002122E00027B4F91800B4F9A7
:109BE000341000FA87F2B4F938308A42A1EB000150
:109BF000BCBF00FA81F20F469A42C8BF1F1A3BB29F
:109C00004EF20101CFF6FF71284641F6FF72A4F82B
:109C10001CC006F035FC384401B22846002201235E
:109C200024F036F8A08B00287FF4BEAEE08B00282D
:109C30007FF4BAAEB9F1000F16D1284621F012FB1D
:109C40000746284621F07CF9002FD8BF01280BDBFE
:109C5000002F03D4B0F1FF3F06DC47423AB228465A
:109C60000021012324F014F8B8F1000F16D1284682
:109C700021F0FAF90746284621F072FA002FD8BFE2
:109C800001280BDB002F03D4B0F1FF3F06DC474275
:109C900039B228460022012323F0FAFF28460A2180
:109CA000524618F0E1FA607880073FF57DAE94F8EF
:109CB000400000F0F00084F840000020E06202B0B4
:109CC000BDE8F087F0B585B004460D4620B90EF02A
:109CD000E7FA0446002860D020460EF069FB002811
:109CE0005BD094F82800400757D40020D5B30290E9
:109CF00020460EF0EFFA0138ADF80C0020460EF0C9
:109D00003FFB0138ADF80E00684602AA2946FEF76F
:109D1000EFFC002841D02068017C890726D48269A5
:109D2000002A1CBF69469047B4F8500130B304F1D3
:109D3000300500276E4600BF304629460022FEF758
:109D400007FD50BBB4F850010137874205F1080503
:109D5000F2D31F2813D9DDE90201206361630121D9
:109D600014E000BFA4F8500105B0F0BDDDE9020128
:109D7000C4E90C016068012109E000BF002004EB88
:109D8000C001009A019B0A634B63411C6068002874
:109D9000A4F8501118BF29F0DDF805B0F0BD00009F
:109DA00070B538B345680446002D08BF70BD002665
:109DB00007E000BFA260DAB111444E601DF0ACFFB5
:109DC000C5B1D4E9001328466A18556883420BD000
:109DD000A36812688342EDD0002A1CBF53185D604F
:109DE00065B16A50EAE700BF65602DB16E50E5E7E6
:109DF0006660E3E770BD00BF0021A160BDE8704070
:109E00001DF08ABF002814BF406800207047000082
:109E1000F0B14268E2B10168032000BF0A44526811
:109E2000002A04BF023870470A445268002A04BF5F
:109E3000013870470A445268002A08BF70470A4434
:109E400052680430002A04BF03387047E6E700BFB9
:109E50000020704700680844406870470068085850
:109E600070470000002814BF806800207047000081
:109E70000331002221F00301C0E900128260704723
:109E800010B50446006808301DF048FD002808BFE2
:109E900010BD21680022425062684318002A5A60AF
:109EA00018BF5050A1686060002908BFA06010BDB5
:109EB00070B5044600284FF000001CBF0D46002975
:109EC00000D170BDD4E9000608301DF027FDAE4278
:109ED0000CD0E8B121686A58002A1CBF531858609A
:109EE0004318425068505D6070BD00BF4FF00002E3
:109EF00070B12168425062684318002A5A6018BF46
:109F00005050A1686060002918BF70BDA06070BD8E
:109F1000002070BD10B50446006808301DF0FEFC3E
:109F2000002808BF10BD2168002342185360A268B2
:109F3000002A42501CBF114448606168A06000299B
:109F400008BF606010BD000030B1416809B9806889
:109F500010B10020704700BF01207047002808BFE3
:109F6000704742688A4213D00268836851F802C081
:109F70008B4219D088184068BCF1000F1CBF0CEB55
:109F800002014860002818BF40F802C0704700BFB7
:109F9000026811444968002941601EBF00208850B2
:109FA00070470021816070470021BCF1000FC0F8AC
:109FB00008C018BF0CEB02004160704710B50446A2
:109FC000006804E00068002808BF10BD20608268B7
:109FD000002AF7D0214690472068F3E780680028E0
:109FE00014BFC08A002000B27047000080680028BB
:109FF0000EBF0020807E80097047000070B50E46BD
:10A0000011431BD0154604461FF090FEA0680123A3
:10A01000018A428A314401825119418220463146E7
:10A020002A4622F063FB20460B21002218F01CF97F
:10A03000012818BF70BD204622F0A4FA012070BD8F
:10A04000F0B581B01446C8B1622205460E4621F033
:10A0500035FD98B1016889B107462846314663222B
:10A0600021F02CFD010609D03B463F68A1B2C2B2E7
:10A070001846B847C0EA040001B0F0BD2046C0EA67
:10A08000040001B0F0BD00002DE9F04F91B005468D
:10A09000408CDDF868B040F0080068841646BBF8D4
:10A0A000082028461F468A462E8421F007FDBBF86B
:10A0B00008200446284651462F8421F0FFFC698C75
:10A0C000814621F008004C45688403D102D111B0CB
:10A0D000BDE8F08FBBF80820284651462E8421F0B9
:10A0E000EDFC8046284651462F8407F047FC006867
:10A0F000BBF80810424626F061FEBBF808000B28AA
:10A1000028D147F6FF76B14518BFB04522D1284681
:10A1100021F080FE81B200EBD13000B2441028461D
:10A1200020F096FE81B2B04500EBD13000B24FEA8C
:10A13000600005D1611C00F101084145B8BF8846A7
:10A1400047F6FF71894505D1611C00F101094945B8
:10A15000B8BF894640F2DC20C2F20000FFF790FE53
:10A16000C0B3C0E90389BBF808106C460560818064
:10A17000C0F808A00546204609F048FC4CF26D40A6
:10A18000C0F6030001904CF29560C0F60300029007
:10A190004CF2D950C0F6030003900020CDE908002E
:10A1A000FF200A90BBF80000BBF802100B90484259
:10A1B0000C90DBE903019DF84220079002F0FE00BD
:10A1C0008DF8420020460095069109F0A1FC11B0DF
:10A1D000BDE8F08FFEE7000040F2DC20C2F2000094
:10A1E0001421FFF745BE00002DE9F04F81B0044671
:10A1F000408C10F47C7F00F035816FEA01086FEA33
:10A2000002094FF0000A04276D464FF0000B0CE0E6
:10A210004FF0020A608C00BFC0F305110BF1010B77
:10A220008B4507F1080780F01781E16801EBCB024D
:10A23000D2799207F0D4CA5B02EA0803B3FA83F337
:10A240005B0912EA090218BF01225340E4D151F818
:10A250003B60102130462A4626F002FB002840F0E1
:10A26000F980304611212A4626F0FAFA002840F0FB
:10A27000F180304612212A4626F0F2FA002840F0FA
:10A28000E980304613212A4626F0EAFA002840F0F9
:10A29000E180304615212A4626F0E2FA002840F0F7
:10A2A000D980304614212A4626F0DAFA002840F0F8
:10A2B000D18030460A212A4626F0D2FA002840F002
:10A2C000C98030466B212A4626F0CAFA002840F0A1
:10A2D000C18030466C212A4626F0C2FA002840F0A0
:10A2E000B980304601212A4626F0BAFA002840F00B
:10A2F000B180304604212A4626F0B2FA002840F008
:10A30000A980304602212A4626F0AAFA002840F009
:10A31000A180304603212A4626F0A2FA002840F008
:10A320009980304605212A4626F09AFA002840F006
:10A330009180304606212A4626F092FA002840F005
:10A340008980304632212A4626F08AFA002840F0D9
:10A35000818030466E212A4626F082FA002879D183
:10A3600030466D212A4626F07BFA002872D130460D
:10A3700069212A4626F074FA00287FF449AF304656
:10A380006A212A4626F06CFA00287FF441AF304655
:10A390006E212A4626F064FA00287FF439AF304651
:10A3A0006D212A4626F05CFA00287FF431AF304652
:10A3B00037212A4626F054FA00287FF429AF304688
:10A3C00038212A4626F04CFA00287FF421AF304687
:10A3D00035212A4626F044FA00287FF419AF30468A
:10A3E00040212A4626F03CFA00287FF411AF30467F
:10A3F00045212A4626F034FA00287FF409AF30467A
:10A4000041212A4626F02CFA00287FF401AF30467D
:10A4100042212A4626F024FA00287FF4F9AE30467D
:10A4200043212A4626F01CFA00287FF4F1AE30467C
:10A4300049212A4626F014FA5FFA8AFABAF1010F86
:10A440004FF0010198BF8A4600284FF0020018BF64
:10A450008246DFE64FF0030A5FFA8AF001B0BDE8FA
:10A46000F08F00BF4FF0000A5FFA8AF001B0BDE83C
:10A47000F08F000040F29010C2F2000000687047B8
:10A4800070470000C0F30410072828BF072070475A
:10A490004FF6FF71884204BF1F20704710B900209B
:10A4A000704700BF702805D84EF69E71C0F60301B4
:10A4B000085C704740F28421C2F20001096800295B
:10A4C000EDD040F234527138C2F2000280B212680C
:10A4D000824284BF085C7047E1E7000080B540F22B
:10A4E0008820C2F200001821FFF7C2FC40F2F420DD
:10A4F000C2F200000121417080BD0000002808BFA9
:10A5000070472DE9F041164604460D46F5F73DFF2C
:10A5100040F26C08C2F20008D8F800200746204636
:10A5200029469047D8F800200546204431469047F8
:10A53000391A8D4202D9BDE8F0417047204400BF6E
:10A54000425D6B1C8B426255F5D843195F78AE1C97
:10A5500062198E425770EED89F78EE1C8E4297702B
:10A56000E9D8DB7804358D42D370E9D9E3E7000000
:10A570002DE9F04140F26008C2F200081446D8F814
:10A5800004200F4619461D4606469047386048B1DC
:10A590002868D8F804203044002190472060BDE8A6
:10A5A000F08100BF00202060BDE8F0812DE9F04F70
:10A5B0008DB0169C8046002C1CBF002020809A463F
:10A5C000B8F1000F38D000294FF0000000F06A8287
:10A5D0000D4698F80010002900F06482179810F0DA
:10A5E000060F2DD00020012242F2014302E000BFFD
:10A5F000397904300D2904D802FA01F71F4240F0DE
:10A60000148108EB000779780D2904D802FA01F6C5
:10A610001E4240F00781B9780D2904D802FA01F6EC
:10A620001E4240F00181F9780D29E1D802FA01F6C5
:10A630001E42DDD00330F8E000200DB0BDE8F08F01
:10A640000021BAF1010F0A91C0F21C820895C007DF
:10A6500017464FF00005099240F0F4800024CDF831
:10A66000008040F26000C2F2000008EB0401426882
:10A6700000200C90079108460CA99047064618F850
:10A6800004000C9900280B9100F07E8017FA8AF0E4
:10A69000CDE9034A0590079800234FF0FF374FF0AC
:10A6A000000B00244FF0000A069540F26001C2F250
:10A6B00000014A680BA91D46B84690478146089894
:10A6C00031464A4618F01EF801B2044409980029A0
:10A6D000C8BF044421B2059857468842A8BF4FF02E
:10A6E000FF3718F1010218BF47460A2E18BF0D2E7A
:10A6F00000F04080A6F59C4245F2A6139A42C0F0B5
:10A700003980A6F120023F2A00F22280DFE802F021
:10A7100032202020202020202020202032323220F1
:10A720002020202020202020202032322020202005
:10A730002020202020202020202020202020202019
:10A7400020202020202020202020202020202032F7
:10A750002B467A1C08BF0B46DDE90B1A07980C91B3
:10A760000BF1010B10F80A104E4600297FF49DAF43
:10A770000FE000BFBAF1000F0AD17A1C08D1069D84
:10A7800000270B4611E000BF00233A4622E000BF3D
:10A790002B46069D791C07D0039CDDF80080099AA2
:10A7A000DDF810A0BCB181E15746DDF80080DDF88E
:10A7B00010A0BBF1000F0BD00998039C0D2E2BD1DC
:10A7C0000246B9F10A0F08BF0C9F1D443FB94FE183
:10A7D000099A039C0C9F002F1D4400F0498198F8B2
:10A7E00000103C440A290A9418BF0D2900F040814A
:10A7F00018F804000A2818BF0D2800F03781002837
:10A8000000F03681AAEB03000FFA80FA1746BAF17E
:10A81000000F3FF726AF2BE10246002F1D44DED18B
:10A8200026E100BF013000E00230002918BF0130EE
:10A83000002C00F037814FF6FF7121800DB0BDE88C
:10A84000F08F00BF4FF0000B002440F26000C2F216
:10A85000000008EB0406426800200C9030460CA96A
:10A86000904718F804100C9A00290B9200F0B4805D
:10A8700017FA8AF10695CDE9034A019100224FF0BB
:10A88000FF31002500274FF0000A0BAC059207911D
:10A890000BE000BF4FF0010BDDE90B1A01350C9105
:10A8A00016F80A20002A00F0898040F26001C2F206
:10A8B00000014A688146304621469047B9F1230F8E
:10A8C0005FFA8BF106D10029E4D002290ED14FF0B6
:10A8D000000BE1E7012907D14FF0010BB9F1200F7F
:10A8E00008BF4FF0020BD7E7029006E04FF02309B4
:10A8F0000129029008BF4FF0000B0898029A4946C0
:10A9000017F000FF01B2074409980029C8BF0744A7
:10A910003AB2019851469042A8BF4FF0FF31079BD1
:10A92000581C18BF1946B9F10A0F18BFB9F10D0F1D
:10A9300000F05480A9F59C4045F2A6139842C0F05F
:10A940004D80A9F120003F2800F22280DFE800F0CE
:10A95000462020202020202020202020464646205F
:10A96000202020202020202020204646202020209B
:10A9700020202020202020202020202020202020D7
:10A9800020202020202020202020202020202046A1
:10A99000DDF830A0481C16F80A00059B08BF1346D6
:10A9A00000280B981A460C90029805F101057FF4D7
:10A9B0006DAF099B81460E4604E000BF099B059AD6
:10A9C000079E8146711C13D0039CDDF810A0069DE4
:10A9D0001F4614B36AE000BF00221DE00298BAF1DE
:10A9E000000F39D14B1C099B32D1002601E000BF7A
:10A9F0005646002DDDF810A0069D0BD0039CB9F142
:10AA00000D0F2DD11F460A2808BF0C9E154436B9DC
:10AA10002EE000BF039C1F460C9E154446B398F8D9
:10AA2000000034440A280A9418BF0D2820D018F8D2
:10AA300004000A2818BF0D2818D0C8B1AAEB0200DC
:10AA40000FFA80FABAF1010FBFF6FFAE10E000BFB7
:10AA5000059A0E46B6E700BF099B059A0E46B1E778
:10AA60001F46002E1544DAD102E000BF01340A94DB
:10AA70000695002C169C089D04D0002C069818BF43
:10AA800020800EE040F26000C2F2000042680AA995
:10AA9000404690472CB101462846002217F032FE6E
:10AAA00020800A980DB0BDE8F08F00BF169CE4E747
:10AAB000002808BF70472DE9F04F83B01446002AE4
:10AAC00000F08A80824620460D46F5F75EFC00289D
:10AAD00000F08280064650460194F5F756FC074682
:10AAE00040F26C00C2F20000026850462946BC19D0
:10AAF000904700EB060C6445029613D2029E019A21
:10AB000016F003030AEB000740D0154615F8010BB9
:10AB1000394601F8010B012B3ED1701E0F46042E61
:10AB20004BD259E0029EAAF10102A6F1030E95193B
:10AB3000A6F10209D11907EB060891F801B0A8F1B6
:10AB40000104EB19644583F801B0D7D312F80780EC
:10AB500007EB0904644505F80780CFD311F8018C91
:10AB600007EB0E04644503F8018CC7D311F8021CEF
:10AB7000043E03F8021CB919043AAEF1040E043D78
:10AB80006145A9F10409D5D2B8E700BF15463046A2
:10AB9000042E12D220E000BF5078022B787005D12D
:10ABA0000237951CB01E042E07D215E09078D51CF4
:10ABB000B8700337F01E042E0ED32A1F391F00BFB2
:10ABC00012F8043F043801F8043F53784B7093782F
:10ABD0008B70D378CB70F3D103B0BDE8F04F7047E2
:10ABE0000278232908D1032A12D2D100C9B2012345
:10ABF000CB4082F0010106E0012A09D120294FF063
:10AC0000010101D10223037001F00100704700BF70
:10AC1000002101F001007047F0B583B004460B46F7
:10AC2000CDE90111002000212246002728F024FF51
:10AC3000451C064628461CF071FE48B18755029B0C
:10AC400029462246064628F017FF304603B0F0BDDD
:10AC5000FEE700002DE9F04F81B0FAB1DDF8289051
:10AC60009B4614460F4680464FF0010A06E000BF9F
:10AC70002AEA0400341A05EB0B077CB1660806FBD0
:10AC80000B7540462946C8470128F1DAB0F1FF3F6D
:10AC90003446F2DD284601B0BDE8F08F0025284695
:10ACA00001B0BDE8F08F00002DE9F04F83B00DF149
:10ACB000400C0DF1300E1E469CE880119EE80848BD
:10ACC0008A4681465FEA8C7401920FD4B8F1000F76
:10ACD00038D05FEACC7037D01CF00C0018BF0120D0
:10ACE00040EA0E00A8EB00082EE000BF15465FEA20
:10ACF000CC604DD50F985FEA4C5110D4BBF1000FDA
:10AD00000DD0BB4518BFC34509D1BBF101010A46AF
:10AD100018BFABF10202102818BF0A46934610284C
:10AD200008D15FEA8C604DD4BBF1200F4AD2782065
:10AD30004EE000BF02284FD1BBF11F0F4CD862205C
:10AD400046E000BF4FF00008202F4FF0200538BF2D
:10AD50003D465D454FF020070CD903EB0B00A5EBFA
:10AD60000B013022F346F5F7D6FADDF848C00C9B0C
:10AD7000DE46AB46B8F1200F38BF4746019D5FEA7B
:10AD8000CC7018BF5F4507D8109F5FEACC60B1D484
:10AD9000BBF11F0F2BD93CE003EB0B00A7EB0B0122
:10ADA0003022E346CDF80880F046F5F7B4FAC646FF
:10ADB000DDF808800C9BDC46BB46109F5FEACC6048
:10ADC000E6D597E7002807D5BBF1200F04D258201D
:10ADD00003F80B000BF1010BBBF11F0F19D830204A
:10ADE00003F80B000BF1010BBBF11F0F11D8BEF1E3
:10ADF000000F01D02D2008E05FEA4C7004D45FEA18
:10AE00000C7006D5202000E02B2003F80B000BF17E
:10AE1000010B0094002C2C460ED1D8452C460BD9A2
:10AE2000A8EB0B072A4600BF202051463346541C8E
:10AE3000C847013F2246F7D1BBF1000FCDF808808B
:10AE400014D00C98A0F1010818F80B0051462246C6
:10AE50003346ABF10105671CC847002D3C46AB46A5
:10AE6000F2D10098002805D41AE000BF27460098C8
:10AE7000002815D50199DDF80880781A40450FD2D1
:10AE80004D4200BF202051463A4633467C1CC847FD
:10AE9000281940452746F5D3204603B0BDE8F08F7A
:10AEA0003C46204603B0BDE8F08F00009A4238BF10
:10AEB00088547047704700002DE9F04F99B08A46DA
:10AEC00022994AF6B5661D461746C0F600064FF0B1
:10AED00000081091BAF1000F18BF0646CDF838A04F
:10AEE000CDE90C6205F1020B42462878002800F0FB
:10AEF0000D8500BF25280DD051463B46541CB04758
:10AF000001350BF1010B224628780028F2D100F020
:10AF1000FDBC00BF4FF000081BF8010CA0F120039E
:10AF2000102B00F285800121DFE803F00A82820EF7
:10AF3000828282828282820C82108282120000BF10
:10AF4000082105E0042103E0102101E0022100BFF7
:10AF50009BF8000048EA0108A0F12003102B00F242
:10AF6000B5800121DFE813F01200B200B200160034
:10AF7000B200B200B200B200B200B200B2001400DF
:10AF8000B2001800B200B2001A0000BF082105E0AC
:10AF9000042103E0102101E0022100BF9BF8010021
:10AFA00048EA0108A0F12003102B00F2CF80012114
:10AFB000DFE813F01200CC00CC001600CC00CC006F
:10AFC000CC00CC00CC00CC00CC001400CC0018008D
:10AFD000CC00CC001A0000BF082105E0042103E0EA
:10AFE000102101E0022100BF9BF8020048EA01089D
:10AFF000A0F12003102B00F2B3800121DFE803F061
:10B0000010B0B012B0B0B0B0B0B0B014B016B0B0B4
:10B010000A0000BF48EA01080BF1040B7CE700BFFF
:10B020000821F7E71021F5E70421F3E70221F1E712
:10B03000ABF10201ABF1010BA0F13003DBB2092B44
:10B040004BD80BF1020B4FF0000900BF09EB89014F
:10B05000490051FA80F11BF8010CA1F13009A0F16F
:10B060003003DBB2092B00F21B8109EB890100EBF5
:10B0700041019BF80000A1F13009A0F13003DBB2DF
:10B08000092B00F20F8109EB890100EB41019BF8CC
:10B090000100A1F13009A0F13003DBB2092B00F26D
:10B0A0005F8109EB890100EB41019BF80200A1F1EE
:10B0B0003009A0F13001C9B20A290BF1040BC5D344
:10B0C000ABF1020B2E2800F0F08022E0ABF1010181
:10B0D000A0F13003DBB2092BB3D92A2814D1109880
:10B0E000022750F8043B9946002B109048BFC3F14B
:10B0F000000911F8020F07EA937348EA03088B4628
:10B100002E2800F0D28004E04FF000092E2800F035
:10B11000CC800023A0F168014FEA7107092F0B933F
:10B120003DD801214FF48073DFE807F006262A3965
:10B1300039393439393400BF594611F8010F6828BC
:10B1400040F014810221C02324E000BF59460BF1D6
:10B15000010BA0F13003DBB2092BBED871E700BFB1
:10B160000BF101010BF1020BA0F13003DBB2092B53
:10B170007FF667AFB1E700BF4FF400730AE000BF8E
:10B18000594611F8010F6C2840F0F48002214FF469
:10B19000407300BF1BF8010048EA03088B44A0F18C
:10B1A0002506532E00F2E88108216F234FF0100A84
:10B1B000DFE816F01601E201E201E201E201E2013C
:10B1C000E201E201E201E201E201E201E201E20167
:10B1D000E201E201E201E201E201E201E201E20157
:10B1E000E201E201E201E201E201E201E201E20147
:10B1F000E201E201E201E201E201E201E201E20137
:10B20000E201E201E201E201E2015A00E201E201AF
:10B21000E201E201E201E201E2016600E201E20193
:10B22000E201E201E201E201E201E201E2011A01CE
:10B23000DC015400E201E201E201E2015400E2011A
:10B24000E201E201E201E2011C015A00E201E20135
:10B25000E400E2015400E201E201660028F0100877
:10B260004FF00A0A0CE000BF5F4617F8011F48F4D0
:10B27000887856294FF0100102D15623BB46B5E01D
:10B2800040F00801582908BF48F02008642800F061
:10B29000B18069280346514600F0AC80A6E000BFAB
:10B2A000ABF1010B2E287FF434AF594611F8010F92
:10B2B00048F48068A0F13003DBB2092B40D80BF1D1
:10B2C000020B002303EB8301490051FA80F19BF844
:10B2D0000000A0F13003DBB2092BA1F130033FF6EF
:10B2E00019AF03EB830100EB41019BF80100A0F1D2
:10B2F0003003DBB2092BA1F1300300F2478103EBED
:10B30000830100EB41019BF80200A0F13003DBB2A6
:10B31000092BA1F1300300F23D8103EB830100EB27
:10B3200041019BF80300A1F13003A0F13001C9B243
:10B330000A290BF1040BC5D3ABF1010BEAE600BF00
:10B340002A2809D1109951F8040B20EAE0731BF860
:10B35000020F1091DEE600BF00238B46DAE600BF45
:10B360000BF1010B2E28A0D0D3E600BF48F08008D7
:10B370008B4614E748F480788B4610E7109850F815
:10B3800004EB714610909EF80000002800F05982EE
:10B390000B9E0024002E08BF4FF0FF36A6F1030CD1
:10B3A000B31E771E351F0EEB04067178002918BFF7
:10B3B000A74200F0C181B178002918BFA34200F074
:10B3C0003D82F178002918BFA44500F03982317917
:10B3D000261D11B1A5423446E5D10EEB060130E23F
:10B3E00002F101082520C9E00221622328F00C089F
:10B3F00018468A465FEA485148BF28F00108562897
:10B400002AD0692818BF642814D15FEA88503DD437
:10B410005FEAC85000F198805FEA486000F12E8131
:10B420001098D0F800C05FEA086048BF0FFA8CFCA3
:10B4300027E100BF5FEA88503ED45FEAC85000F1C0
:10B44000E7805FEA486000F19781109806685FEA3C
:10B45000086048BFB6B291E110990D9F51F8040BF6
:10B46000DDF838A00C9EBC1A1091416890460D681A
:10B470000AEB020111950368304622460095FFF75A
:10B480001BFD80440BF101052CE500BF10980A92CA
:10B49000073020F007000146426851F8080B109170
:10B4A00050EA020108BF28F010080992D1B918F437
:10B4B000806117D0002272E010980A92073020F0C5
:10B4C0000700456850F8084B109054EA050008BF83
:10B4D00028F01008002869D118F4806066D0002296
:10B4E00089E000BF80EAE27082EAE271B0EBE274C8
:10B4F00008F0200061EBE27580F06100F630002278
:10B500000F9000BF57469246204629463A460023F0
:10B51000F4F7B0FE00FB17420F9E02F0FE03164444
:10B520000A2B38BF42F030060AF10102BAF11E0FB1
:10B5300011AB03F80A6031D8E31B75F10003044630
:10B540000D46BA46DED22AE0109850F804CBBCF182
:10B55000000F109008BF28F40478BCF1000F69D1E7
:10B5600018F4806066D00023BEE000BF5FEA8874F4
:10B5700040F1C080012544E102F10108DDF838A066
:10B580000D9F0C9E51463B46B047BAE10BF1010BB3
:10B59000C0E500BF0BF1020BBCE500BFBA4609983D
:10B5A00011A9C00FCDE9001229E000BF08F020006A
:10B5B00080F06100F63000220F9000BF1646204652
:10B5C000294652460023F4F755FE00FB1A420F9F0E
:10B5D00002F0FE0317440A2B38BF42F03007721CFA
:10B5E0001E2E11AB9F5506D8B4EB0A0375F100036C
:10B5F00004460D46E2D211A8CDE900020020CDE9B3
:10B60000020A0B980C9EDDF838A00A9AE9E000BF08
:10B61000109850F8046B002E109008BF28F404789E
:10B62000002E40F08B8018F4806000F087800021AD
:10B63000CDE000BF08F0200181F06101604601F11A
:10B64000F60E0023BCF1000F48BFCCF1000000BF94
:10B65000B0FBFAF101FB1A0404F0FE050EEB040640
:10B660000A2D38BF44F0300611ACE6541E2B03F10E
:10B67000010339D882450846EAD935E0109890F898
:10B6800000C0BCF1000F08BF28F44478BCF1000FE3
:10B6900004D118F4806001D0002322E008F02001DA
:10B6A00081F06101604601F1F60E0023BCF1000F4C
:10B6B00048BFCCF1000000BFB0FBFAF101FB1A0457
:10B6C00004F0FE050EEB04060A2D38BF44F03006E8
:10B6D00011ACE6541E2B03F1010302D88245084643
:10B6E000EAD91098043010904FEADC7011A9CDE926
:10B6F000001370E0B9F1020FC0F082800DF1300844
:10B7000098E8A00109F10100C9F1000A00260F9490
:10B710000B9000BF93192020414614461A463B4621
:10B72000A84701360AEB060022460130F2D1324426
:10B730002E460F9C0B9D66E0711C82E008F02000F5
:10B7400080F0610000F1F603002100BFB6FBFAF0C3
:10B7500000FB1A6707F0FE05DC190A2D38BF47F019
:10B76000300411AF7C541E2901F101012FD8B245DC
:10B770000646EBD92BE000BF10980678002E08BFD4
:10B7800028F4447826B918F4806001D000211BE029
:10B7900008F0200080F0610000F1F603002100BFF6
:10B7A000B6FBFAF000FB1A6707F0FE05DC190A2D5C
:10B7B00038BF47F0300411AF7C541E2901F101015C
:10B7C00002D8B2450646EBD910980430109011A863
:10B7D000CDE900010020CDE9020A0B980C9EDDF8AE
:10B7E00038A0CDE90409304651460D9FCDF81880A8
:10B7F0003B46FFF759FA80460BF10105FFF772BB94
:10B800000225DDE90C671099DDF838A011F8040B6A
:10B810003B4602F1010810915146B047002C70D50B
:10B82000A9456ED9A9EB05044246202051463B4666
:10B8300008F10108B047013CF6D162E0B11C00E01C
:10B84000F11C0B9DA1EB0E03AB42294638BF1946F4
:10B850005FEA48570F9758BF19465FEA88730A9303
:10B8600023D4894520D9DDE90CA5DDF8388009F11C
:10B870000100A9EB01060024CDF820E0099000BFEB
:10B8800013192020414617461A462B46D04701344B
:10B890003A46A642F4D1DDF820E02F469EF800009B
:10B8A0000B9D2244564603E00131DDE90C67099106
:10B8B000DDF838A090B10EF1010409E0C0B25146A4
:10B8C0003B4602F10108B04714F8010B424630B183
:10B8D0000F990029F2D50DB1013DEFE790460A9886
:10B8E00000280ED5099881450BD9A9EB000400BFAB
:10B8F0004246202051463B4608F10108B047013C32
:10B90000F6D10BF10105FFF7EDBA00BF13469742E0
:10B9100098BF7B1E0020514614461A463B46B0474E
:10B92000204619B0BDE8F08F2DE9F04F81B040F20C
:10B930005C27C2F20007B86827F07AF979780446E4
:10B9400081F00100787040F2B820C2F20000FEF7EA
:10B9500059FA002800F0B48040F2B82B05464FF0A9
:10B9600000084FF00109C2F2000B4FF6FF7A06E023
:10B970005846FEF747FA0546002800F0A18095F8E2
:10B9800042007978C0F3800287F800808A4265D04F
:10B9900000F0FB0242EA8102296B030785F842208E
:10B9A0001BD4002919DC0A1917D4C00709D1696909
:10B9B00039B128468847296AAA6A01441044296295
:10B9C000A862A96800291CBF2846884795F842004C
:10B9D000296B40F0080085F84200081928633DD41F
:10B9E000E96A8842C8BF2963E969284688476A6AC4
:10B9F000904205D06A68014668620AB1286890479B
:10BA0000D5E90B01814229DB95F84210B5F84030A9
:10BA10008A0705D4002B1EBF5345013BA5F84030D3
:10BA20001B0409D0D5E90E36C6F100062E63ABB172
:10BA3000002A05D507E000BF002A1DD4AB6BDBB19F
:10BA40006A6B52422A6381F0020185F84210A96AAA
:10BA50002A6A2962C5E90A23A86300BF3878012849
:10BA60003FF486AF58462946FEF7F4F9054600280C
:10BA70007FF485AF24E000BF58462946FEF76EFAF2
:10BA8000584687F80090FEF7BDF90146786819B16D
:10BA900027F060FA02E000BF27F04CFAE9680029BD
:10BAA0001CBF28468847296900291CBF28468847AB
:10BAB00028461CF031F9387801283FF459AFD1E716
:10BAC00027F0CEF8B86001B0BDE8F08FB0B50446FD
:10BAD00040680D4600281CBF2946FFF7F7FF226883
:10BAE000002A08BFB0BD20462946BDE8B040104737
:10BAF00089B208F0DBBC000089B208F04DBD00003F
:10BB000080B582B016F094FB072820D1002040F2C7
:10BB100038518DF80700ADF805000220C2F200018F
:10BB20008DF8030008780122002818BF02228DF842
:10BB3000042080F0010240F2B400C2F2000000686C
:10BB40000A700DF103010022002331F08DFD02B0D7
:10BB500080BD000070B5002942D080290B460BD370
:10BB6000B1FA81F2C2F11A024FF0FF3303FA02F286
:10BB7000D2438B187F2B35D89A08002300F1140C80
:10BB80005CF823E04FF0FF3404FA02F212EA0E02EE
:10BB900012D092FAA2F200EBC315B2FA82F405EBCE
:10BBA000840555F83C2FDAB1566826F003068E421C
:10BBB00028D200BFFEE700BF02696FF0010606FA57
:10BBC00003F31A400CD092FAA2F2B2FA82F35CF8B4
:10BBD00023E0BEF1000F7246DBD100BFFEE700BFDD
:10BBE000002070BD0022B2EB134F24D1B3FA83F6CC
:10BBF000C6F11A0223FA02F282F02002C6F11903FA
:10BC0000BCE700BFD668CEB19168C9B1CE60B16063
:10BC10002E6896420FD1814229600CD1012101FA90
:10BC200004F43EEA04064CF8236004D10669994006
:10BC300026EA01010161104670BD00BFFEE700BFAA
:10BC4000FEE70000F0B54A68032A09D922F0030391
:10BC50000A1D9B1806D05D68EE0705D10846F0BDA9
:10BC6000FEE700BFFEE700BF7F2D3BD84FEA950EF1
:10BC70004FF0000CDD68002D42D09C6864B300EBEF
:10BC8000CC16E56006EB8E06AC6056F83C5F9D4234
:10BC900011D1844234600ED100EB8C0501276E690E
:10BCA00007FA0EF4A6436E6105D1066907FA0CF790
:10BCB00026EA07070761486803280FD95B6823F065
:10BCC0000303184404300328486009D920F0030016
:10BCD00081500846F0BD00BFFEE700BFFEE700BF91
:10BCE000FEE700BF25F00306B6FA86F5C5F11A0493
:10BCF000E64086F0200EC5F1190CDD68002DBCD1A0
:10BD0000FEE7000070B5002904BF002070BD2AB115
:10BD10004B68DD0704D100BFFEE700BFFEE700BFB0
:10BD200023F0030402F11005AC420FD2032B40F2C2
:10BD30007F8023F0030201F10800835823F00203FF
:10BD400083504A6822F001024A6070BD01F1080E7A
:10BD500002EB0E03DD1D1E1D25F00305AE4201D0D2
:10BD6000FEE700BFA3F1040CA31ADCF80440043B77
:10BD700004F003041C430B2BCCF8044028D94B6877
:10BD800003F003031A434A60DCF80420032A21D994
:10BD900022F00304325942F002023251DCF804204E
:10BDA000344442F00103CCF804304B6844F804CC2E
:10BDB000032B11D923F00303734443F8041C42F00E
:10BDC00003037F2ACCF8043008D89208002310E03F
:10BDD000FEE700BFFEE700BFFEE700BF22F0030260
:10BDE000B2FA82F3C3F11A06F24082F02002C3F1E4
:10BDF000190300EBC31606EB820454F83C5FCDB187
:10BE00000126CCE90250C5F80CC0C4F800C006FAFF
:10BE100003F5046900EB830325435C6906FA02F22B
:10BE200022435A614B680561032B3FF682AF00BF86
:10BE3000FEE700BFFEE7000010B516F0F9F907288D
:10BE400013D140F2C804C2F20004E06818B11EF039
:10BE500007FA0020E0602068002808BF10BD1EF02F
:10BE6000FFF90020C4E90000A06010BDB0B582B0A9
:10BE7000044618F071FF054618F0AEFF40B1218F5F
:10BE80002046E18602B0BDE8B04020F07BBB00BF99
:10BE9000606A012120F030F830B1204602B0BDE8E0
:10BEA000B04016F01FB800BF204601211EF07EF9F9
:10BEB0004FF6FF71606A618701211DF0F5FA204697
:10BEC0002021002216F0D0F9218FE08E81420BD084
:10BED0002087019001AA20461C2116F0C5F90128EF
:10BEE0000DD1204620F04EFB284618F081FF042893
:10BEF00005D120461EF0A6FF002117F035FB02B049
:10BF0000B0BD00002DE9F04383B0044616F090F96F
:10BF100007285CD140F2C809C2F20009D9F8040030
:10BF200026F090FBD9F808100546084626F08AFB53
:10BF300040F6943740F654380646C2F20007002017
:10BF4000C2F2000838607860B860F86038617861E3
:10BF5000B861F86140464021F4F7E4F938462946D3
:10BF60001F22F4F7FCF9404631463F22F4F7F7F977
:10BF700040F2B400C2F200004AF6FF210068CDF89A
:10BF800007100DF107010022002331F06DFB05467B
:10BF9000204616F065F900211EF05AFE0FA10DA2F1
:10BFA000012D08BF11461BF0B5F8D9F80C0070B18F
:10BFB000002119F0D3FDD9F80C0001211DF074FA0D
:10BFC000D9F800000921002200231DF099FB03B0DD
:10BFD000BDE8F08353656E742100000042757379EB
:10BFE00021000000B0B516F03BF904461EF08CFFAE
:10BFF0000546204609F07EFD014628460022BDE8A0
:10C00000B04025F009BD00002DE9F04F8FB0CDE91B
:10C010000B2309900A91C87844F24D7144F2597289
:10C02000C0F60101C0F6010210F0010008BF0A4687
:10C0300044F2E561DDF87090C0F60101069244F229
:10C04000AD620B46C0F6010208BF1346D9F810E0F6
:10C050000893002808BF0A46079203E05FEACC7005
:10C0600000F0C680BEF1000F00F0C280B9F80200F7
:10C07000B9F80410D9F80C30BEF1040FA0EB010B95
:10C0800002D20024002249E02EF0030703F14C06FF
:10C090000024002208E000BF36F8040C02440434F7
:10C0A000A74206F1500639D016F83C0CC00717D14C
:10C0B00036F8400C024416F8280CC00718D036F8A1
:10C0C000300CABEB000B16F8140CC00717D036F889
:10C0D0001C0CABEB000B3078C007DDD015E000BFC7
:10C0E00036F8440CABEB000B16F8280CC007E6D171
:10C0F00036F82C0C024416F8140CC007E7D136F8B9
:10C10000180C02443078C007C6D036F8080CABEBE8
:10C11000000B0434A74206F15006C5D11EF00307F8
:10C120002AD004EB840003EB8003187CC00705D100
:10C1300098890244012F06D11EE000BF1889ABEB9D
:10C14000000B012F18D093F82400C00704D1188CDD
:10C150000244022F05D10FE0988BABEB000B022FAE
:10C160000AD093F83800C00702D1988E024403E049
:10C17000188EABEB000B00BFD9F80CA000230027F2
:10C180004FF0000C0DE000BF0AEB03008189ABEB20
:10C19000050B521A05810137774503F11403BFF4EB
:10C1A0005DAF0AEB0306307CC507F4D115041DD042
:10C1B00015B20FFA8BF8F16898FBF5F5B6F9044063
:10C1C00005FB01F1B6F9065009B2A942B8BF0D4608
:10C1D000A542D8BF25468D42D6D040F0010030742C
:10C1E000D9E903AE4FF0010CCEE700BFFEE700BF78
:10C1F000DDF824B00021584616221FF05FFCDDF860
:10C2000028A0D9F808109AF800600AB2F71EFFB209
:10C21000022A3346B8BF0223032F4FF0FF3728BF4F
:10C22000334657FA83F7042F00F2B081B9F8023091
:10C230000B9DDFE807F0032B152107001A99002654
:10C24000CF1A2AE01A9A0027D21A0023CFF6FF73DA
:10C2500003EB014112B2091492FBF1F61DE000BF9D
:10C260001A9AD21A4FF4803303EB014112B2091427
:10C2700092FBF1F73E4610E01A99C91A09B291FBF8
:10C28000F2F6B1B206EBD13109B205E019B21A9A51
:10C290000026511A01EBD1714F10DDF830809AF869
:10C2A0000310C0B2C9070C9005D0012803D158462D
:10C2B0001EF050FD0744584629461EF0C9FC0028D0
:10C2C00018BF454502D10FB0BDE8F08F04461B985A
:10C2D00006440CE0DBF80800013541688D42F2DAD3
:10C2E000006850F82540002C18BF4545EBD00121CF
:10C2F0002046C0F206011FF007FE48B19AF803007D
:10C300004007E7D5012DDEDBDBF80800013DE7E75C
:10C3100040F2AC10C2F200004289204600211FF01A
:10C32000CDFB0006059623D0D9F81000E8B1D9F866
:10C330000C20411E02F13C0050F83C2CA2421DD0C2
:10C3400099B150F8282CA2421AD001290DD050F8EA
:10C35000142CA24216D0022907D00268A24212D0A1
:10C3600004394A1C00F15000E6D100200CE000BF67
:10C37000608C20F44060608438E000BF3C3802E00C
:10C38000283800E0143800899AF803100B90608C6C
:10C39000C9074FF4006120F4406008BF4FF480618A
:10C3A00008440899608404F114000646884780B266
:10C3B0000B9981421AD0204620F0E4F86069A16907
:10C3C0000D900B980E9101B2069A30469047204688
:10C3D00029210DAA15F048FF20461EF095FD2221C7
:10C3E000224615F041FF204620F0CCF89AF80100D3
:10C3F00001280FD0022815D1B9F9000007990130A2
:10C4000020F0010604F114008847301A00EBD070C8
:10C41000401008E00799B9F8006004F1140088475B
:10C42000301A00E0002004909AF80300C00707D0FB
:10C430000C98012804D1089904F1140088473F1A88
:10C44000204600216B220B971FF038FB0646204642
:10C4500000216C221FF032FB074620461FF0DAFC59
:10C46000039020461EF0F4FC06F4C041B1F5005FD5
:10C4700016D131B221F4C041B1F5FA6F10DCB1F53B
:10C480007A7FC8BFC1F57A71039A01FB02F148F2C5
:10C490001F52C5F2EB1251FB02F14A1102EBD176A9
:10C4A00007F4C041B1F5005F039615D139B221F40C
:10C4B000C041B1F5FA6F0FDCB1F57A7FC8BFC1F5A5
:10C4C0007A7101FB00F048F21F51C5F2EB1150FBED
:10C4D00001F0411101EBD077204630F8142F0B9B6F
:10C4E0009AF803E00297009040881F4601901EF0E2
:10C4F0000100049908BF0F46189EDDF80CC0002803
:10C500006644A6EB02023A440B9308BF1946199FF2
:10C51000029B1F44019BFB1A0B4442EA03073F04A2
:10C520001DD0204617B21EB220F02CF8A08A218B15
:10C530003844A082C819E18A20838819618BE0827F
:10C5400088196083204620F01DF82046394632467F
:10C55000002320F0CBF89AF803E00EF001000B9FC7
:10C5600030B10C98012803D1059EBF1B08E000BF25
:10C57000009808998847059E9AF803E0F219171861
:10C580005FEA4E707FF5A6AEBCE600BFDDE90B5852
:10C590000026002783E6000040F2C45043F64E51C7
:10C5A000C2F20000C0F23001C0F80B1045F2414168
:10C5B00045F25142C4F62B51C4F25432C0E9001284
:10C5C00043F2F51144F24C53C0F60401C4F6416342
:10C5D0004FF47A7283602BF0B9B80000022A3ED97A
:10C5E00010B5C1F3C42CC0F3C423C1F3451EC0F37E
:10C5F000451463444FF01F0C1F2B28BF634674443F
:10C60000DB023F2C28BF3F2443EA441301F01F0400
:10C6100000F01F0020441F2838BF8446FF2A43EA49
:10C620000C0019D083B28CB21B04240414FA81F1DB
:10C630004FF61F0413FA80F0C0F2E0740432214078
:10C640002040D208401A00FB02F001EB50102040BD
:10C6500040EA104101E000BF0146BDE81040084635
:10C6600070470000022A37D910B5C0F3C42CC1F3BB
:10C67000C42300F01F0EC0F34510C1F3451403FBA3
:10C680000CFC04FB00F001F01F036FF01F0403FB20
:10C690000EF304EA50002CF01F04A40144EA5313E3
:10C6A000FF2A1844BDE8104008BF70478BB200EB6A
:10C6B00000401B0413FA81F14FF61F03C0F2E07330
:10C6C000043219401840D208401A00FB02F001EB76
:10C6D0005010184040EA104108467047022A3ED9DF
:10C6E00080B5C1F3C42CC0F3C423C1F3451EACEB29
:10C6F000030CC0F345132CEAEC7CAEEB030323EAF6
:10C70000E37E4FEACC2301F01F0C00F01F00ACEBDE
:10C71000000020EAE0706EF34A13FF2A18441BD091
:10C720008BB21FFA80FC1B04043213FA81F14FEA2A
:10C730000C434FEAD20E4FF61F0213FA80F0C0F2FC
:10C74000E07211401040401A00FB0EF001EB501057
:10C75000104040EA104100E00146BDE88040084634
:10C760007047000070B582B0044615F079FD0546AB
:10C77000204615F05DFD064628461EF0C5FB0A2E34
:10C78000044609D02B2E4ED1618D2046002202B0E6
:10C79000BDE8704025F040B918F0DEFA10B100791C
:10C7A000012840D001A928461EF034FC94F82C0042
:10C7B00010F00C0F18D028461EF0CCFA054686B2B1
:10C7C0002046002116221FF079F905EBD632C1B2BE
:10C7D00012B2BDF9040001294FEA620114BF0844F6
:10C7E000081A90FBF5F00CE028461EF097FA81B28B
:10C7F000BDF9062000EBD13109B202EB610191FBDA
:10C80000F0F001044FF0000558BF05B2668D2046D8
:10C810002946012225F000F9B54204D020461C210A
:10C82000002215F021FD02B070BD000070B540F28D
:10C83000C806C2F20006346854B120461EF064FBFC
:10C840001EF016FA411E2046BDE8704020F06AB87E
:10C850000BF026FD0BF078FD1DF0F4FCDC214FF40D
:10C860008272306021F07AFD3068092100220023B5
:10C870001CF046FF3068012121F010FC30680021D7
:10C880000222022321F0E8FB30681DF0DBFCBE2110
:10C890002822044621F062FD20460021002221F0DA
:10C8A0005FFF20460021002221F060FF204600218A
:10C8B000002221F067FF20460021002221F04AFFDC
:10C8C00020460021002221F027FF2046002121F0F0
:10C8D000E5FB204605210222022321F0BDFB204674
:10C8E00019F0D2F946A11AF015FC204608F012FC06
:10C8F0001E211E22044621F031FD002022F032F8D4
:10C9000081B22046002221F0FBFE204619F0BCF93E
:10C910003FA11AF0FFFB4BF63961C0F6000120463B
:10C92000072200231CF07AFD306819F0ADF939A117
:10C930001AF0F0FB306825F0E1FA0121706025F073
:10C9400051FF7068B42121F03BFF70681F2125F072
:10C9500047FF4BF201247068C0F603042146002211
:10C9600000231CF05BFD306819F08EF92BA11AF042
:10C97000D1FB306825F0C2FA0121B06025F032FF0A
:10C98000B068012125F06AFFB068B42121F018FFDA
:10C99000B0683F2125F024FFB06821460022002323
:10C9A0001CF03CFD306808F0B5FB7821044621F00E
:10C9B00007FF30680A21002221F0DEFE204619F030
:10C9C00063F919A105461AF0A5FB284609210022A2
:10C9D00000231CF095FE4BF60571C0F600012046C1
:10C9E000072200231CF01AFD0BF05AFC0BF0ACFCE4
:10C9F00018F064FF0121F060BDE870401CF054BDE8
:10CA0000436F6E6669672057692D46690000000014
:10CA1000EF808D00535349443A0000005061737316
:10CA2000776F72643A0000005361766520262043D8
:10CA30006F6E6E656374000090F8542002F001037D
:10CA4000994208BF704710B582B0002918BF012174
:10CA500002F0FE021144426A80F85410B0F848C057
:10CA6000918AB0F84CE001EB0C03ADF80030D28AAB
:10CA7000B0F84E30B0F84A407144ADF80410D11807
:10CA80001444ADF806106946ADF802401FF0AAFD47
:10CA900002B0BDE81040704788B211460AF0F4BBFE
:10CAA000F0B581B0164640F28002C2F20002127860
:10CAB000012A1BD10C884D888A88CB8807462046DE
:10CAC0000C462946F9F71AF9B4F90000B4F9021036
:10CAD000B4F90420B4F90630101A591A01300131A2
:10CAE00001FB00F13046F9F78DF9384601B0BDE899
:10CAF000F0400BF0CFBB00002DE9F04F9BB00E468D
:10CB0000C9780329C0F00B82B6F920700446138857
:10CB100051889088D288022FADF86430ADF8661045
:10CB2000ADF86800ADF86A201BDB96F82270FD2F87
:10CB300017D33788AFB196F82370C7F3C0052B44DD
:10CB4000C7F38005ADF864302944C7F30013ADF88E
:10CB50006610C7F34001C01AADF86800501AADF86E
:10CB60006A00A26817A819A9FBF7C2FD002800F007
:10CB7000D681F07B0621049410F0070008BF042141
:10CB8000775A718919ACB7EB010818BF8046204667
:10CB90000CF044FE8246B0780025CDE915558DF89D
:10CBA00059003088BAF1000FCDE91355CDE9115580
:10CBB0001095ADF8487008BF5FEA086100F0768113
:10CBC000BDF86410BDF86820BDF86A30511ABDF890
:10CBD0006620013106F1060CF4780EB2991A013183
:10CBE0000FB2FC2C88BF4FF0FF343B460394BE428B
:10CBF000B8BF3346BDF85C10BDF860200FFA80F96D
:10CC0000501AB9EB630FA8BF4FEA630901300FFA5E
:10CC100080FBB9F1010F4FF000006FEA0A03B8BFC3
:10CC20000120034216D1584664461AF0C5FE0FFA99
:10CC300089F205460AA819A900230DF0BDFC0AA82F
:10CC400000210CF057FBBDF85C10BDF86020A44635
:10CC500002E000BF4FF6FF70029008A810901590F8
:10CC6000FF20ADF82010ADF824208DF85800604664
:10CC700031463A46139516F051F85FFA88F10229C9
:10CC8000064605910AD14EB1B068BDF95C1000EBC3
:10CC90004100BDF96410A0EB41001190BAF1000F02
:10CCA0003CD0BDF95E70BDF96200B246049E874279
:10CCB00000F31E8103980DF14008C4B20BE000BFE1
:10CCC000304641460EF090FEBDF96200874207F102
:10CCD000010780F20D81284621465A46ADF82270A0
:10CCE000ADF826701BF0C4FBBDF95C103AB22846C3
:10CCF0005B460CF03FFD012808BF022005998DF826
:10CD000050000129DCD1DAF80800BDF96610A0EB6B
:10CD1000410030F81700ADF84800D1E70FFA89F06C
:10CD2000CDF8048001285DDB03984FF0000AC7B2FC
:10CD300008E000BF049810A90EF056FE0AF1010A9F
:10CD4000D1454FD0BDF86600BDF86A10504404B21A
:10CD5000A1EB0A00BDF95E100FFA80F88C4203DAED
:10CD6000BDF962008045E9DC284639465A461BF089
:10CD70007FFBBDF92010284622465B460CF0FAFCEA
:10CD8000BDF95E10012808BF02208C428DF85000CA
:10CD900012DB0598ADF822400128ADF8264007D1F6
:10CDA000BDF96600B168201A31F81000ADF84800EE
:10CDB000049810A90EF018FEBDF962008045BDDC94
:10CDC0000598ADF822800128ADF82680B2D1BDF9D2
:10CDD0006600B168A8EB000031F81000ADF848001B
:10CDE000A8E700BFBDF86400BDF86610ADF81800F4
:10CDF000BDF86800B246ADF81C0001EB0900BDF8B3
:10CE00006A10ADF81A00A1EB0900ADF81E0006A8E3
:10CE10000CF004FD0199090608BF002854D00399BD
:10CE2000BDF966208DF85810BDF96A1002EB0907AC
:10CE3000A1EB0903DDF810809F424FF001038DF84C
:10CE4000503055DC00286DD00598012840F08A80CC
:10CE5000881AA0EB49000DF14009441C0398C6B2A2
:10CE6000284631465A461BF003FBBDF95C103AB226
:10CE700028465B460CF07EFC8DF85000DAF808007E
:10CE8000BDF96610ADF82270A0EB4100ADF8267038
:10CE900030F817004946ADF8480040460EF0A4FDB2
:10CEA000013C07F10107DBD122E000BF00287FF43D
:10CEB00087AEF07810A98DF85800049810940EF001
:10CEC00093FD1BB0BDE8F08FBDF86600BDF86A1099
:10CED0004844ADF82200A1EB0900ADF82600039804
:10CEE00010A98DF858000020139004980EF07CFDD6
:10CEF000002D1CBF28461AF0B5FE029A4FF6FF71AE
:10CF000090B2884205D010B20DF0B0FE0AA80CF025
:10CF100063FCBAF1000F1CBF504615F0F7FE1BB0C2
:10CF2000BDE8F08F0598012840D1881AA0EB490090
:10CF300010AC461CDAF80800BDF96610ADF8227096
:10CF4000A0EB4100ADF8267030F817002146ADF88F
:10CF5000480040460EF048FD013E07F10107E9D1C7
:10CF6000C6E700BF881AA0EB49000DF14009441C38
:10CF70000398C6B2284631465A461BF079FABDF9E5
:10CF80005C103AB228465B460CF0F4FB8DF850007A
:10CF900040464946ADF82270ADF826700EF024FDEB
:10CFA000013C07F10107E5D1A2E700BF881AA0EB19
:10CFB000490010AC461C00BF40462146ADF8227027
:10CFC000ADF826700EF010FD013E07F10107F3D118
:10CFD0008EE700002DE9F04F93B00D460969002956
:10CFE00000F0D8808046A87E0328C0F0D380164683
:10CFF000D8F8082011AC20463146FBF779FB002811
:10D0000000F0C880D8F80890C8F80840286917F0E0
:10D0100057FE02284ED1D5E90412002741F6FF70D1
:10D02000CDE9007010A80023029726F09DFA308801
:10D03000B188F388091A01318AB201EBD2317288C2
:10D0400009B29B1A00EB6100BDF84010013301EBFF
:10D05000D1369CB236B203EBD433A0EB66001BB2E0
:10D06000BDF8426002EB630206EBD633ADF8380040
:10D070001BB20844A2EB63010138ADF83C00701804
:10D08000013806ACADF83E002046ADF83A100CF081
:10D090009FF8D5E90430A97E0EAA8DF832100690CB
:10D0A000288B2146ADF82400404600970BF030FD58
:10D0B0006EE000BF286910AC214617F09BF80128EC
:10D0C00066D106A80BF010FD9DF82400A9782F7FEB
:10D0D00001F00F0100F0F000AA7EEB7E0844298BDE
:10D0E0008DF82400ADF820108DF822308DF8232023
:10D0F000D7B19DF84300BDF84120B6F902C042EA1D
:10D10000004EB6F906100CEB5E308C45A0F1010321
:10D11000CDF81090ADF83AC00591ADF83E303DDD48
:10D12000DDF8109034E000BF3088B1889DF84330BE
:10D13000091A01318AB201EBD231F28809B200EB4F
:10D1400061007188BDF84160521A013297B246EA17
:10D15000034302EBD732A1EB933112B2C6F3C907F6
:10D1600001EB6201C6F38A02C01BADF83800ADF8CE
:10D170003A10104401EB53310138ADF83C00481E21
:10D180002B69ADF83E0006A90EAA40460BF042FB03
:10D19000C8F8089013B0BDE8F08F00BFB288671CD4
:10D1A0004FEA5E340DF1180A0DF1380B0DE000BFA7
:10D1B0000CEB04000FFA80FCADF83A00059823440C
:10D1C00000B2ADF83E308445AADCB6F900000FFA93
:10D1D00082F9CEF38A014845ADF838000844A0F141
:10D1E0000100ADF83C00E3DC2B69404651465A464D
:10D1F0000BF010FB3888BDF83820C0F38A01BDF869
:10D200003C400A4413B2ADF83820B6F904200C446F
:10D21000B9789342ADF83C40E6DD40EA014EBDF8F6
:10D220003AC0BDF83E30F088CEF34A340590BFE7EF
:10D230002DE9F04FA9B0349CDDE9328B11900846FE
:10D240009A4615460F460CF0E9FA58EA0A010646D6
:10D2500008BF002E28D011983946826820A8FBF715
:10D2600047FA002800F00A83BDF88000BDF884105A
:10D27000081A013004B222A81C211BF0B3F9204681
:10D280001AF09AFBBAF1010F25900B9472DB0DF1A5
:10D29000680948463946524600230DF08DF9484644
:10D2A00000210CF027F867E022A81C211BF09AF956
:10D2B0001AA82290B5F900008DF8A040B7F90240F5
:10D2C0000F90B5F90260B5F90400ADF890B0B7F968
:10D2D00000B0B7F904A0B7F90680B5F90690109030
:10D2E000701EB442ADF868B0ADF86CA0ADF86A40FD
:10D2F000ADF86E0002DD4046494605E0119822A9CE
:10D300000EF072FBE988F8880131C845ADF86A1063
:10D31000ADF86E0004DB119822A90EF065FBE888D9
:10D3200039882A88ADF86810511E2A46B442C8BF11
:10D330003A46ADF86C100F9952888B45ADF86A20CB
:10D34000ADF86E0003DC119822A90EF04DFBA88801
:10D3500010990130ADF86800B8888A45ADF86C00C6
:10D36000C0F28C82119822A90EF03EFB29B0BDE8D4
:10D37000F08F00BF4FF6FF700DF150090D90484639
:10D380002946424601230DF017F9484600210BF0CB
:10D39000B1FF0C9012A8229027903498B7F9001092
:10D3A0008DF8A000B7F904000A9101EB0A0EB5F957
:10D3B0000010B7F90220B5F904C0ADF890B0B7F984
:10D3C0000680B5F902408E45A0EB0A0BB5F9069030
:10D3D0000991D8BF8E46E34502EB0A010E90A8BF23
:10D3E000E346A142D8BF2146A8EB0A034B45A8BF9C
:10D3F0004B463598002E8DF8A100CDE90F4249D05B
:10D40000BDF88000BDF88470ADF84800BDF98250C9
:10D41000BDF98600ADF84C70DDF844A00B9F854245
:10D420002ADC0EB20FFA83FB1EE000BF25983946B6
:10D43000ADF84A50ADF84E501BF016F92598BDF9DD
:10D4400080102AB23B460CF095F98DF898005046B2
:10D4500022A90EF0C9FADDE90F42BDF8860001B23B
:10D460008D4205F1010507DAA24201DDB542F6DB86
:10D47000C845DBDA5D45D9DD14A80CF0ADF90C9890
:10D480000DF0F4FB0D9C4FF6FF71A0B2884240F006
:10D49000EC81F0E1CDE906130FFA89F00FFA88F17B
:10D4A000CDF80890CDE9001081424FF000004FF018
:10D4B0000001CDF80C80B8BF0120A242C8BF0121F5
:10D4C000DDE909930E9ECDF814C00FFA8CFC4B4594
:10D4D00033B290464FF00002C8BF012263454FF0BF
:10D4E0000003B8BF01231A43ABEB0E0301331BB299
:10D4F0001143312B4FF0000240EA0100C8BF012266
:10D5000040EA0203A0454FF00100F0468DF8980074
:10D51000CDF810B0089313DCD80711D0109822A9C9
:10D52000ADF84A00601EADF84E001198ADF8488085
:10D53000ADF84CB00EF058FA089BDDF810B00E9E16
:10D54000DDE9022100209142B8BF012060EA03001A
:10D55000C00700F005810A9C4C45DDF8149040F3AB
:10D560001681DDF82CB04E4511DBA888B988013052
:10D57000ADF848000698ADF84C10ADF84A00079891
:10D5800022A9ADF84E0011980EF02EFA089BBDF8B6
:10D590008010BDF88400DA07ADF8481000F0108163
:10D5A0000FFA88F203B2501E9842B8BF0346581AC9
:10D5B00081B247F6FE7B119D5945ADF84C305DD8E0
:10D5C0000130214604B209984FF000098142D8BFCA
:10D5D0004FF0010903DDDDE90F10884220DC0698D9
:10D5E000BDF9827006B2BE421ADD0DF1880A00BF95
:10D5F00025982146ADF84A70ADF84E701BF034F80E
:10D600002598BDF948103AB223460CF0B3F88DF8CE
:10D610009800284651460EF0E7F90137BE42E7D19F
:10D62000DDE9002100208A42A8BF012040EA09006C
:10D63000DDF81490012821D1079806B2BDF98600C3
:10D6400086421BDA22AF00BF259801362146ADF88D
:10D650004A60ADF84E601BF007F82598BDF94810F8
:10D6600032B223460CF086F88DF8980028463946E9
:10D670000EF0BAF9BDF986008642E5DB0498BDF9E3
:10D68000801000B2BDF8842001308842C8BF014636
:10D69000501A83B2ADF848105B45ADF84C2000F24B
:10D6A000DD80013004B20E984FF0000A4845A8BF53
:10D6B0004FF0010A03DADDE90F10884220DC0698FA
:10D6C000BDF9827006B2BE421ADD0DF1880900BFB5
:10D6D00025982146ADF84A70ADF84E701AF0C4FF97
:10D6E0002598BDF948103AB223460CF043F88DF85E
:10D6F0009800284649460EF077F90137BE42E7D137
:10D70000DDE9002100208A42A8BF012040EA0A008A
:10D71000012840F0A380079806B2BDF98600864232
:10D7200080F29C8022AF00BF259801362146ADF8DB
:10D730004A60ADF84E601AF097FF2598BDF9481081
:10D7400032B223460CF016F88DF898002846394678
:10D750000EF04AF9BDF986008642E5DB7EE000BFA7
:10D76000E888F9880130ADF84A001198ADF84E10FC
:10D7700022A9ADF84880ADF84CB00EF035F9089B01
:10D780000E9E0A9C4C45DDF814903FF7EAAE3888AF
:10D790002988ADF84800481EADF84C00069822A92B
:10D7A000ADF84A000798ADF84E0011980EF01CF93C
:10D7B000089B0E9EDDF82CB04E45BFF6D6AEE6E6D1
:10D7C000B5F90210B7F90220891A5145B8BF514680
:10D7D0000FFA81F9DDF844A0B9F1010FADF84C0062
:10D7E0003CDB00240DF1880803E000BF0134A145B3
:10D7F00034D07888F988204405B2081BBDF982101E
:10D8000006B28D4203DABDF986008642EEDC259829
:10D8100059461AF029FF2598BDF948102A465B465B
:10D820000BF0A8FFBDF982108DF898008D4207DB40
:10D8300050464146ADF84A50ADF84E500EF0D4F87F
:10D84000BDF986008642D1DC50464146ADF84A60BB
:10D85000ADF84E600EF0C8F8C8E700BF14A80BF092
:10D86000BBFF0C980DF002FA0D9C1AA80BF0B4FF48
:10D8700020B20DF0FBF925981AF0F4F929B0BDE8B3
:10D88000F08F00002DE9F04F91B088464FF6FF7100
:10D890008A424CD0446A9146B4F820A006465345CB
:10D8A00004D0608C238440F00800608420464FF44C
:10D8B000802157221EF002F9054620464FF48021B0
:10D8C00059221EF0FBF807461FFA80FB706A2D896B
:10D8D00000211DF0BDF907EBDB32E91901FB09F36B
:10D8E00012B2C08AA3EB620201AD1044ADF83E0053
:10D8F0000844716A0138ADF84200888A098BADF896
:10D900003C002846ADF840100DF0DEF920464FF4FB
:10D9100080212A461EF0C0FC0FAA404629460DF081
:10D92000B9F9608CA4F820A020F00800608411B040
:10D93000BDE8F08F2DE9F0438DB088464FF6FF71BA
:10D940008A425FD0456A1646B5F8209007464B4597
:10D9500004D0688C2B8440F00800688405AC204615
:10D960000BF036FC28464FF4802122461EF0DAFBED
:10D9700028464FF4802159221EF0A0F8796AADF8AC
:10D98000260000293ED0084600211DF061F9C8B3E9
:10D99000BDF82610059A01EBD1330446C08A1BB2AC
:10D9A0001289A0EB6300114401FB060001AEADF843
:10D9B0000E0008440138A98AADF81200288BADF892
:10D9C0000C10D8F80810ADF8100003AA3046FAF78A
:10D9D0008FFE88B12046D8F808701434C8F8086063
:10D9E00018F07CFE0346002605A940462246009614
:10D9F0000BF08EF8C8F80870688CA5F8209020F01D
:10DA0000080068840DB0BDE8F08300002DE9F04FF8
:10DA10009DB09F7B109207F00F08B8F1030F08BF6D
:10DA20004FF00408A8F1010ABAF1070F099000F2BB
:10DA300074825FFA8AF08B2727FA00F0C00700F0A3
:10DA40006C820FF2A05791F81AE057F82A900FF263
:10DA5000B45757F82A00BEF1FC0F0A90119100F25A
:10DA6000828040F2A415C2F200050FF258572E78BA
:10DA700057F82A70764502D16E6846456AD07E1EF8
:10DA8000032E01D2002639E00A9827F003077A42D4
:10DA900000F1010B6FF003040BEB0407FE7840F27A
:10DAA0005060C2F2000006FB0EFCFF2E764600EB33
:10DAB000040518BF4FEA1C262E713E79043406FB7C
:10DAC0000EF0FF2E764618BF060A6E71787900FBBD
:10DAD0000EF6FF28704618BF300AA871B87900FB0F
:10DAE0000EF7FF28704618BF380A17190437E87177
:10DAF000D2D140F2A415261DC2F20005012000FA81
:10DB00000AF717F08A0F25D10A9C40F2506CA05DED
:10DB1000C2F2000C00FB0EF2FF28704618BF100A7C
:10DB2000721CA45C0CF8060004FB0EF0FF2C74467B
:10DB300018BF040A17F0750F0CF802400AD10A9AB0
:10DB4000B01C125C02FB0EF7FF2A724618BF3A0A9D
:10DB50000CF8002040F25060C2F2000085F800E0AE
:10DB6000C5F804800A900998B3F806A08068B3F855
:10DB700008C0109BB0F90070B3F90010B0F902E0D2
:10DB80007C1AB0F90420B0F90600B3F902300C9702
:10DB90004FF00006D8BF3446049401EB0A049442C7
:10DBA000D3460591A2EB0107C8BF07F1010BBEEBFD
:10DBB000030503EB0C01D8BF3546C21A8142644607
:10DBC00016A8C8BF541C1C2167461AF00BFD1198FB
:10DBD0008189ADF86010817F807EC1F3C2018DF82C
:10DBE00070008DF87110FCF745FC0AF073FB07FB21
:10DBF0000AF1049ECDF82CA08142B8BF08460E90D1
:10DC000019F0DAFE109BABF101071A8811901990F8
:10DC10009119B8185A88ADF854002A44ADF84C0050
:10DC20001019ADF84E0012A8ADF85010ADF8522002
:10DC3000ADF85620ADF84810ADF84A200BF0EEFDD7
:10DC4000079014A8A54216900F941B9080F2508163
:10DC5000B81B013000B2119F2946BBEB06050890A6
:10DC60000D9540F35D810B9A344601FB02600B4633
:10DC700000FB08F1A018A0EB0B0000FB08F00C9AC9
:10DC800006900598DDF898C0CDF840B09042C8BF26
:10DC900002460CEBD10A0BEB000CD2430CEB02005A
:10DCA000059005F003000B90601C0390A01CDDF8AC
:10DCB00028E0C8F108060290E01C4FF0000C01902B
:10DCC00011E000BFBDF85600421C06980C9B0BEB00
:10DCD00000010F980AEBD10A01338342A446ADF844
:10DCE000562080F208810B9801F0070B29FA0BF2FD
:10DCF0000C9328B39AF80000A6EB0B011040C84023
:10DD000014BF1EF80000002007F80C000BEB0803FE
:10DD10005E45484694BF002322FA08F05E4598BF4E
:10DD20000AF1010A0B990CF10104012940F09E80CF
:10DD3000039902469B460598032807D268E000BF76
:10DD4000049964460598032862D300BF9AF800003E
:10DD5000A6EB0B031040D84014BF1EF800000020B3
:10DD600038550BEB08005E454D4694BF002022FA63
:10DD700008F55E4598BF0AF1010A9AF80020331AA7
:10DD80002A40DA4014BF1EF8023000233A195370BB
:10DD900000EB080386424F4694BF002325FA08F79C
:10DDA000864298BF0AF1010A9AF80000F51A384035
:10DDB000E84014BF1EF800000020907003EB08003C
:10DDC0009E424D4694BF002027FA08F59E4298BF18
:10DDD0000AF1010A9AF80030371A2B40FB4014BFB1
:10DDE0001EF803300023D37000EB080B86424A462E
:10DDF000119F94BF4FF0000B25FA08F2864298BF9E
:10DE00000AF1010A10980431814204F104049DDBF7
:10DE10000798A8B1BDF95010BDF9562007EB0C05C5
:10DE2000089B28460BF0A6FCDDF828E08DF868007A
:10DE300030B9089928461AF0D5FBDDF828E000BF74
:10DE40000D980E9920448842FFF43CAF02208DF8D3
:10DE50006800099816A90DF0C7FDBDF85600DDF859
:10DE600028E0421CADF8522000242EE79AF800105A
:10DE7000F21A0140D14014BF1EF80110002139559B
:10DE800003EB08019E42CE4694BF002120FA08FE13
:10DE90009E4298BF0AF1010A0B980CF10204022875
:10DEA00004D18B46029972461BE000BF9AF800002D
:10DEB000721A00EA0E00D0401ABF0A9A105C0020C5
:10DEC00001EB080B8E424A46385594BF4FF0000BC9
:10DED0002EFA08F28E4298BF0AF1010A01990CF15C
:10DEE0000304DDF828E005980328BFF42FAF8FE77F
:10DEF000BDF85620119FBDF8520091B2884209D05A
:10DF0000501EADF8560002208DF86800099816A939
:10DF10000DF06AFD384619F0A5FE1DB0BDE8F08F82
:10DF2000079888B3BDF85620022616AC0D4608E0C7
:10DF3000BDF85600421C0F9801358542ADF85620B9
:10DF4000D9DABDF9501012B2089B38460BF012FC1A
:10DF50008DF8680020B1DDE90D108142E8D307E0BB
:10DF6000089938461AF03EFBDDE90D108142DFD3F7
:10DF7000099821468DF868600DF036FDBDF8560011
:10DF8000421CADF85220D6E7022616AC0D4610E032
:10DF9000099821468DF868600DF026FDBDF8560001
:10DFA000421CADF852200F9801358542ADF856203D
:10DFB000A1DADDE90D108142EAD2BDF85600421C1B
:10DFC000F1E700BF020000000400000002000000B2
:10DFD000100000000200000002000000020000002B
:10DFE0000001000080000000C00000008000000070
:10DFF000F0000000800000008000000080000000B1
:10E00000FF00000088EE03088AEE030888EE03088C
:10E010008EEE030888EE030888EE030888EE0308F6
:10E020009EEE03082DE9F04FCDB0054614F018F927
:10E030000446008E002800F0E781284614F0FEF820
:10E04000618C834641F0080060844BA920461CF097
:10E050009DFE608C25AE40F00800258C4FF0000836
:10E0600060843046A4F820800CF02EFE1DAF3846A8
:10E070000BF0AEF820464FF4A02132461EF00CF90A
:10E0800020464FF4A0213A461EF04CF8608C002147
:10E0900020F00800608420461022089525841DF099
:10E0A0000DFD82462046002111221DF007FD81460C
:10E0B0002046002112221DF001FD064620460021C7
:10E0C00013221DF0FBFC07460BA85946CDF824B0DF
:10E0D0001CF064F94FF4A020189042F6BC00C0F682
:10E0E00004000C903BA80F90208E33A900281091BB
:10E0F000CDF8348000F0848131B24FF0000B0791ED
:10E1000039B24FF0000806910FFA8AF10DF1CC0AEE
:10E1100005910FFA89F1049115E000BF09980DF1FE
:10E12000CC0A514649AA4B46002700970AF0F0FC5A
:10E1300020461B210BAA14F097F8208E0BF1010B3F
:10E14000834580F05D81616A1FFA88F751F82730B6
:10E150001A780A3A08BF5A78002A08F1010227D132
:10E1600097B251F827301A780A3A08BF5A78002A2D
:10E1700008F1020224D197B251F827301A780A3AEE
:10E1800008BF5A78002A08F1030211D197B208F1AA
:10E19000040851F827301A780A3A08BF5A78002A3A
:10E1A000D2D0E16A31F81B10CA06C7D40EE000BF16
:10E1B0009046E16A31F81B10CA06BFD406E000BFE2
:10E1C0009046E16A31F81B10CA06B7D4480609D454
:10E1D000A08E4FF000098345089808BF00F02E0973
:10E1E00002E000BF4FF08009C1F30020A16ABDF832
:10E1F0002C5101EBCB0231F83B1053882944ADF888
:10E200002411BDF82E119688D2880B4450EA0900DB
:10E21000ADF8263105EB06031144ADF82831ADF811
:10E220002A111FD0618C208441F008003BAD60842E
:10E2300028460CF049FD50460AF0CAFF20464FF42C
:10E24000A0212A461EF028F820464FF4A02152466D
:10E250001DF068FF608C089920F00800218460841C
:10E260000AE000BF3BA825A9382219F0C1FD50469D
:10E270001DA9202219F0BCFDE06A9DF8E91030F8D4
:10E280001B0001F0FE01C0F3C0200BAA08448DF86A
:10E29000E90049A80E9020461A21CDF864B013F089
:10E2A000E3FF9DF80F0181060AD4BDF82611BDF8E1
:10E2B0002A21501A5FEA896A00F101063ED445E03E
:10E2C00000F0C10101F11E008DF80F01B4F9142016
:10E2D000079EBDF9243132449A4204BF41F0160032
:10E2E0008DF80F01B4F91810069BBDF92821C91A41
:10E2F000914204BF00F0EF008DF80F01B4F9162031
:10E30000059BBDF926111A448A4204BF00F0FB00A8
:10E310008DF80F01BDF92A31B4F91A60049D89B254
:10E320009AB2761B9E4204BF00F0FD008DF80F01EB
:10E33000501A5FEA896A00F1010607D5E06A30F8F1
:10E340001B00400544BF881BADF8260109983BA976
:10E3500049AA0CF09FFC606ABDF8301150F8279074
:10E36000BDF82C01BDF9DE70081A013000B2339AF5
:10E37000BDF9E0309DF8E950CDE900700AA84946A2
:10E38000029525F0F1F8BDF82401BDF82811BDF87B
:10E390002671BDF82A51091A0131ED1B09B2BDF9E8
:10E3A00028200135BDF92A302DB2891A01EBD1712F
:10E3B000ED1A05EBD57500EB610107EB6500ADF8D3
:10E3C00024111144ADF82811C118BAF1000FADF8AD
:10E3D0002601ADF82A117FF5A1AEE26A32F81B20C2
:10E3E00052057FF59BAEB2B206EBD23212B2A0EB71
:10E3F0006200A1EB6201ADF82601ADF82A118DE6AD
:10E40000608C20F0080060844DB0BDE8F08F000003
:10E410002DE9F04F9BB0054613F022FF80462846B9
:10E4200013F00CFF83464046002132221DF046FBCC
:10E4300081464046002112221DF040FB074640461F
:10E44000002113221DF03AFB06464046002110220F
:10E450001DF034FB13AD044628460AF0B9FE4046D1
:10E460004FF400312A461DF05DFED8F82800002840
:10E47000079040F088808020CDE9056719F09CFA6C
:10E48000D8F830A00790BAF1000F78D05046F1F7D5
:10E490007CFF88B3B8F83820C0F1000C00210026BA
:10E4A00096422AD01AF801300CEB01070A2B08BF5C
:10E4B00001367B1C60D0964200F086810AEB010396
:10E4C0005D780A2D08BF0136BD1C55D0964200F07C
:10E4D0007D819D780A2D08BF013603374CD09642C6
:10E4E00000F07681DB7804310A2B08BF01361CEB83
:10E4F0000103D5D140E000BF002181423CD2A0EB16
:10E50000010CA1EB000E0020D8F830700F443F5CE6
:10E510000A2F32D00EEB0005079A6E1C175428D034
:10E52000D8F830700F4407447F780A2F00F05281EA
:10E53000079A1618AA1C77701BD0D8F830200A4406
:10E54000024497780A2F00F04781EA1CB77010D078
:10E55000C71C7E2F00F24281D8F830200A440244C2
:10E56000D5780A2D00F03A8104301EEB0002F570D8
:10E57000CAD1604601E000BF002007990844DDE9E8
:10E5800005670021017007EB0900059006EB090003
:10E59000069098F83C00002100F00F000138B0FA16
:10E5A00080F045094046162204EB09061DF086FA64
:10E5B0004FF0FF3151FA80F0079CB0FA80F1D8F8A3
:10E5C0002C004909002841EA050A00F09B8016F05A
:10E5D00077FB05460228CDE9036B1DD1BDF95E002E
:10E5E000D8F82C10139ABDF960309DF8697041F687
:10E5F000FF76CDE9000609A8029724F0B5FFBDF823
:10E600002490BDF82670BAF1000F1CD10699B8F815
:10E6100018004944401A1AE0D8F82C0009A915F04E
:10E62000E9FD9DF82710BDF825204FF0FF374FF08A
:10E63000FF3942EA0141012804BFC2F38A094F0BA6
:10E64000BAF1000FE2D0B8F814000599084409EBBC
:10E650000001B8F816600139022DADF84400ADF89C
:10E66000481015D10399DDF810B07018ADF84600C8
:10E6700038440138D8F82C300E46ADF84A0000274F
:10E6800013A911AA584600970AF042FA3AE000BFCF
:10E6900040461CF0DDFB39B209AD401A00EBD070EA
:10E6A00006EB6000BEB2ADF8460038440138ADF864
:10E6B0004A0028460AF018FA40464FF400312A462C
:10E6C0001DF0D6FC1FFA89F007EBD63109EBD030EC
:10E6D00009B200B26E224008ADF828004808ADF833
:10E6E0002A0040464FF400311DF0E8F9DDF810B083
:10E6F000D8F82C30ADF8240011AA584629460AF063
:10E7000089F8039E09AD28460AF062FD40460021C3
:10E710002A461DF007FDBDF93600099ABDF93830CB
:10E720009DF8417041F6FF71CDE9000108A821462E
:10E73000029724F019FFB8F81600BDF82210D8F897
:10E740002C203044ADF846000844ADF84A006AB1C8
:10E75000BAF1000F1AD0BDF82000069AB8F81810C8
:10E760000244891AADF8441018E000BFB8F81450FC
:10E7700040461DF04FFBBDF92010401A00EBD07051
:10E7800005EB6000ADF84400084408E0B8F8140058
:10E7900005990844BDF82010ADF844000844ADF8D0
:10E7A0004800002709A911AA5846234600970AF0F5
:10E7B000AFF9D8F82800002804BF204619F052FA13
:10E7C0001BB0BDE8F08F00BF013196E6023194E640
:10E7D000033192E60130D0E60230CEE63846CCE690
:10E7E0002DE9F04FDDB0054613F03AFD824628468C
:10E7F00013F024FD82685BAC05460AF11401204643
:10E800000D91F9F775FF002800F09582A8680021A6
:10E81000039050463222AC6000271DF04FF90646A7
:10E820005046002110221DF049F981465046002132
:10E8300011221DF043F913905046002112221DF0C1
:10E840003DF912905046002113221DF037F9119026
:10E85000BAF82200BAF82040AAF8207040F0080068
:10E860004AAFAAF8220038460CF02EFA50464FF470
:10E87000A0213A461DF010FD34AF38460AF0A8FC3E
:10E8800050464FF4A0213A461DF04CFCBAF8220045
:10E89000079420F00800AAF82040BAF81640AAF819
:10E8A000220050461CF0EEFC09EB0601C043214457
:10E8B0000844ADF8660150461CF0DCFC804650462A
:10E8C000002116221DF0FAF883461AA829460E9553
:10E8D0001BF064FD4FF4A020279042F64460C0F680
:10E8E00004001B903CA81E90BAF826002CA91F918A
:10E8F00000284FF000011C9100F01A820FFA89F1F4
:10E900005FFA8BF50C91691E18BF0121129F6FEA07
:10E910000802BB199C18119B3FB2DB430B971FB237
:10E9200008EB06020A97139F0F95FF433FB2012D94
:10E9300009974FF0140708BF1827059708BF9C1ABE
:10E940000694890000260024049106E0BAF8260007
:10E95000109E0136864280F0EB81BDF86621DAF820
:10E960002C10531C31F816101FB2ADF86231BDF9EE
:10E9700072310A449F42ADF8662100F3D981059AAD
:10E98000069B3AF8022058AF1A44049BFA52BAF890
:10E9900024C0BCF1000FDCD001EBD130DDF83880B1
:10E9A00000B210964010002662464FF0000E08900C
:10E9B00013E000BF50461B211AAA13F055FCBAF809
:10E9C00024C00BF1010E13981FFA8EF61FFA8CF279
:10E9D0004844964200F10104B8D2DAF82810A0B2F7
:10E9E000551E51F8203001EB8001002B14BF1B781D
:10E9F0000023CDE911300F98139401282AD1BDF8D6
:10EA00006031DAF830705A1EADF8642137F81640DC
:10EA1000AE42A3EB0403ADF8603145D202370024C7
:10EA2000B3464FF0000951F82440002C1CBF247855
:10EA30005FEAC4743BD037F81B4009F1010916FAAC
:10EA400089FB1B1B1FFA89F4AB45ADF86031EADB8B
:10EA50002DE000BFBDF86421DAF83070531CADF82A
:10EA6000603137F81640AE422244ADF864211BD223
:10EA700002370024B3464FF0000951F82440002C1F
:10EA80001CBF24785FEAC47411D037F81B4009F129
:10EA9000010916FA89FB22441FFA89F4AB45ADF847
:10EAA0006421EADB03E000BF4FF00009B346BDF983
:10EAB0006611BDF96E71B942FFF683AF9DF84B51F7
:10EAC000BDF862712C07ADF86030ADF86270ADF83A
:10EAD0006420ADF8661011D50D980FFA83FCB0F9DB
:10EAE00000400B980444644508DABDF8480100EB87
:10EAF000D03000B2A3EB5000ADF8600068070FD52E
:10EB0000BAF916000C9C3BB22044984208DABDF8D2
:10EB1000480100EBD03000B2A7EB5000ADF8620026
:10EB2000E80612D5BAF918000A9F13B23844984281
:10EB30000BDDBDF8480100EBD03300F001001BB243
:10EB4000104400EB5300ADF86400A80711D5BAF9E2
:10EB50001A00099A104488420BDDBDF8480100EB09
:10EB6000D03200F0010012B2084400EB5200ADF8C0
:10EB70006600BAF8360010993CAC814212D1BAF85E
:10EB800034001FFA8EF188420CD1BAF8201001F03F
:10EB9000600201F00600202A08BF203009070DD4CA
:10EBA00068B900BF20464AA9382219F021F92CA8DB
:10EBB00034A9202219F01CF925E000BF0830BAF86A
:10EBC0002210AAF8200041F00800AAF822002046EE
:10EBD0000CF07AF82CAD28460AF0FAFA50464FF4B9
:10EBE000A02122461DF058FB50464FF4A0212A4692
:10EBF0001DF098FABAF82200079920F00800AAF848
:10EC00002010AAF82200BAF82400109918AD01FBD0
:10EC100000601A21289050461AAA1D9513F024FB73
:10EC2000404621462A460CF035F8DAF82800129DB5
:10EC300050F8250000283FF4BDAE50464FF4A02107
:10EC400012221CF03BFF5446824620464FF4A0217E
:10EC500013221CF033FF804620464FF4A0211022DF
:10EC60001CF02CFF064620464FF4A02111221CF078
:10EC700025FFBDF860112B4601EB0A07BDF86411B2
:10EC8000ADF85870A1EB0805BDF86211A26A3144D5
:10EC9000ADF85A10BDF86611EF1B081A013752F88B
:10ECA0002310ADF85E00BDF9C200119E3FB2349A48
:10ECB000BDF9C430A246083106F00204CDE90007D0
:10ECC0005AA8ADF85C50029424F04EFC84B9BDF80B
:10ECD0006A01BDF8621100EBD030089A00B211440D
:10ECE000A1EB600201EB6000ADF85A20ADF85E00C8
:10ECF0005BAC14A8214658AAF9F7FAFCDDF8388075
:10ED000000283FF457AE14A9DAF82800C8F8081014
:10ED1000129916AA50F821002CA900F108034046C8
:10ED20000027009709F0F4FEC8F8084042E600BF4B
:10ED30000E98039981605DB0BDE8F08F70B505460F
:10ED400013F08EFA0446284613F088FA0546406B05
:10ED5000B0F5A02F48D1A86B062805D82869002156
:10ED6000C17080F822100FE081B22046402206F0E8
:10ED7000C3FE48B1D5E904060021C17080F8221015
:10ED800012201FF0EFFDB081298F20464FF4004282
:10ED900006F0B2FE90B12E696620F070204623F096
:10EDA00033FFB080204606F0A5FEA96B814206D154
:10EDB0002969B222CA70014601E000BFA96B89B27D
:10EDC00020464FF4804206F097FE002808BF70BD31
:10EDD0002E69FF2086F82200204623F015FFF083DD
:10EDE0002869018C0131018470BD00002DE9F04FCC
:10EDF000B3B08A6831AC0D46804600F1140120465C
:10EE00000891F9F775FC002800F04781A8680021F7
:10EE1000059040461222AC601CF050FE0E90404619
:10EE2000002110221CF04AFE0A9040461BF092FF7F
:10EE3000B8F88410079040460B911BF06FFF0D90BF
:10EE4000B8F8860008F1240B0C905846FAF7E0FF5A
:10EE500081464046002115221CF030FEB8F884108F
:10EE6000B8F882600691029040464FF4A021152226
:10EE70004FF4A02A1CF022FEB8F8841001900391F0
:10EE80004046002132221CF019FE044640461CF088
:10EE9000EBF8009040461CF0E5F921AF04903846AD
:10EEA0000BF012FF40464FF4A0213A461DF0F4F952
:10EEB0009DF89300B8F81A1000F0F800BDF884200F
:10EEC0008DF89300FF208DF887005018ADF8C20030
:10EED0000FA8294609951BF061FACDF870A042F6FB
:10EEE0002C10B8F882A0C0F6040010900420BAF1EB
:10EEF000000F119000F0CE8002980B99079A00B293
:10EF000002FB01F1069A090200FB02F0721E0012D8
:10EF100002FB00F0019AC0EB214012B2039B90FB70
:10EF2000F6F002FB03F200B21312A9F1010603FB93
:10EF30001603C0EB2140009907900E98B3FBF9F33C
:10EF4000401A2044069018B2DDE90C310128B8BF00
:10EF5000012000EB22264FF0000901FB03F1431EC4
:10EF600008F16C000D9041F30F2004990C9008F10A
:10EF700070000B900A980E932044401A0A9006E005
:10EF8000B8F882A009F10109D14580F08380089882
:10EF9000CDF8749007885846FAF764FF0028EFD040
:10EFA00004460798AAF1010109FB00F090FBF1F07B
:10EFB00006990844C11908E00F4658462146FAF759
:10EFC0004DFF044600283946DAD0207BC207F3D132
:10EFD00098F88820120754BF628900220E9BBDF961
:10EFE000C4500B441FB2ADF8BC10AF4201EB060792
:10EFF000ADF8C030E1DBBDF9C83009B29942BFDCE1
:10F0000009FA82F1B8F88220238991FBF2F5ADF874
:10F01000883005FB121162680904C0F300100D9DD1
:10F02000B246C9130B9E535E35F9105036F91000E5
:10F030000C9E5B1B03FB06F3401B93FBF0F0B8F840
:10F040001630301A0A9E33441844ADF8BE00505EA4
:10F0500047F6FF7188421AD02FAE12964E46D94617
:10F060000DF13C0B21ADCDE91F0440461A215A4653
:10F07000139513F0F9F8099829462FAA0BF00AFE08
:10F0800040461B215A46CB46B14613F0EDF8564692
:10F0900093E700BF09980599816033B0BDE8F08F10
:10F0A0002DE9F04FC1B08A6800F114073FAE8946E0
:10F0B000044630463946F9F71BFB002800F04A8326
:10F0C000D9F80800C9F808600C90B4F8820002284A
:10F0D000C0F040832046002132221CF0EFFC834622
:10F0E0002046002112221CF0E9FC064620460021A1
:10F0F00010221CF0E3FC054620461BF02BFEB4F862
:10F100008480824620461BF009FEB4F886101591D3
:10F11000A18ACDE9131020461BF0A6FFE18ACDE9B4
:10F12000110120461CF09EF8D9F8082010903BA849
:10F130003946F9F7DDFA002800F00C830DF1E207FB
:10F140003846CDE90E565D460AF0C8F820464FF421
:10F15000A0213A461DF040F82AAF38460BF0B4FD26
:10F1600020464FF400313A461DF096F820464FF401
:10F17000003101221CF0A2FC81B2099000EBD130D9
:10F180004FF4003107B2204604224FEA670B08947F
:10F190001CF094FC044680B2CDF814B004EBD030DF
:10F1A00001B2BDF8E4004A10BBEB610F00EBD031B7
:10F1B0000492B8BF7A1009B2B2EB610F05DD9DF879
:10F1C000EB1041F010018DF8EB100C9F012805D1D8
:10F1D0009DF8EB0040F010008DF8EB00089A0AFB58
:10F1E00008F1B2F8820041F30F2180B20B91814205
:10F1F0004FF00000C8BF012002F1240B07905846D1
:10F200009046FAF72FFE002800F0A28206460F98DB
:10F21000139A28441044119A0E99801A1390129848
:10F22000294408441099A21E401A1290DDE91410D6
:10F2300092B201FB00F008F16C0140F30F20119134
:10F24000109008F170000F900598411CC0430A907F
:10F2500009980D91023880B24FF6FD7188424FF047
:10F26000000038BF01208A424FF0000138BF012161
:10F270000840CDF81890CDE9020B07E0584631461A
:10F28000FAF7ECFD0646002800F06282307BC107E9
:10F29000F4D1318998F88820ADF8E210ADF8AC10BF
:10F2A000120754BF74890024139922B2ADF8F810E4
:10F2B000ADF8F4107168C0F300100E9231F912101D
:10F2C000119A0F9B32F9102033F91000109B891A04
:10F2D00001FB03F1801A91FBF0F01299181A08440F
:10F2E000ADF8F60018A8494615961BF057F842F6F7
:10F2F0002C10C0F60400199003201A904FF4A0209F
:10F30000B8F88250159E25900DF1E2001E902AA8B3
:10F310001C902996C5B10798B7F9042000280D98CC
:10F32000BDF9F410BDF8F6300244ADF8F810ADF8B0
:10F33000FA3057D08A4280F221814FF0000B4FF013
:10F34000000A294605E000BF4FF0000B4FF0000A0D
:10F350000021BBEB010018BF01200799DDF81890D0
:10F3600081F00101DDF82080DDF80CB008437FF466
:10F3700085AF706821B247F6FF7330F811209A42CA
:10F380003FF47CAFBDF8F420059D18AC531BADF8DD
:10F3900058302A44BDF8F630049DADF85C205A1B65
:10F3A000ADF85A205A19ADF85E20AAF10102269252
:10F3B000002216ADCDE921221B9530F911001A214A
:10F3C00028904046224612F04FFF48462AA92A4676
:10F3D0000BF060FC40461B21224612F045FF159EB3
:10F3E0004CE700BF8A42FFF649AF0E9A139892FB92
:10F3F000F5F1ADF8F40001FB152C327B706829465D
:10F40000C2F3001230F91C501198012930F9127022
:10F410000F98A5EB070530F912201098A2EB070210
:10F4200005FB00F50C9F95FBF2F2A0EB020212988F
:10F430000244ADF8F6203FF421AF1846DDF82C80E9
:10F44000139B4FF0010A4FF0010BCDE9000000BF04
:10F45000B7F904500D98B9461FB2BDF8F62005441F
:10F46000BD42ADF8F830ADF8FA20C0F265814A1E11
:10F4700098FBF2F213980F9C00EB020E0E98119A73
:10F4800000EB0A0595FBF1F7ADF8F4E007FB11502E
:10F49000756814900704307BFF13C0F300100991C6
:10F4A000E95F32F9102034F91000109C891A01FB31
:10F4B00004F1801A91FBF0F01299201A0C18ADF8A3
:10F4C000F640B9F900000A9A0FFA8EF1104488420A
:10F4D0000ADC0FFA8CF047F6FF7135F8100088420D
:10F4E00002D0E85B88420DD10C9F149C09990B98BF
:10F4F0000AF1010A0BF1010B80448A457346A446C8
:10F50000A6D326E7019D00992DB220B209B285420B
:10F51000D8BF05461FFA8EF79AB28142B8BF084697
:10F52000BA420C9FA146149C04D10999CDE900056B
:10F530009E46DCE7AEF10101ADF8F410ADF8F8102D
:10F5400082B2A9B2ADF8FA008A4208BF0135069826
:10F550000DF1E2013EAA3DABADF8F65009F0AEFE6A
:10F56000BDF8F400159E00F1010E0898ADF8F4E026
:10F57000B0F88210CDE90099B9E700BF0E9A139850
:10F5800092FBF5F1ADF8F40001FB1524317B1198E5
:10F59000C1F30011726830F911300F9832F914205C
:10F5A00030F911101098D21A02FB00F2C91A92FB1E
:10F5B000F1F1012DA0EB010112980144ADF8F61014
:10F5C00006D14FF0010B4FF0010A0121C1E600BF47
:10F5D000DDF82C904FF0010AA6464FF0010B2946AA
:10F5E00014E000BF30461B2118AA12F03DFEB6F809
:10F5F00082100B98149C0AF1010A0C9F159E0BF1C6
:10F60000010B81448A45A646BFF4A3AEB846B7F9BC
:10F6100004700D98BDF9F430BDF8F6C007449F4260
:10F62000ADF8F830ADF8FAC0C0F28C804F1E99FBEF
:10F63000F7F713980A460E99384401EB0A0797FB2F
:10F64000F2F5159905FB12760D7B4F68149631B2D1
:10F65000C5F30015119EADF8F4000F9C099137F920
:10F66000111036F9156034F91550109C891B01FBF7
:10F6700004F1AD1B91FBF5F1129E611A3144ADF816
:10F68000F610B8F900100A9E00B2314481421146CA
:10F69000AFDC98B2059B0FFA8EF5C11AADF8581081
:10F6A00004991844ADF85C00ACEB0100ADF85A00C9
:10F6B0000CEB0100ADF85E00AAF10100269037F9CD
:10F6C000150047F6FF74011B3EAA18BF1146099AA0
:10F6D000219137F812101746091B3DAA18BF114691
:10F6E000089E229116A91B91289030461A2118AA2B
:10F6F00012F0BAFD159A506830F81510A1420BD0DF
:10F7000030F81700A04207D006980DF1E2013EAA9A
:10F710003DAB09F0D3FD159A029800283FF462AF83
:10F72000506830F81500A0423FF45CAF06982AA953
:10F7300016AA0BF0AFFA55E71FFA8AFB64464F464C
:10F7400007E600BF159E1FFA8AFB7446474600E68F
:10F75000C9F8087041B0BDE8F08F00002DE9F04F06
:10F76000B9B08A6837AE0C46814600F114013046C4
:10F77000F8F7BEFF002800F04582A0680021019044
:10F78000484632222546A6601CF098F904464846B1
:10F79000002112221CF092F9079048460021102205
:10F7A0001CF08CF90F9048461BF0D4FAB9F884107D
:10F7B000CDE90D0148461BF0B1FAB9F886100C915D
:10F7C000B9F81410CDE90A1048461BF04DFCB9F801
:10F7D00016108246484609911BF044FD0DF1CA06F9
:10F7E0000890304609F07AFD48464FF4A021324691
:10F7F0001CF0F2FC24AE30460BF066FA48464FF49B
:10F80000003132461CF048FD48464FF400310122D9
:10F810001CF054F981B2804600EBD1304FF4003136
:10F8200006B24846042277101CF048F9834680B29D
:10F8300006970BEBD03001B2BDF8CC004A10B7EB05
:10F84000610F00EBD0310592B8BF721009B2B2EB74
:10F85000610F05DD9DF8D31041F010018DF8D31034
:10F86000012805D19DF8D30040F010008DF8D30099
:10F8700009F124073846FAF7F5FA002800F0C081AC
:10F88000064607980A992044DDE90B3208440F998F
:10F89000A0EB0A0A0998214402FB03F20844DDE9BF
:10F8A0000D31120A0F9201FB03F1089BC01A0E9052
:10F8B00009F174000D9009F178000C9041F30F20CC
:10F8C0004FF6FD710B9009F16C000A9009F1700080
:10F8D000099010B2ABF102020890A8F1020080B2C8
:10F8E00092B288424FF0000038BF01208A424FF0A8
:10F8F000000138BF01210840CDE902700495CDF820
:10F900001CA008E0029F38463146FAF7A7FA0646DF
:10F91000002800F07581307BC107F4D1318999F856
:10F920008820ADF8CA10ADF89410120754BFB6F88D
:10F930000AB04FF0000B71680FFA8BF7ADF8D8A042
:10F94000ADF8D4A031F817100A2905D14EF2010004
:10F95000ADF8D40027E000BF3168022202EA90022D
:10F9600031F917000D990C9B895E9A5E0B9C002360
:10F97000009417F0B3FF5044ADF8D400307B7168A9
:10F98000C0F3001231F917000A99099B31F91210DE
:10F9900033F91220089C0023009417F09FFF0F9961
:10F9A000081A0E990844ADF8D60012A829461AF094
:10F9B000F5FC4FF4A0201F9042F62C10C0F6040076
:10F9C00013900320B9F8821014900DF1CA0018901A
:10F9D00024A800291690239600F0D88097FBF1F018
:10F9E000359A00FB117B7068369230F91B0047F6A0
:10F9F000FF72904228D0317B099BC1F300120A9913
:10FA0000089C31F9121033F912200023009417F0EA
:10FA100065FF0F990222081A0E990C9B0844ADF855
:10FA2000D600307B316802EA900231F91B000D9953
:10FA30000B9C895E9A5E0023009417F04FFFB9F883
:10FA400082105044ADF8D4004FF001080229C0F0F4
:10FA500093805C4647F6FF750DE000BF48461B21CA
:10FA600012AA12F001FCB9F8821008F101088845C9
:10FA70005C4680F0818007EB080090FBF1F2359B3B
:10FA800002FB110B70680FFA8BFA369330F91A00EB
:10FA9000A842E8D0317B099BC1F300120A99089D66
:10FAA00031F9121033F912200023009517F016FFD8
:10FAB0000F990222081A0E990C9B0844ADF8D60043
:10FAC000307B316802EA900231F91A000D990B9DE2
:10FAD000895E9A5E0023009547F6FF7517F0FEFEDB
:10FAE0000799069A0844BDF8D810ADF8D400881AD2
:10FAF000ADF840008818BDF8DA10059AADF844005A
:10FB0000881A1144ADF84610A8F1010120917168DE
:10FB100024B2ADF8420031F9140036AB421B18BFD5
:10FB20001A461B9231F81A1035AA491B18BF114604
:10FB30001C9110A91591229048461A2112AA12F080
:10FB400093FB706830F81410A94287D030F81A007F
:10FB5000A84283D004980DF1CA0136AA35AB09F04A
:10FB6000ADFB039800283FF479AF049824A910AAAC
:10FB70000BF090F872E700BF1FFA88F0049DDDF8E3
:10FB80001CA081427FF4BEAE02E000BF4FF000082F
:10FB900070680FFA8BF147F6FF7330F811209A4224
:10FBA0003FF4B0AEBDF8D420069F12ACD31BADF825
:10FBB00040303A44BDF8D630059FADF84420DA1BFA
:10FBC000ADF84220DA19ADF84620A8F101022092E2
:10FBD000002210AFCDE91B22159730F911001A2130
:10FBE00022904846224612F03FFB284624A93A4676
:10FBF0000BF050F848461B21224612F035FB81E6F7
:10FC00000198A86039B0BDE8F08F00002DE9F04FF1
:10FC1000B1B00646042A4FF0000A05911AD8DFE871
:10FC200002F003170D19670006F13C0ABAF8080044
:10FC300047F6FE71084214D1D5E100BF06F1480A2B
:10FC4000BAF8080047F6FE7108420AD1CBE100BFBE
:10FC500006F1540ABAF8080047F6FE71084200F0AF
:10FC6000C28101B2002907D4BAF8001021B9BAF84C
:10FC70000210002900F0B781BAF806106FF3DF30E8
:10FC800001386FF3DF3100FB01F7002F00F0AB818B
:10FC900030460021154612221BF010FF81463046E7
:10FCA000002132221BF00AFF0A9030461BF052F866
:10FCB000B6F884102C4627AD83462846089109F0F3
:10FCC00087FA30464FF4C0212A461CF02BFAB6F8CA
:10FCD000148030461BF0C8F9BAF90810022C0994B8
:10FCE00010D0B1F1FF3F15DD002103911DE000BFF1
:10FCF00006F1600ABAF8080047F6FE710842B0D172
:10FD000071E100BFB1F1FF3F40F34A81002103914F
:10FD100051E100BF4C46814630464FF4C0211022CD
:10FD20001BF0CCFE03904846A146F18A4D1E08996F
:10FD30000A9A01FB0BF14A440C0A02EB08010DF18F
:10FD40009208A1EB00094046079509F0C7FA304632
:10FD50004FF4C02142464FF4C0251CF03DFA00206C
:10FD60000599CDF8960012A81AF018FB42F62C104F
:10FD7000C0F604001390062014900220CDE91F5015
:10FD800096F8880027A900F0070002281791CDF8FF
:10FD900060801BD13046002115221BF08FFE00B27F
:10FDA000B6F88410B6F8822000FB01F021B2099D5C
:10FDB00001EB202191FBF2F109B2A1EB202000EB35
:10FDC000D071241A09EB610202E000BF099D4A4686
:10FDD000A81E18BF0120089007980DF1480BADF838
:10FDE000C20020B24FF000080A9006F1740007909C
:10FDF00006F17800069004970BE000BF30461B2107
:10FE00005A4612F031FA08F10108B8454A4600F2A4
:10FE1000EA80BDF994100A9BBAF80600591A6FF3EC
:10FE2000DF3001FB08F1B8FBF0F3B1FBF7F103FBA6
:10FE3000108450185146ADF8C000ADF8BC00BDF8B4
:10FE4000C200002C18BF02310988022D18BF494298
:10FE50000844ADF8BE0096F88800914600F007000F
:10FE600030A903282FA81B911C900ED1DDE90710A3
:10FE70003A4631F91030069931F9105040460021C8
:10FE80000095099D17F02AFD0346229324B9BAF97B
:10FE90000800B0F1FF3F25DD00201790CDE91D00DF
:10FEA00030461A215A4612F0DFF9BDF89400BDF928
:10FEB000C01000EBD030B6F9142000B201EB6001A5
:10FEC00091429BDBBDF9BC104010B6F91820081A0E
:10FED000904293DC05980DF1920130AA2FAB09F006
:10FEE000EDF98BE70EAC43F22A2220461021C0F632
:10FEF000040220F06DF927A8179010201E903046BC
:10FF00001A215A461D9412F0AFF9BDF9AE001D99A1
:10FF1000279ABDF9B030009041F6FF7001900DA80E
:10FF20000027029723F020FBBDF83400BDF8BC1079
:10FF300000EBD030022D02B2A1EB620001EB6201B6
:10FF4000BDF8BE20ADF82C00ADF830100AD0039BF0
:10FF5000D21ABDF83630ADF83220D21AADF82E20C4
:10FF600009E000BF039B1A44BDF83630ADF82E20DF
:10FF70001A44ADF8322009B2B6F91420049F914218
:10FF800093DB00B2B6F9181088428EDC1D9B0598F1
:10FF9000002727A90BAA0097049F08F0B9FD84E762
:10FFA0004C46814630464FF4C02111221BF086FD9D
:10FFB00003904846A146718B4A1C059915B2896881
:10FFC000B1F9062095420EDC279A039BB2F908206E
:10FFD00005FA83F3B1F902101A44BAF900301A4451
:10FFE0008A42BFF6A4AE31B0BDE8F08F2DE9F04FE4
:10FFF000B7B014460646042A4FF00000089110904E
:020000040801F1
:1000000013D8DFE804F0030B07120F0006F13C00E1
:100010000AE000BF06F1480006E000BF06F1540008
:1000200002E000BF06F1600010901098B0F90800DF
:10003000002807D41099098821B910994988002906
:1000400000F0628180B26FF3DF300228C0F05C8183
:1000500010990138C9886FF3DF3100FB01F00028E7
:100060000F9000F051813046002132221BF026FD16
:100070000B903046002110221BF020FD0A903046E4
:100080001AF04CFEB6F8861005900C91F18A3046B5
:1000900009911BF0E7F8049054B130464FF4C021A9
:1000A00013221BF00BFD06F11807012506900AE04C
:1000B00030464FF4C021122206F114071BF0FEFC5B
:1000C00006904FF6FF75A046002C18BF4FF00108B0
:1000D0001098B7F8009001884088012C18BF494259
:1000E0000E9118BF40420DF1CA070D90384609F035
:1000F000F5F830464FF4C0213A464FF4C02B1CF0BF
:100100006BF80DF1A80A504609F062F830464FF43A
:10011000C02152461CF006F8089918A81AF03EF9BA
:1001200042F62C10C0F60400199006201A900C9884
:1001300005991E9701FB00F00F9F40F30F20CDF8AB
:1001400074A00C90DDE90A104D444FF0000A4FF006
:10015000000908440999079408440499CDE925B495
:10016000401A0B9006F16C000A9006F1700009909D
:100170000BE000BF30461B2118AA12F075F8013FB2
:10018000781C09F1010900F0BF80BDF9CC000C9981
:100190000F9A081A00FB09F00B99B0FBF2F0ADF8CA
:1001A000D85008441099ADF8DA00C988ADF8D600E7
:1001B0006FF3DF31B9FBF1F303FB119BDDE90D01B7
:1001C000BBF1000F08BF08462844ADF8D40036A89C
:1001D00021900A98002130F91830099830F9184018
:1001E00035A822903846009417F078FBBBF1000F39
:1001F000289006D103461098B0F90800B0F1FF3FEF
:1002000026DD30461A2118AACDF874A0CDE923AA1C
:1002100012F02AF8BDF8CC00BDF9DA1000EBD030AE
:10022000B6F9162000B201EB60019142A2DBBDF9E4
:10023000D6104010B6F91A20081A90429ADC089895
:100240000DF1CA0136AA35AB09F038F892E700BFC4
:1002500014AC43F22A2220461021C0F604021FF0FB
:10026000B7FF2AA81D901020249030461A2118AA02
:10027000239411F0F9FFBDF9BA0023992A9ABDF928
:10028000BC30009041F6FF70019013A8CDF808A093
:1002900023F06AF9BDF84E00BDF8D61000EBD0305F
:1002A000079B02B2A1EB620001EB6201BDF8D42012
:1002B000ADF84600ADF84A1043B1069B1A44BDF8AC
:1002C0004C30ADF844201A4408E000BFBDF84C3073
:1002D000069C2344D31AADF84430121B09B2B6F978
:1002E0001630ADF84820994294DB00B2B6F91A10E6
:1002F00088428FDC239B08982AA911AACDF800A078
:1003000008F006FC86E700BF37B0BDE8F08F0000BC
:100310002DE9F04F81B00C4620211E46904605463F
:100320001BF0EAFD50B30A98032833D128461AF08F
:1003300089FF074614F024FD814628460021122239
:100340004FF0000B1BF0BAFB824628460021132217
:100350001BF0B4FB012F6DD0022F5FD0032F4FD1C4
:10036000A98A2A8B00B2521A013212B200FA8AF01C
:10037000B9F81430B9F8187032E000BF301948BF2E
:10038000744224B2A045B8BF444620B201B0BDE8D3
:10039000F08F00BF28461AF05DFF074614F0F0FC0E
:1003A00081462846002110224FF0000B1BF086FBEF
:1003B00082462846002111221BF080FB012F3DD0F0
:1003C000022F31D0032F1BD1E98A6A8B00B2521A57
:1003D0000132B9F81630B9F81A7012B200FA8AF080
:1003E000101AFA1A013297B200EBD07002EBD73232
:1003F000514412B201EB600003EB620B22E000BF3C
:100400000020B6F1FF3F21DC4FB300B20FFA8BF1B1
:10041000814224DD20B201B0BDE8F08F298BB9F80C
:1004200018B0081A0EE000BF698BB9F81AB0081AA4
:1004300008E000BFA88AB9F814B002E0E88AB9F869
:1004400016B050440227B6F1FF3FDDDDB8F1FF3FA3
:10045000E0DC27B100B20FFA8BF18142DADB002C2D
:1004600048BF023C20B20028C8BF023420B2C0F30B
:100470004170204400B2841020B201B0BDE8F08F7A
:100480002DE9F04F85B0CDE903230C4607461AF05D
:10049000D9FE002800F087808146384600211222CC
:1004A0001BF00CFB05463846002113221BF006FB0F
:1004B000064638461AF0DCFB002874D0824630B27B
:1004C000019600FA85F0012602954FF0000B41F6E7
:1004D000FF75C0F20406009004E000BF0BF1010BB1
:1004E000DA455BD0B8683146006850F82B8040464A
:1004F0001BF00AFD0028F1D140464FF480511BF05B
:10050000FBFC0028EAD0B9F1030F11D0B9F1020FBA
:1005100008D0B9F1010FE1D1B88A029AB8F81410E5
:1005200010441EE0388B019AB8F81810801A18E0B1
:10053000B8F81400B8F818103B8B091A01318AB2C8
:1005400001EBD231BA8A09B29B1A01331BB200EB1C
:1005500061010098181A029B00EBD0701A4402EB5C
:100560006000049A114409B2A142B7DB039A914298
:10057000B4DC081A01B22AB280EAE133A446344658
:1005800085EAE236A3EBE131A6EBE23289B292B220
:1005900026466446914238BF05469FE7A8B241F619
:1005A000FF71884204D1002000B205B0BDE8F08F91
:1005B000684200B205B0BDE8F08F00002DE9F04FB1
:1005C00085B0CDE903230C4607461AF043FE002808
:1005D00000F0878081463846002110221BF06EFA19
:1005E00005463846002111221BF068FA06463846B7
:1005F0001AF03EFB002874D0824630B2019600FA11
:1006000085F0012602954FF0000B41F6FF75C0F210
:100610000406009004E000BF0BF1010BDA455BD04B
:10062000B8683146006850F82B8040461BF06CFCDF
:100630000028F1D140464FF480511BF05DFC0028AA
:10064000EAD0B9F1030F11D0B9F1020F08D0B9F116
:10065000010FE1D1F88A029AB8F8161010441EE092
:10066000788B019AB8F81A10801A18E0B8F81600BA
:10067000B8F81A107B8B091A01318AB201EBD2311A
:10068000FA8A09B29B1A01331BB200EB6101009890
:10069000181A029B00EBD0701A4402EB6000049A17
:1006A000114409B2A142B7DB039A9142B4DC081AA3
:1006B00001B22AB280EAE133A446344685EAE23642
:1006C000A3EBE131A6EBE23289B292B22646644650
:1006D000914238BF05469FE7A8B241F6FF718842B4
:1006E00004D1002000B205B0BDE8F08F684200B22E
:1006F00005B0BDE8F08F00002DE9F04F85B09146C0
:100700000E46DDF83C80002101220093834600253F
:100710001BF0D4F904465846002104221BF0CEF900
:10072000F17804968A0710D5CA0704D0A3B242F222
:10073000D176B34205D042B980B242F2D172904232
:1007400003D1049801F0FD01C17011F001004BF6D6
:100750001560C0F602004AF651620146C0F6020278
:1007600008BF1146019108BF024658464946029209
:10077000A8F80450C8F80050C8E90255C8F810504D
:100780001AF066FA002800F0CD800125DDF808A0F7
:100790000646C0F206054C46CDF80C904C4507D0F5
:1007A00030464FF400011BF0A7FB002840F0F48016
:1007B000304629461BF0A8FB002840F09A8040F202
:1007C000AC10C2F200004289304600211BF076F9DD
:1007D0005FFA80F9B9F1000F66D098F81410D8F8D4
:1007E0001000C907B8F804100E9A00F10100114476
:1007F000C8F81000A8F8041069D000EB8000800051
:1008000017F0DAF8002800F08B80D8F80C100746B3
:1008100071B1D8F810006FF0130200EB800002EB0A
:100820008002384617F0E4FAD8F80C0017F01AFAEC
:10083000D8F81000DDF810A000EB8000022207EBD2
:100840008000002140F8146C9AF80300C00708BF2C
:10085000052230461BF032F9D8F81010032201EBC4
:10086000810107EB810121F8100C9AF803000021A7
:10087000C00708BF062230461BF020F9D8F8101038
:10088000DDF808A001EB810107EB810121F80E0CD6
:1008900011F8040C41F8089C00F0FE0001F8040C6B
:1008A000C8F80C7013E000BF0199304688470499DE
:1008B000CA78B8F80410920704D50AB2009B024423
:1008C0009A426FDC0E9A10440844A8F8040030469F
:1008D000D047B8F90010884202DD3046D0470146C3
:1008E000D8F80800DDF80C900130A8F80010C8F81E
:1008F00008000498C07840074FF0FF3058BF01202F
:10090000241849D4584621461AF0A2F90646002870
:100910007FF444AF0025B8F90400012807DA0AE0A3
:10092000FEE700BF4C46B8F90400012803DB0E992E
:10093000401AA8F80400D8F81010009A002908BF3F
:100940000246B4EB090018BF012085F001010843FD
:10095000A8F802201BD1DBF8080004990068C978C8
:1009600050F8295048074FF0FF3058BF012009EBDD
:10097000000465B10299284688470199A8F800004B
:1009800028468847A8F802000120C8F80800204639
:1009900005B0BDE8F08F00BF0125B8F904000128BB
:1009A000C5DAC8E7DDF80C900125B8F90400012884
:1009B000BDDAC0E740F2D800C2F20000006807F0DC
:1009C00007BD000010B582B040F2D804C2F20004A6
:1009D000E06821F037FE38B10178A1F13A0212F156
:1009E0000A0F01D3407808B102B010BD43F20430C1
:1009F000CDF8030040F2B400C2F2000000688DF8A8
:100A000007100DF103010A2200232CF02DFE2068AF
:100A100007F0DEFC02B010BD10B582B0044611F044
:100A200007FC072818D1204611F01CFC00218DF886
:100A30000710ADF8051004218DF8031040F2B40141
:100A4000C2F200010A688DF804000DF1030110469E
:100A50000A2200232CF008FE02B010BD2DE9F04F51
:100A600097B040F2AC14C2F200046288002105463F
:100A70001BF024F80746062000EA570007F0010B98
:100A8000584480F00100A2880A908DF85B00284647
:100A900000211BF013F8E2888DF858002846002149
:100AA0001BF00CF822898DF85900284600211BF014
:100AB00005F80D908DF85A002846002116220F9552
:100AC0001AF0FCFFBBF1000F0546069710D00F9CF3
:100AD0000021204615221AF0F1FF80462046002111
:100AE00014221AF0EBFF089020461AF017F90FE0D5
:100AF0000F9C0021204614221AF0E0FF8046204679
:100B0000002115221AF0DAFF089020461AF022F987
:100B10000E90E8B20B900F9E0021304632221AF060
:100B2000CDFFF48A05463046002110221AF0C6FF98
:100B3000074630461AF0A6FB61193944B48AA1EB86
:100B400000093046002112221AF0B8FF074630464D
:100B50001AF090FB61193944A1EB000A30460021DC
:100B600001221AF0ABFF84B23046002104221AF0B1
:100B7000A5FF81B2BBF1000FCDF830B00994079109
:100B800004BF42F2D17081420CD0BBF1000F0FD0F4
:100B900042F2D17084420BD10F98408C000505D5EC
:100BA00006E000BF0F98408C40050DD400200D904A
:100BB000BBF1000F08D00B98012805D10D98C0B2E9
:100BC00050B1012803D009E00D98000606D1D446A3
:100BD00000200024B7E000BF01200D900F98069977
:100BE0008068C9B240680907421E12EAE1724FF0FC
:100BF00000053DD482424FF0000431DACDF818A050
:100C0000DDF820A000270FFA8AFA10AE16AD00BF5B
:100C10009DF854000E9B00F0FE008DF854000F98D4
:100C20002946CDE900A6FFF767FD0246BDF8400062
:100C300004EB08010C18002AA7F1010704D40F984F
:100C4000806840688242E3DB9DF85B00002F0A90D9
:100C500018BFA4EB0804DDF830B0DDF818A07D4221
:100C60000A98C00708D10F981AF074F807E000BF7F
:100C700000240A98C007F6D00F981AF04FF80D9F7D
:100C800029B2FA1ED2B202293B46B8BF0223032A78
:100C90004FF0FF3228BF3B4652FA83F2042A50D865
:100CA000DFE802F00440182C0C0000BF001B49468E
:100CB000BBF1000F18BF514608443FE00021CFF6BA
:100CC000FF71001B01EB054100B20914D44690FBF3
:100CD000F1F038E04FF48031001B01EB054100B228
:100CE000091490FBF1F04946BBF1000F18BF5146C3
:100CF00001440CBF89468A46D44624E0001B00B25A
:100D00004A4690FBF1F0BBF1000F18BF524681B28A
:100D100000EBD13109B202EB61010CBF89468A4672
:100D2000D44610E021B2BBF1000FA0EB010000EBB4
:100D3000D070494618BF514601EB60000CBF814698
:100D40008246D44600200F99DDF828A089680B9AC6
:100D500049684FEA4A734F1E82F0010207EAE377BF
:100D60000AF001030C9E42EA03054A46002E18BF12
:100D700062462244134618BF4B46002D1CBF4B460B
:100D80006246002E08BF6246002F00F1D1808F42DC
:100D900080F2CE8014B20B9A08990FFA83FA012AD6
:100DA00040440D9056D10FFA81F900BF9DF85400D0
:100DB0000E9B40F001008DF854000F9816A93A469A
:100DC00010AECDE90096FFF797FC9DF85B10054645
:100DD000CE070BD10C99BDF840000029514618BF31
:100DE0002146A1EB00000CBF8246044620B20FFA58
:100DF0008AF13A46CDE900010E9816A9CDE902091B
:100E00000F982B4610AF0497FBF7FEF8139816F0D7
:100E100029FF3EB90C9A5046002A18BF20460D996A
:100E2000401A09E00C9A5146BDF84000002A18BF4C
:100E300021460D9B18440844002A0CBF82460446F4
:100E4000002D75D40F982F46806840688542ADDB31
:100E50006EE000BF08B2AEB30C90DDE90E59DDF8CC
:100E600030B000BF9DF8540016A940F001008DF885
:100E7000540048463A462B460DF14008CDE900B8EB
:100E8000FFF73AFC064620B216A9CDE9000A48460B
:100E90003A463346CDE9025BCDF81080FBF7B4F853
:100EA000139816F0DFFE002E42D40F99BDF84000D3
:100EB00089680D9A4968104404448E423746D1DB54
:100EC00036E000BF0C90DDE90E5ADDF830B000BF0F
:100ED0009DF854000DF1580840F001008DF85400C1
:100EE000504641463A462B4610AECDE900B6FFF7D4
:100EF00003FC06460FFA89F04146CDE90040504612
:100F00003A46334610AFCDE9025B0497FBF77CF815
:100F1000139816F0A7FE002E0AD40F99BDF84000D2
:100F200089680D9A4968104481448E423746CFDB68
:100F3000099942F2D170814202D00799814202D1CF
:100F40000F981CF041F80F982B21002217B0BDE834
:100F5000F04F11F089B900002DE9F0470446007FF9
:100F6000C00740F0BB80E568914688464FF0010A13
:100F7000002600BF15B12946BEB912E0207FB6FA9F
:100F800086F100F00800490941EAD00000EA0A00B1
:100F9000012840F0A3802046C04701464FF0000AD8
:100FA0001EB900290E4600F099804DB12046C84771
:100FB0000546B04204BF0020BDE8F0871DB9D9E75F
:100FC0000D46002DD6D028681AF03AFD0006D1D47F
:100FD0002F688FB1384601211AF08EFF30B938469C
:100FE00019F092FF07460028F4D105E038460121A8
:100FF0001AF082FF0028BDD1E06885426ED098B318
:10100000D0F80080002013F0ADFEF0B107460026B6
:101010004FF0000907E000BFB9463E46384613F0DE
:10102000A1FE074660B1384613F0E2FE796DA14299
:10103000F4D10428F0D002283E46EFD1B94608E0AA
:10104000B9F1000F05D1B1461EB9002013F08AFE98
:10105000814640460F214A4611F006F901283DD14C
:10106000E06800681BF08EFAE560D5F8008000208B
:1010700013F078FED8B107460026002507E000BF30
:101080003D463E46384613F06DFE074660B1384691
:1010900013F0AEFE796DA142F4D10428F0D00228FD
:1010A0003E46EFD13D4606E02DB935461EB900203B
:1010B00013F058FE054640460E212A4611F0D4F89A
:1010C00001280BD1E06800681BF05CFA2169002957
:1010D0001CBF204688470120BDE8F0870020BDE8FE
:1010E000F087000010B582B004468DF8070040F686
:1010F0003050C2F200000DF1070101220223F3F784
:1011000007FD204602B010BD2DE9F04F8DB00891CB
:101110000BA9054619F03AFE28461AF07BFE04900A
:10112000284619F095FE82462846002112224FF0EB
:10113000000B1AF0C3FC80462846002113221AF047
:10114000BDFC04B22846002110221AF0B7FC07B2F9
:101150002846002111221AF0B1FC06B228460021CF
:1011600014221AF0ABFC81462846002115221AF001
:10117000A5FC0D2C4FF00D03A8BF1C460D2FA8BFDA
:101180001F46298E0D2E07970695A8BF1E460029DB
:1011900078D081B20FFA88F700EBD13100F001006E
:1011A00009B24FF0000800EB61001FFA89F1421C00
:1011B00009EBD13009F0010100B20D2AA8BF1A468F
:1011C00001EB60000292524600F1010ABAF10D0FE4
:1011D000A8BF9A460D2F059420B20397B8BF3B468F
:1011E0000499029F081A31B202380190501A0496ED
:1011F00002380026009000BFDDF818B0039DDBF830
:101200002800BDF82C2000EBC60130F936009946C5
:10121000A842C8BF3B46D31A1844ADF8240007982B
:10122000B1F9023005B2BDF82E40AB42C8BF5046FE
:10123000181A2044B1F90430ADF8260001989842FC
:101240000598C8BF3846B1F9061018441044ADF8E7
:1012500028000098002288420498C8BF50460844DD
:1012600020440899ADF82A0009A8F7F731FBBBF82C
:1012700030B058B901365E4508F101084B46BBD382
:1012800006E000BF4FF0000802E000BF1FFA86F83A
:10129000D84508BF4FF6FF781FFA88F00DB0BDE8BB
:1012A000F08F00002DE9F04381B01C46914688463E
:1012B000064600201880AAB3D6F830C0B9F1040F52
:1012C00009F0030E02D20023002215E029F00305E5
:1012D000ACF108010023002231F8080F0432184451
:1012E00020804B889542184420808B8818442080A9
:1012F000CB8803442380EFD1BEF1000F12D03CF81D
:101300001200BEF1010F03EB000121800AD00CEBAB
:101310004202BEF1020F50880144218002D0908821
:10132000084420803046002116221AF0C7FBC5B2BF
:10133000304619F09FFF2188012D19D108442080E3
:1013400030461AF067FD27880546304600211322F3
:101350001AF0B4FB3844281A316BA08031F8191008
:10136000401A20800020B8F1000F608015D146E0BF
:10137000081A20803046002112221AF09FFB218893
:101380000844316B208031F8191008440138A080DE
:101390000020B8F1000F608031D0D6F82CC0B8F131
:1013A000040F08F0030003D20023002216E000BF60
:1013B00028F00307ACF108050023002235F8081FC8
:1013C0000432194461806B88974219446180AB886C
:1013D00019446180EB880B446380EFD178B13CF80D
:1013E000121001280B44638009D00CEB4201022843
:1013F0004A881A44628002D088881044608030464F
:10140000002110221AF05AFB61880844608030469F
:1014100019F038FF6188081AF16A608031F81810F5
:1014200008440138E08001B0BDE8F0832DE9F04FB9
:1014300081B0904689460021122206461AF03EFBF2
:1014400082463046002113221AF038FB054630460A
:10145000002110221AF032FB83463046002111226F
:101460001AF02CFB074630461AF0D4FC29B201FAD8
:101470008AF5441B304619F0EBFC39B201FA8BF7C0
:10148000C01B844204DA30461AF0C4FC04E000BFFA
:10149000304619F0DDFC3D46401BB18A00EBD070B0
:1014A000514401EB6001F28A0BEB6003A9F80010D4
:1014B0009918B8F1000FA9F802101CBF4010A8F845
:1014C000000001B0BDE8F08F002904BF0020704784
:1014D0002DE9F04F85B00269D2F814B0BBF1000FCE
:1014E00008D0DBF80000814204D1DBF8040005B02D
:1014F000BDE8F08F508A02926FF35F20D8B300EB03
:10150000800302986FF01304D0F808C098006FF0C1
:101510003B0704EB830A6FF02704039007EB830E6D
:1015200004EB83090026032500240CEB06075CF876
:101530000600BA880B1A934226D9B2451BD07B69A4
:101540003A8BCB1A934231D9B14514D0BA6AB7F865
:101550002C808B1A434537D9B6450CD0FA6BB7F8B7
:1015600040008B1A83423BD9039850360434B04272
:1015700005F10405D9D10020BBF1000F18BFCBE95C
:10158000001005B0BDE8F08F04EB8400033D0CEBC8
:101590008000827C032A13D8DFE802F00248282C5E
:1015A000C268C088D25C029F10445EE044F0010033
:1015B00000EB8000023D0CEB8000827C032AEBD91B
:1015C000029F002051E000BF44F0020000EB8000C9
:1015D000013D0CEB8000827C032ADDD9F0E700BFDF
:1015E00007F13C00827C032AD6D9E9E7C088029F34
:1015F00018443AE00C468168028A4CF6B917ADF8F7
:1016000012300DF11200C0F6030702230097F9F71C
:1016100021FB38B3029F05EB8502B96801EB82011B
:101620008A68C988801A01EB60001DE00C46816859
:10163000028A4CF6B917ADF8103004A8C0F60307BB
:1016400002230097F9F706FB60B1029F05EB8502C4
:10165000B96801EB8201D1E90223C988801A185ABE
:10166000084401E0029F002021467A69002A18BF41
:10167000C2E9001005B0BDE8F08F00002DE9F04F81
:1016800083B0904602914FF4003150229A460646AC
:101690001AF014FA96F83410B48CC1F34101DFE863
:1016A00001F00305212300BF318D1CE0B18D728D47
:1016B000338D9142F58C38BF01F5B47102FA81F196
:1016C0001F4601EBD171AB4238BF07F5B4773AB290
:1016D00049109142A8BF0B46A942C8BF2B461C44E3
:1016E00002E000BFF18C0C4481B200EBD1300FFA64
:1016F00080F9A8EB69004FEA690800B2009004F194
:101700005A0000B221F000FF834620B221F0FCFE17
:10171000019030464FF4403112221AF0CFF90446BE
:1017200030464FF4403113221AF0C8F905463046CE
:101730004FF4403110221AF0C1F9074630464FF4F9
:10174000403111221AF0BAF9009904EB69034900FB
:1017500001FB0BF2029CC3EB2243268808EB2242DA
:101760003344AAF80030019B2A4401FB03F13244C0
:10177000AAF804200A14A2EB690208EB214163884D
:10178000D21B08441A441844AAF80220AAF80600FA
:1017900003B0BDE8F08F0000F0B581B0428C044684
:1017A000C2F30513C0680F4693B1014604E000BFC1
:1017B000013B01F108010BD0CE79F607F8D08E7904
:1017C0008D8845EA0646B742F2D1086801B0F0BDFF
:1017D00002F1100101F47C7322F47C721A444FF47C
:1017E000FC7303EA5101628416F0C0FAE060C8B3EA
:1017F000618CC1F305114E1E13D06FF0070000EB92
:10180000C10100BFE068421812F8013C9B0709D1F2
:1018100052E90235013E4350A1F108015560F1D172
:10182000E068002600EBC600082116F0DBFE082069
:1018300016F074F8E16841F836001FF0E5F8E0684A
:1018400000EBC600C17941F00101C171E068390CBB
:1018500000EBC60081718780E06800EBC601086874
:1018600001B0F0BDFEE700002DE9F04F8BB005930D
:10187000DDE91737B0F824C0089212893B44BCF167
:10188000000F03EB020B079372D0DDE915230CFB6D
:1018900001FA66461FFA8AF4991804910021099406
:1018A000069029E00498149A181A00B2059BCDE915
:1018B0000020089A0EF108010AA80027029721F0DB
:1018C00053FEBDF92A0007990FFA8BFB08445845CF
:1018D000C8BF83460698CA44B0F824C04146099A56
:1018E0000AF1010A1FFA8AF412FA8CF21FFA8CF636
:1018F000A24201F101013BD9826A52F824E0BEF113
:10190000000FECD0056B8FB2013E35F81730BE42A8
:101910001ADD02EB8404A81C0022B8464FF000092F
:1019200054F82220002A1CBF12785FEAC2720ED03F
:1019300009F1010930F8185017FA89F81FFA89F2ED
:10194000B0452B44ECDB02E04FF00009B8469EF8AE
:1019500000008007A6D50898079BB0F908000FFA89
:101960008BF218449042C8BF83460698B7E700BF81
:101970000FFA8BF00BB0BDE8F08F0000F0B581B02E
:101980000446408C0F46C0F30512002A42D0E1689D
:10199000CB1D002105E000BF01318A4203F108039D
:1019A0000CD01D78AD07F7D513F8015C33F8036C44
:1019B00046EA0546B742EFD191422ED100F110011F
:1019C00001F47C7220F47C7002444FF4FC7000EA55
:1019D0005101E068628416F0C9F9618CE060C1F3DE
:1019E0000512511E68D011F0030CA2F1020019D0AB
:1019F000E668BCF1010F06EBC20506EBC10355E931
:101A0000045E46F83150C3F804E011D103460328C0
:101A100030D250E000219142D0D0E06800EBC1000C
:101A200001B0F0BD0B461146032823D243E000BFAE
:101A3000E368BCF1020F03EBC10103EBC00551E900
:101A4000041643F83010A2F103016E6004D10B4676
:101A5000014603280ED22EE0E36803EBC00603EB39
:101A6000C10556E9046C43F83160131FC5F804C082
:101A7000032820D3DA1ED800E36803EBC1011D1848
:101A800051E9041619506E60E168014451E90436C9
:101A900041E90236E168014451E9063641E904367C
:101AA000E168014451E90836203841E9063611461B
:101AB000043AD31CE0D1E068082116F093FD082019
:101AC00015F02CFFE16808601EF09EFFE068C17908
:101AD00041F00201C171E068390C81718780E068D2
:101AE00001B0F0BDB0B540F2D010C2F2000090F8E5
:101AF00068001446C0070D464FF012004FF0020177
:101B000002D11CF017FF01E01CF000FFA9B283B264
:101B100009041B0411FA85F14FF61F0213FA80F035
:101B2000C0F2E0721140251D1040EB08401A00FB86
:101B300003F001EB5010104040EA1040B0BD00002F
:101B40002DE9F04F83B0DDE90C9EDDF838C089B196
:101B500018E100BFACF800A00F99B9F1010B6DD0EE
:101B6000A9F10202032A0BF0030102911CD2002604
:101B700043E000BF111FCCB2032C38BF0023B9F1E2
:101B8000010F494618BF1146032C28BF1146B9F171
:101B9000000F6DD0B9F1040F09F0030880F0BC808C
:101BA00000250026CEE000BF2BF0030200266FF0D8
:101BB000030400BF3EF816500AEB03010CEB460885
:101BC0000EEB46072944A8F802107D8819442944E1
:101BD0000CEB040529810EEB0407B7F808901944B3
:101BE000494469817D891944043601EB050AB242F2
:101BF00004F10804A8F808A0DCD1029CCCB13EF89E
:101C000016200AEB03011144721C012C2CF812104F
:101C10000FD03EF8122019441144B21C022C2CF8AB
:101C2000121006D03EF8122019440CEB4603114462
:101C3000D980BCF800A0DDF830900F993CF81B501B
:101C40003EF81B60002918BFB9F1000F06D17019CA
:101C5000A0EB0A0000B203B0BDE8F08FB9F1040FA9
:101C600009F00301CDE90165009103D200242CE0C5
:101C700000267EE029F0030B00246FF0010700BF6F
:101C80000CEB07020EEB070553886E8808373344C8
:101C9000C31A53800CEB44030EEB4406B3F80280E6
:101CA000B6F80290043408EB0901411A598099886A
:101CB000B688A3453144A0EB0101998011892B8995
:101CC0001944A0EB01011181DAD1DDE90165009F22
:101CD000002FBCD03CF814103EF81420012F114402
:101CE000A0EB01012CF81410B1D0611C3CF81120BC
:101CF0003EF81130022F1A44A0EB02022CF81120FA
:101D0000A5D0A11C3CF811203EF811301A44801ACD
:101D10002CF811009BE700BF29F00304AEF108077F
:101D20000025002637F8082F1E4432441A447E88C6
:101D300004353244BE881A443244FE881A44AC4208
:101D40001644EFD1B8F1000F13D03EF81520F41867
:101D5000B8F1010F04EB02060BD00EEB4504F518A9
:101D60006288B8F1020F05EB02061EBFA288F418C4
:101D7000A618062922D8F21ADFE801F004080E207E
:101D8000283412004FF0000AE4E600BF11B2411AF5
:101D900001EBD17130E000BFA0EB020ADAE600BF30
:101DA0000023CFF6FF73821A03EB094312B24FF000
:101DB000000A1B1492FBF3F3CCE600BFBCF800A0B2
:101DC0000F99B9F1010B7FF4CBAE37E7811A4FF4CD
:101DD000803202EB094209B2121491FBF2FA534627
:101DE000B8E600BF811A09B20FFA89F291FBF2F34B
:101DF00099B203EBD13109B24FEA610AAAE60000B9
:101E00002DE9F04F97B040F2B81BC2F2000BBBF8BF
:101E100002200021824619F051FEBBF8042005463D
:101E20005046002119F04AFE002D18BF002803D1AA
:101E300017B0BDE8F08F00BF5046002118F008FF32
:101E400010B3BBF80420504600214FF0000B19F0EE
:101E500035FE8046063041F6FF7100BF30F8062C93
:101E60008A421DD008EB4B0253888B4212D09288D5
:101E70008A4213D030F8082B0BF1040B8A42EDD1C3
:101E8000ABF1010B0CE000BF0EA81C2116F0AAFB61
:101E900000F022BC0BF1010B02E000BF0BF1020BC2
:101EA0004FEA4B052846CDF84CB015F085FD09905A
:101EB0000F90284615F080FDBBF1000F119061D006
:101EC0000546002441F69A760A900EE00FFA89F052
:101ED0000A9DB0F1FF3FD8BF4FF0000941F69A7656
:101EE00025F8149001345C4542D238F81400B04211
:101EF000F8D1504618F0BCFEB0B300254EF20109EF
:101F000006E000BF5046013518F0B2FE8542DDD232
:101F10005046294618F09CFE0121C0F206010746F2
:101F200019F0F2FF0028EDD140F2B816C2F2000617
:101F300072893846002119F0C1FDC0B20128E1D1F3
:101F4000B2893846002119F0B9FDC0B28442D9D116
:101F5000384618F07DFF0FFA89F18142D2DC38460D
:101F600018F076FF8146CDE74FF00009B8E700BFD3
:101F7000BBF1040F0BF0030C0CD200214FF0000951
:101F8000002770E040F2B81600274FF00009C2F2B7
:101F90000006BAE02BF0030E0021062341F69B7BDE
:101FA00041F69A704FF00009002707E04A44A2EB7F
:101FB0000B0904318E4503F1080354D008EB0302EA
:101FC00032F9064C5C4519DB09EB0402A2EB0B0964
:101FD00008EB4104B4F90220824226DD4A44A2EB18
:101FE0000B09B4F9042082422ADD4A44A2EB0B0912
:101FF00038F903208242D9DC2CE000BF844205EB93
:10200000030209D132F8062C174408EB4104B4F955
:1020100002208242E2DC08E0274422F8064C08EB6A
:102020004104B4F902208242D8DC05EB410514BF1B
:102030006A806A880A9D1744B4F904208242D4DC7D
:1020400005EB41040CBFA288A280174438F9032095
:102050008242ABDC0CBFEA5AEA52174404318E4587
:1020600003F10803AAD140F2B816BCF1000FC2F286
:1020700000064AD038F9110041F69A72904209DD03
:10208000484441F69B72A0EB0209BCF1010F0AD152
:102090003BE000BF0CBF35F8110025F811000744E4
:1020A000BCF1010F31D0481C38F9102041F69A7369
:1020B0009A4207DD09EB020041F69B72A0EB020990
:1020C00009E000BF04D135F81000074403E000BF69
:1020D00025F810201744BCF1020F16D0881C38F9DF
:1020E000101041F69A72914206DD09EB010041F6AB
:1020F0009B71A0EB010908E004D135F810000744FA
:1021000003E000BF25F810100F44504600211422B0
:1021100019F0D4FC0546504618F000FE139A002A28
:1021200056D0C2F10101C01B01FB0500DDF844B02F
:1021300000B2042A20EAE07E02F003000A906DD289
:102140004FF0FF35002300270A9E86B338F91300AD
:1021500041F69B71884208DB401A87B21D4607FB97
:102160000EF0B0FBF9F02BF81300012E1FD0581C15
:1021700038F9101041F69B72914208DB891A8FB230
:10218000054607FB0EF1B1FBF9F12BF81010022EFA
:102190000DD0981C38F91010914208DB891A8FB2C3
:1021A000054607FB0EF1B1FBF9F12BF8101040F2D8
:1021B000B816002DC2F200060AD4A9EB070000FBF6
:1021C0000EF01199B0FBF9F0AEEB000021F815000C
:1021D0007288504600214FF0000919F06FFC8346C9
:1021E000504618F0B7FD07900BF1060041F6FF715D
:1021F00030F8062C8A4275D00BEB490253888B428B
:102200006AD092888A426BD030F8082B09F1040911
:102210008A42EDD1A9F1010964E000BF22F0030672
:102220004FF0FF350023062241F69B74002705E09E
:1022300004339E4202F108023FF486AF08EB02002D
:1022400030F9060CA04223DB001B87B20BEB020126
:1022500007FB0EF01D46B0FBF9F021F8060C08EB69
:102260004300B0F90210A14218DAB0F90400A0420C
:1022700023DB001B87B20BEB430107FB0EF09D1C19
:10228000B0FBF9F0888038F90200A042D0DB18E0FA
:1022900008EB4300B0F90210A142E6DB091B8FB244
:1022A0000BEB430C07FB0EF15D1CB1FBF9F1ACF835
:1022B0000210B0F90400A042DBDA38F90200A042B3
:1022C000B6DB001B87B2DD1C07FB0EF0B0FBF9F09C
:1022D0002BF80200ACE700BF09F1010902E000BFE2
:1022E00009F102094FEA49052846CDF8489015F052
:1022F00063FB08900E90284615F05EFBB9F1000FC5
:102300000A9010905AD0002441F69A750DE000BF53
:1023100038B241F69A75B0F1FF3FD8BF00270A984E
:1023200020F8147001344C453CD23BF81400A8420C
:10233000F8D1504618F09CFC90B34FF000084EF2D4
:10234000010706E0504608F1010818F091FC8045AD
:10235000DED25046414618F07BFC0121C0F2060156
:10236000054619F0D1FD0028ECD1F289284600215C
:1023700019F0A4FBC0B20128E4D1328A284600211A
:1023800019F09CFBC0B28442DCD1284619F042FD12
:1023900039B28142D6DC284619F03CFD0746D1E728
:1023A0000027BCE7B9F1040F09F0030C0AD2DDF8ED
:1023B00028900021002700266EE000BF002600279D
:1023C000B3E000BF29F0030EDDF8289000210623BA
:1023D00041F69B7841F69A720027002608E000BF7C
:1023E0003044A0EB080604318E4503F1080353D0B6
:1023F0000BEB030030F9064C444517DB3019A0EB1A
:1024000008060BEB4104B4F90200904225DD30448C
:10241000A0EB0806B4F90400904228DD3044A0EB9C
:1024200008063BF903009042DADC2AE0944209EB0B
:10243000030009D130F8060C07440BEB4104B4F952
:1024400002009042E3DC08E0274420F8064C0BEB46
:102450004104B4F902009042D9DC09EB41050CBFFC
:10246000688868800744B4F904009042D6DC09EB20
:1024700041040CBFA088A08007443BF903009042B0
:10248000AEDC0CBF39F8030029F80300074404311F
:102490008E4503F10803ABD1BCF1000F45D03BF9E9
:1024A000110041F69A72904208DD304441F69B7269
:1024B000861ABCF1010F0AD137E000BF0CBF39F812
:1024C000110029F811000744BCF1010F2DD0481C60
:1024D0003BF9102041F69A739A4205DDB01841F697
:1024E0009B72861A09E000BF04D139F81000074436
:1024F00003E000BF29F810201744BCF1020F14D0EC
:10250000881C3BF9101041F69A72914204DD701854
:1025100041F69B71461A08E004D139F810000744CF
:1025200003E000BF29F810100F4450460021152287
:1025300019F0C4FA1299002955D0079BC1F1010284
:10254000DB1B02FB0030DDF8409000B2042920EADA
:10255000E07801F003000A9080F0D8824FF0FF325B
:10256000002300270A9C94B33BF9130041F69B71AA
:10257000884208DB401A87B21A4607FB08F0B0FB16
:10258000F6F029F81300012C21D0581C3BF910104B
:1025900041F69B75A94208DB491B8FB2024607FB37
:1025A00008F1B1FBF6F129F81010022C0FD0981C9D
:1025B0003BF9101041F69B73994208DBC91A8FB2A0
:1025C000024607FB08F1B1FBF6F129F81010002ACA
:1025D00009D4F01B00FB08F01099B0FBF6F0A8EB53
:1025E000000021F81200504600211522002719F0A2
:1025F00065FA834650460021142219F05FFA80469E
:1026000050460021162219F059FAC5B25046002151
:1026100001224FF0010919F051FA064650460021F7
:10262000042219F04BFAB1B242F2D174A14206462B
:1026300005D1BAF8220000F4006089EAD027681EAC
:10264000B0FA80F04FEA5019504618F083FB40F280
:10265000B811C2F20001CA8805465046002119F09F
:102660002DFA1099129A0FFA8BF3CDE90021394611
:10267000089FC2B22846CDF80C900297FFF760FA87
:10268000B1B20025A142ADF8500006D1BAF822003F
:10269000012100F4806081EA9025504618F03EFB4D
:1026A00040F2B81BC2F2000BBBF8082006465046A9
:1026B000002119F003FA1199139A0FFA88F3CDE962
:1026C00000210021099F0391C2B23046294602979A
:1026D000FFF736FAADF852000BA80C2115F082FF77
:1026E00050460021322219F0E9F9054650460021F2
:1026F000122219F0E3F9441950460021102219F072
:10270000DDF9BAF81410054450460C4418F0B2FD37
:10271000201ABAF81610ADF8340050466C1818F0AC
:10272000B1FDDAF80810201A4A68ADF83600002A20
:1027300000F0C2814FF00008CDF814A022E000BFE5
:10274000451A38469C1A19F01DFFB88A398B28445F
:10275000B8824819F98A38830819798BF8820819E0
:102760007883384619F00EFF29B222B2384600238A
:1027700019F0BCFFDAF8081008F101084868804534
:1027800080F09A810868012150F82870C0F2060193
:10279000384619F0B9FB0028ECD1BBF80E203846BA
:1027A000002119F08BF9BBF80A20054638460021B4
:1027B00019F084F95FFA80F9B9F1000F1CBFECB28F
:1027C000002CD7D0BBF810203846002119F076F93C
:1027D000BBF80C2006465FFA80FA3846002119F053
:1027E0006DF90546BBF81220C0B20A9038460021A8
:1027F00019F064F9BBF8142083463846002119F01B
:102800005DF954FA86F30EAA6FF0010C099007CA1D
:102810000CEB430330F81A40C05AD25A59FA85F3E8
:10282000001B15180CEB43000A9A119E31F8122078
:10283000095A365A8C1A384600211622CDF818A0AB
:1028400019F03CF9C0B201285FFA8BF0CDE90746D8
:1028500010D102283ED068B93E4636F8140FB18830
:10286000F288081A718800F1010B501A00F1010971
:1028700020E000BF3E4636F8141F0128B288F388D6
:10288000A2EB0101728801F1010BA3EB020101F13E
:1028900001092FD002280DD0DDF814A003283DD166
:1028A0000E98798C069AAB4630F8123041F40060ED
:1028B000099A3BE0DDE905A10E9830F811004419B2
:1028C000384619F0A7FA798C231A21F40060099A86
:1028D0002CE000BF3E4636F8140FDDF814A0B18896
:1028E000F288081A718800F1010B501A099A00F158
:1028F000010914E029B20FFA8BF20E98069B891A8F
:1029000030F8130001EBD1717A8C00EB610322F4F3
:102910000060099ADDF814A008E000BF099A0E983B
:10292000798C069B30F8133021F4006078840F997D
:102930000A9DD2B231F81540DDE90751012A099309
:10294000294413D0022A07D0032A0A9417D140F44D
:1029500080607884894616E03846651818F078FA61
:10296000798C281A0A9021F480600BE009B20FFAE2
:1029700089F2891A01EBD17104EB61040A944FF6D4
:10298000FF3108407884384619F044FA80B21FFAC3
:102990008BF1884207D1384618F05AFA80B21FFAF4
:1029A00089F188421FD07869B96915903846169127
:1029B00019F0E8FD0FFA8BF1304601F0CDFE0FFA69
:1029C00089F1304601F0C2FE384619F0DBFD384689
:1029D000292115AA0FF048FC384618F095FA222153
:1029E0003A460FF041FC384600216B2219F066F898
:1029F0000546384600216C2219F060F80646384634
:102A000019F008FA8146384618F022FA05F4C04158
:102A1000B1F5005F1CD129B2DDE9093421F4C041D0
:102A200040F2B81BB1F5FA6FC2F2000B16DCB1F53B
:102A30007A7FC8BFC1F57A7101FB09F148F21F52D4
:102A4000C5F2EB1251FB02F14A1102EBD17505E020
:102A500040F2B81BDDE90934C2F2000B06F4C041B4
:102A6000B1F5005F15D131B221F4C041B1F5FA6F73
:102A70000FDCB1F57A7FC8BFC1F57A7101FB00F0B8
:102A800048F21F51C5F2EB1150FB01F0411101EB6F
:102A9000D076BDF834105819084482B2B98AA31907
:102AA000BDF836608A42FA8A33447FF449AE9EB25A
:102AB00096423FF45FAE43E60E9815F0D3F80F98B8
:102AC00015F0D0F8109815F0CDF8119815F0CAF857
:102AD00050460021012218F0F1FF05465046002122
:102AE000042218F0EBFFAAB242F2D1718A4202D05E
:102AF00080B2884202D150461AF066FA50462B2125
:102B000000220FF0B1FB17B0BDE8F08F21F0030EEB
:102B10004FF0FF320023062441F69B70002705E0AA
:102B200004339E4504F108043FF41CAD0BEB040193
:102B300031F9061C814223DB091A8FB209EB04022A
:102B400007FB08F1B1FBF6F122F8061C1A460BEB65
:102B50004301B1F90250854218DAB1F904108142FB
:102B600023DB091A8FB209EB430507FB08F19A1C16
:102B7000B1FBF6F1A9803BF904108142D0DB18E0EB
:102B80000BEB4301B1F902508542E6DB2A1A97B2FA
:102B900009EB430C07FB08F2B2FBF6F55A1CACF844
:102BA0000250B1F904108142DBDA3BF90410814292
:102BB000B6DB091A8FB2DA1C07FB08F1B1FBF6F19C
:102BC00029F80410ACE70000F0B581B00446406A73
:102BD0004FF4404102F0ACFA94F82E10A08D4AB2A6
:102BE0000329014648F21F533CBF01390C32C5F29C
:102BF000EB1301EB9107A1FB0313C2EB4212A7EB0E
:102C000053114AF6AB273E3ACAF6AA2701EBD31175
:102C1000A2FB072301EBD30144F625120131C2F2D6
:102C20009242A1FB0223CA1A03EB5202236B9208C1
:102C3000A2EBC20201EB02050BB3A18EF9B1AE1DEE
:102C4000002702E001378F4218D2206BA38D30F8A5
:102C500027209A42F6D100EB870094F82E30827834
:102C60009A42EFD190F90310606A314489B24FF46F
:102C7000004202F04FFFA18EE4E700BFA08D218D3E
:102C8000884213D194F82A0094F82E1081420DD175
:102C900094F92B10606A2944063189B24FF48042BE
:102CA00001B0BDE8F04002F035BF00BF01B0F0BD9B
:102CB0002DE9F0410446C06A002804BF94F84100A1
:102CC0005FEAC07002D0BDE8F08100BF656A002DE8
:102CD000F9D000BF28464FF4004119F00DF938B182
:102CE000284618F011F905460028F3D1EBE700BF9C
:102CF000A08A40F2881801B2C2F2000880EAE133EB
:102D0000D8F80020A3EBE13113688FB29B7EE18AF3
:102D10009F4209D20FB281EAE736A6EBE737BFB28E
:102D20009F423CBF0023E363A38FE78F03440FFA66
:102D300083FCA3870F4483EAEC3339B2E787A3EB24
:102D4000EC33166887EAE1309BB2F77EA0EBE13600
:102D5000BB4204D8B0B2B84298BFBDE8F08194F845
:102D60004100B7B240F00100BB4284F8410009D9EC
:102D700094F84000BCF1010F00F00F00B4BF103018
:102D8000203007E094F84000012900F00F00B4BFA4
:102D90004030803084F8400028460C210FF064FA5F
:102DA0006078800744BF0020C8F80400BDE8F081C7
:102DB000F0B581B00446406A40F28817C2F20007BD
:102DC00078606178090700F1BE803968096804F10C
:102DD00004050E6930B1E16A29BB4FF4005119F0C6
:102DE0008BF800BB304605F08DFA294612F0B6FC90
:102DF000786070B9304605F08FFA294612F0AEFCC3
:102E0000786030B9304605F09FFA294612F0A6FCEA
:102E10007860A06A38B100252046E561F6F7B8FD74
:102E20006078800756D47868616A884257D06268B3
:102E3000E26049B13A68084603210FF015FA60785C
:102E4000800700F1E780786800284FF00005C4E9AA
:102E5000090043D01FF004FF6064607894F84110CB
:102E600000F0FE00607001F0FE0084F84100D7E938
:102E70000020012184F84050E5636561A5610FF0F1
:102E8000F3F96078800700F1C5803E68707900072B
:102E900059D47868042119F02FF8002800F0B48084
:102EA000716B7868814200F0AF8017F0CBFF716BD7
:102EB000054600297CD0084617F0C4FF85427BD028
:102EC0000146706B00297BD0002800F081803A68B1
:102ED000102178E07D6001B0F0BD00BF0020A18826
:102EE000A289E389891AE288A182D21AB4F91C3036
:102EF000E28203FA81F1B4F91E3001EBD17103FAD9
:102F000082F2490802EBD272A1835108E183E169A0
:102F10002162C0B13A6802210FF0A6F960788007FB
:102F200078D43868407900070DD42046F6F7F2F9D6
:102F3000607880076ED42046FFF7BAFE607881077C
:102F400068D4E16A11B101B0F0BD00BFC0071AD169
:102F5000606C1FF06DFE3A681168898B88420CD94D
:102F6000786805210FF080F96078810752D440F02D
:102F7000010060701FF074FEA064E06A0028E2D1D6
:102F80006078C007DFD0A06C1FF052FE3A6811686D
:102F9000C98B8842D7D9786806210FF065F9607827
:102FA000800737D41FF05CFEA06401B0F0BD00BF05
:102FB0001DB9D7E9002012E0D5B178680AE000BF5A
:102FC00030B13A680F210FF04FF97079800719D4AA
:102FD00078681DB110F036F904E000BF3A680E21A0
:102FE0000FF042F9707980070CD4786870630BE0B9
:102FF000706B0028DDD03A680F210FF035F9707939
:103000008007D6D5002078606078800702D4786881
:1030100065E700BF0020786001B0F0BD2DE9F04306
:1030200081B041780446406A090753D4D4F82C9003
:1030300040F28815C2F200050028686060D02A6856
:1030400008210FF011F96078810700F18580B9F14E
:10305000000F67D000264FF480774D466662C4E9C2
:1030600011660096284600216E2218F027FD0644BE
:10307000284600216D2218F021FD01B2C90D50FA39
:1030800081F000B2001200FB07F7284617F03CFF62
:1030900005460028E6D1300403D1B8B2B0F5807FF0
:1030A0002ED038B24FF4803292FBF0F071420DB264
:1030B00006B2E84604F11C002946324643461BF09E
:1030C0005BFC04F120002946324643461BF054FCC9
:1030D00016E000BF40F28815C2F200052A680321FD
:1030E0000FF0C2F86078810736D4002100F0F500B7
:1030F000D4F82C90C4E90911C4E911116070696019
:10310000B9F1000F0BD02046F6F742FC607880073B
:1031100005D540F28810C2F200000021416001B0E4
:10312000BDE8F083C00707D1D5E9002004210FF0E6
:103130009BF8607880070FD4D5E9002007210FF0B5
:1031400093F86078800707D400206062C4E911001A
:1031500001B0BDE8F08300BF0020686001B0BDE8A9
:10316000F083000090F82A10C90708BF70472DE9C6
:10317000F041818C42F2934201FB02F20446A1EB42
:10318000124189B2490801EB1241C28C8908B2FB95
:10319000F1F303FB112201EB41031A4496B2C284FE
:1031A000B6FBF1F606FB11215722194401850021D7
:1031B00018F084FC054620460021592218F07EFCB8
:1031C0002F898046204617F0A9FD064685B2204685
:1031D000002117F03DFD06EBD53107EBD73209B2E0
:1031E00012B24908A1EB5201E28C07EB080302FB83
:1031F000131109B2BDE8F0411BF00EBB2DE9F043FD
:1032000089B0994616460F46044619F03DFAB74272
:1032100018BF002802D109B0BDE8F083B7F5B4703B
:1032200098BF3846A28CB6F5B47198BF31461618CF
:10323000B0B25518A9B2B0F5B47F88BFA6F5B47680
:10324000B1F5B47F88BFA5F5B4750DF11E010DF180
:1032500022022046FEF7EAF820464946502218F09E
:103260002DFC804620464946512218F027FCABB27F
:103270000FFA88F5BDF91E700028BDF92010BDF8C1
:10328000222018BF0120CDE90035B3B20DF1160997
:1032900002903846CDF80C9005F0CAF82046494611
:1032A00019F0A0F909B0BDE8F08300004FF6FF72F5
:1032B00091425ED0028E914228BF70472DE9F04FB7
:1032C00085B0826A0F4602EBC10332F831B001AA21
:1032D000B3F802A0B3F80490B3F806801146044690
:1032E00017F054FD20460021142218F0E7FB06B227
:1032F00020460021152218F0E1FB05B2204617F008
:103300004BFD04F0D3FF46F2676300FB03F13A463E
:103310008B1403EBD1739E42D8BF1E46BDF80470D8
:103320009D42C8BF2B46B91B3744BDF806504F44D9
:103330005944ADF81070A78EADF80C10E91A2B4463
:1033400051444344BA42ADF80E10ADF8123009D1E1
:10335000E76A37F81220520504D5DA4302EB41013F
:10336000ADF80E1003A9204619F03CF905B0BDE8F0
:10337000F04F70472DE9F04F83B00446B0F882005B
:10338000814280F0B98020460D4617F0E3FCB4F886
:1033900084700646204617F067FE94F888100A07E6
:1033A0006CD507FB06F201F0070102294FEA12274C
:1033B0006AD0012962D1804620460021322218F0CD
:1033C0007DFB064620460021122218F077FBA18AD9
:1033D000A6EB0802104400EB010920464FF4A0219F
:1033E000492218F06BFB804620464FF40031012241
:1033F00018F064FB064600B2E18A00FA88F2608B9E
:10340000891AADF80610B4F882101044ADF80A001D
:10341000481E3FB2A842A9EB020A15DD07FB05F1E1
:103420006A1C91FBF0F107FB02F25144ADF8041065
:1034300092FBF0F006EB080149440844ADF808009F
:1034400001A9204619F0CEF8002D55D0681EB4F819
:10345000821007FB00F0013990FBF1F007FB05F249
:103460005044ADF8040092FBF1F006EB080149442A
:103470000844ADF8080001A920463BE0204603B00F
:10348000BDE8F04F19F07EB80090204600211522CB
:1034900018F014FB00B2B4F88410322200FB01FAD9
:1034A00038B2B4F8821000EB2A2090FBF1F62046E7
:1034B000002118F003FBB4F8149083462046002145
:1034C000122218F0FBFA0DF1040807462046414687
:1034D00017F05CFC0098ABEB0000484405FB0600CD
:1034E00038448119A0EB2A20ADF80810ADF804008B
:1034F0002046414619F076F803B0BDE8F08F000091
:10350000B0B505460EF0ACFE0446284612F0E4F9CC
:10351000204602F0EFFA01464FF6FF7081421DD0BF
:10352000204602F057FA002808BFB0BD04460078D4
:103530004F2804D160784B2801D1A07880B10DA12B
:103540002046ECF729FF58B10BA12046ECF724FFE9
:1035500030B10BA12046ECF71FFF08B1B0BD00BF92
:1035600040F2D800C2F20000C0680221BDE8B040BD
:1035700016F01CBEEF808C00436C6F73650000007A
:10358000EF808D0002880B889A4211BFD01A4088C4
:103590004988401A7047000002780B789A4211BFA0
:1035A000D01A40784978401A704700002DE9F04160
:1035B0004FF440314022044618F080FA80462046FD
:1035C0004FF44031432218F079FA064620464FF472
:1035D0004031412218F072FA05B220464FF44031D2
:1035E000412218F06BFA074620464FF44031422240
:1035F000002DD8BF7F4218F061FA05B220464FF483
:103600004031422218F05AFA06EB0801002DD8BFCB
:1036100040423944084406B220464FF44031352236
:1036200018F04CFA054620464FF44031382218F085
:1036300045FA284400B28642C8BF3046BDE8F08152
:10364000F0B591B004460EF0F3FD064620460EF0AC
:1036500007FE054617F058FCA6F1290101292CD8D0
:10366000044628460021002713F054FD204623F08D
:103670005DF820464FF4E021652218F01FFAF8B1FA
:103680006E460546304600F0C1F94CF63920C0F6CA
:10369000000001900120CDE9080043F6E520C0F6C6
:1036A000010007904FF6FF70ADF8400030460094DF
:1036B0000B950E950A9700F02BFA11B0F0BD00BFE4
:1036C0004CF63921C0F60001204600F079F894F854
:1036D000540040F0010084F8540011B0F0BD000027
:1036E00070B5044617F0C4FA054650B1002600BF75
:1036F000A068006850F82600FFF7F2FF0136B542D7
:10370000F6D1608CC10725D020F0010060842046EE
:1037100019F05AFC204619F0DBFADDB120460021F1
:103720000A2218F0CBF940F6EC61C2F200014FF02A
:10373000FF32096812FA80F28A420BD240F27021FD
:10374000C2F2000180B2096801EBC00050E9022119
:1037500020469047608C810758BF70BD20F0020260
:10376000204600216284BDE8704019F0DDB90000F8
:1037700080B582B00EF05CFD07281FD140F6F061E5
:10378000C2F2000100200A788DF80700ADF80500AC
:1037900001208DF80300002A18BF02208DF80400D4
:1037A00040F2B400C2F2000082F0010200680A7028
:1037B0000DF103010022002329F056FF02B080BD65
:1037C0002DE9F04F81B0064640F2B820C2F2000069
:1037D0000C46F6F717FB00283ED00546002E43D0D6
:1037E0004FF00008002C77D040F2B82740F25C2957
:1037F000C2F20007C2F200094FF0010A08E000BF60
:103800001FF0A8FB4FF00108584600BF054628B33B
:1038100038462946F6F71EFB2968B142F6D1696899
:10382000A142F3D1834638462946F6F797FB29692A
:1038300000291CBF28468847284614F06DFA3846F0
:1038400089F800A0F6F7DEFA0146D9F8040000294D
:10385000D6D11FF06FFBD5E74FF0000808F001004C
:1038600001B0BDE8F08F00BF002C69D040F2B8264F
:1038700040F25C294FF00008C2F20006C2F20009D3
:103880004FF0010A07E000BF1FF064FB4FF0010892
:10389000002F3D46E2D030462946F6F7DBFA69684C
:1038A0000746A142F4D130462946F6F757FB29696D
:1038B00000291CBF28468847284614F02DFA3046B8
:1038C00089F800A0F6F79EFA0146D9F8040000290D
:1038D000DAD11FF02FFBD9E740F2B82440F25C297F
:1038E000C2F20004C2F200094FF0010A07E000BF73
:1038F0001FF030FB4FF00108002F3D46AED02046B0
:103900002946F6F7A7FA29680746B142F4D12046BE
:103910002946F6F723FB296900291CBF284688475A
:10392000284614F0F9F9204689F800A0F6F76AFA5B
:103930000146D9F804000029DAD11FF0FBFAD9E7D3
:1039400040F2B82440F25C27C2F20004C2F2000741
:103950004FF0010804E000BF1FF0ECFA3546F6B165
:1039600020462946F6F776FA064620462946F6F717
:10397000F5FA296900291CBF28468847284614F013
:10398000CBF9204687F80080F6F73CFA01467868C4
:103990000029E1D01FF0DEFA002E3546E0D14FF0CD
:1039A000010808F0010001B0BDE8F08F70B50446D1
:1039B00040F2B820C2F200000D46F6F723FA10B329
:1039C00001469DB140F2B826C2F2000605E000BFF4
:1039D0003046F6F73FFA0146A8B10868A042F7D191
:1039E0004868A842F4D1084670BD00BF40F2B8252F
:1039F000C2F200050868A042F5D02846F6F72AFA78
:103A000001460028F6D10021084670BD10B54421BA
:103A1000044614F0E7FD4FF4FA706422C4E90A206A
:103A20000120A4F8400043F6B92094F84220002178
:103A3000C0F60100C4E9070142F0010084F8420029
:103A400010BD0000B0B582B00446D0E90B204FF4A1
:103A5000806500210023009513F040FF00213222F1
:103A60004FF46E73009501F01BFB216AA26A521A93
:103A700002FB00F001EBA02002B0B0BDB0B582B0F7
:103A80000446D0E90B204FF4806500210023009507
:103A900013F024FF00214FF4617240F2B633009519
:103AA00001F0FEFA216AA26A521A02FB00F001EB51
:103AB000A02002B0B0BD000010B582B00446D0E92D
:103AC0000B204FF4806C00210023CDF800C013F0D0
:103AD00005FF216AA26A521A02FB00F001EBA02046
:103AE00002B010BDD0E90B1228238A42B8BF2023B0
:103AF000C0587047891A4FF47A7248BF494201FB97
:103B000002F2B2FBF0F1904288BF012108467047F3
:103B100070B54168054611B12868FFF751FE40F2C3
:103B2000B820C2F20000F6F70FFA40F25C26C2F2AB
:103B3000000610B11FF094F8B06040F2B820C2F255
:103B40000000F6F79DF998B329464422044614F084
:103B50004FF92868A84208BF246094F842007178A1
:103B600000F0FB0242EA8101C00784F842100FD046
:103B7000616939B120468847216AA26A014410442C
:103B80002162A06262681AB1206808B1216A904778
:103B90000120307040F2B820C2F20000F6F732F98E
:103BA0000146706831B11FF0D5F9204670BD00BFE5
:103BB000FEE700BF1FF0BEF9204670BD10B5448D72
:103BC000B0F82CC0BCEB040E9CBF00240EF5B47CF6
:103BD0008C4298BF61450DD994421FD1BCF5B47F8A
:103BE0001CD090F8341041F01801012280F83410F4
:103BF000104610BDACEB0402B1EB520F90F834103C
:103C00004FF0000301F0E70198BF012341EAC3012F
:103C10001031012280F83410104610BD944209D2B0
:103C2000B1F5B47F18D8A31A03F5B4738B4208D941
:103C300012E000BFB1F5B47F0ED8C2F5B47399425B
:103C40000AD390F8341001F0E7010831012280F81E
:103C50003410104610BD00BF0CEB020EBEF5B47F51
:103C600008D821448C454FF0000201D8714509D98C
:103C7000104610BDAEF5B47291424FF00002F7D875
:103C80006145F5D990F8341001F0E701012280F880
:103C90003410104610BD000010B50C462D21A18532
:103CA00040F20E114FF40700C0F28701C4E9090188
:103CB00094F834004FF4004100F0F0000830C4F8EC
:103CC0002E10642184F834004FF434706186A063B0
:103CD0001EF0C6FFE063208D94F83410A4F8400075
:103CE00001F0EF0084F834002046022115F0DCFBDF
:103CF00020464FF4447116F019FA20460D21BDE814
:103D000010401AF0A1B900002DE9F04FABB042F617
:103D10006806C0F6040630460F4616F079FF012803
:103D200040F0CB8238460EF083FA054638460EF056
:103D300097FA824638460EF093FAA91E132900F22C
:103D4000BC820546DFE811F06A011400B902B9022D
:103D5000B902B9021400B902B902B902B9024002AB
:103D6000B902B902B9024E02B9023200B9028E009C
:103D700095F8340000F0FE0085F83400504617F046
:103D800061F804460FF01AFB054610F0E5FF11F04C
:103D90002FF8042840F09182002D00F08E822046FA
:103DA00000212BB0BDE8F04F0FF0DEBB50460021E4
:103DB000122217F083FE0FFA80F8504600211322DA
:103DC00017F07CFE04B250460021102217F076FE58
:103DD00006B250460021112217F070FE05B2A04530
:103DE000C8BF4446AE42C8BF354650464FF4403186
:103DF0001222AC42C8BF254617F060FE0FFA80F8C9
:103E000050464FF44031132217F058FE06B2504688
:103E10004FF44031102217F051FE0FFA80F950464E
:103E20004FF44031112217F049FE04B2B045C8BF2B
:103E30004646A145C8BF4C465046A642C8BF344678
:103E4000FFF7B4FB401B2044023004B238460EF0AA
:103E500005FAB0F90010A142C8BF0C4604802BB08F
:103E6000BDE8F08F38460EF0FBF9044638460EF0F8
:103E7000E5F90DF1A80881460DF1A602204641465C
:103E8000FDF7D4FA17A8494616F088FABDF9A6003E
:103E90000DF14C0B01282FDB584604F0BDFA2046EB
:103EA00000215A46002518F08DF8BDF8A6000DF146
:103EB0005C0AADF8980020461A2152462495CDE9B7
:103EC0001865CDF88080CDF87CB00EF0CDF9A08CCF
:103ED000A18D628D01441044BDF898308DB287B237
:103EE000484659464246CDE9007504F07FFA20461F
:103EF0001B2152460EF0B8F920464FF40031122231
:103F000017F0DCFD05B220464FF40031132217F004
:103F1000D5FD07B220464FF40031102217F0CEFD38
:103F20000FFA80FA20464FF40031112217F0C6FD37
:103F300001B2BD42BDF8A600C8BF2F468A45C8BF22
:103F400051468F42C8BF3946411A0DB2012D37DBA9
:103F5000584604F061FA20464FF400315A4618F0F2
:103F600031F84FF4003024900120199017AA204610
:103F70001A211896CDF88080ADF89850CDF87CB015
:103F80000EF072F9BDF99800BDF94E1083B281426E
:103F9000C8BFADF84E30A08C218DE28C0144104496
:103FA0008FB285B213A92AAA4846CDE9005704F07A
:103FB0001DFA17AA20461B210EF056F9BDF8A600DF
:103FC00002B20DF144082AA920464346FDF756FBEC
:103FD00003AD284606F078FE20464FF440312A46CD
:103FE0004FF4403718F058F91896022017AECDE973
:103FF000190820461A21324624971B950EF034F9F1
:1040000048462946424606F045FE20461B213246D8
:104010000EF02AF92BB0BDE8F08F00BF10F09CFE27
:10402000002800F04A81064610F0E2FE012840F028
:10403000448117A9304610F0A9FE03A913AA5046DF
:10404000FDF7F4F9BDF80C00BDF85C10BDF85E207A
:10405000081AADF85C00BDF80E0095F83410101A7F
:10406000CA07ADF85E003CD150464FF400315022F3
:1040700017F024FD0646BDF84C004FF48031801B3C
:10408000ADF84C00504637B217F036FFBDF94C1072
:10409000C1F341720A4412B2B7EBA20FB8BF971036
:1040A000002818BF3746C81BBDF95E1000B2BDF925
:1040B0005C2001FB01F10128D8BF012012FB021294
:1040C00000FB00F395F834109A42ADF84C0008D983
:1040D00041F0010085F834001EF0C2FD95F834105F
:1040E000E863C80700F0E980BDF95C10BDF85E0028
:1040F00041EA0002120400F0E080B5F82CB06A8DAD
:1041000000B2934538BF0BF5B47B00F02BFBA98CB4
:104110006A8D1144471A38B24FF41D710028BDF959
:104120004C0048BF07F5B47700FB01F048F21F517F
:10413000C5F2EB11A0FB010100204FEA511804F079
:10414000B5F84FF0320900FB09F04FF4B476F038BF
:1041500010F5A07F0ED2002004F0A8F8502110FB2B
:1041600009104CF6CD41CCF6CC41A0FB0101C809A9
:1041700000FB06F6B6FBF8F239B295F8344050462B
:10418000FFF71CFD002800F09880698DB5F840000D
:104190000FFA8BF8A0EB0109A7EB090002B2ABEB19
:1041A000010180EAE230A0EBE23095F8342080B2E1
:1041B000B0F58C7F00F28C80D30600F18D800F4625
:1041C000130748BF7F4287E038460EF047F8007873
:1041D000EE8D00F0FD01112952D1BAF82E10481CC5
:1041E00055E000BF38460EF039F8804603A913AAFF
:1041F0005046FDF71BF9DAF808000021002814BF2B
:10420000B0F814904FF0000950465022002417F0E7
:1042100055FC0646BDF84C0009EB0601401ABDF8F6
:104220000C10BDF80E20ADF84C000B1A171A024402
:10423000084415B219B23AB203B217AF3846009526
:1042400000F07CFAD8F80010384647F6FF72F4F711
:104250003FFB78B906EB490017AC01B220460A468D
:1042600000F04CFAD8F80010204647F6FF72F4F739
:104270002FFB044688F804402BB0BDE8F08F00BF48
:10428000142818BF122815D1BAF82E10481E02B2F1
:10429000BAF93200BAF930308242B8BF10469842BB
:1042A000D8BF184682B2914204D0AAF82E005046D8
:1042B00029F002F8E88D864202D12BB0BDE8F08FDC
:1042C00050461C2100222BB0BDE8F04F0DF0CCBFB2
:1042D0000F46130748BF0027230702F0180205D432
:1042E000082A08BF0F463A4607E000BF002A18BF59
:1042F0003A46B0F58C7F98BF3A46E86BA2EB0906C8
:104300001EF096FCA96B33B201FB00F044F6D351CA
:10431000C1F26201A0FB010CCCF38F1041428B4231
:10432000B8BF0E46698D9842B5F93030B5F9327094
:10433000B8BF4FEA9C16A8EB0100C000FA1A90FB28
:10434000F2F001EB09020430324402EB1010B5F92F
:104350002E9000B24246009713F0C0FA06B2BAF9A6
:104360002E0086420FD01EF07BFCE863504631469B
:1043700000F084F94E4506D050461C2100220DF075
:1043800073FF012899D1B5F93000864203D0B5F901
:104390003200864291D11EF063FCE8632BB0BDE889
:1043A000F08F0000B0B50C461146054600F006F847
:1043B00028462146BDE8B04000F03CB870B5044640
:1043C000828D408DB1F5B47698BF0E46111A0BB2AE
:1043D000301A05B2002B48BF01F5B4710FFA81FC09
:1043E000002D48BF00F5B47001B2B1EB0C0348BF1B
:1043F0005B42B52B08D3204618F0C4F82046A685AA
:10440000BDE8704028F058BF614503DAB1B22046DC
:1044100006E000BF8C45F1DAB3B2204611461A46D9
:104420000023FEF7EBFE2046A685BDE8704028F08D
:1044300043BF0000B0B50446808DB4F82AC0B1F582
:10444000B47598BF0D46A0EB0C010AB2431B18B21D
:10445000002A48BF01F5B4710FFA81FE002848BF59
:1044600003F5B47319B2B1EB0E0248BF5242B52A3C
:1044700008D3204618F086F820466585BDE8B04090
:1044800028F01ABF714503DAAAB22046614604E05B
:104490008E45F1DAA9B2204662460023FEF7AEFE51
:1044A00020466585BDE8B04028F006BFF0B585B070
:1044B0000446028DC08CB1F5B47798BF0F46111A2F
:1044C0000BB23D1A2EB2002B48BF01F5B47108B2F1
:1044D000002E48BF05F5B47529B20B1A48BF5B42E0
:1044E000B52B03D3204618F04DF80FE0814203DAD4
:1044F000B9B2204606E000BF884207DABBB22046C8
:1045000011461A464FF40033FEF778FE04AD0DF164
:104510000E0220462946FCF789FFBDF90E200DF159
:10452000060320462946FDF7A9F82046FFF73EF886
:10453000012805DB01460DF106000A4600F0DEF811
:104540000DF10601204618F04DF804AD0DF10E02F4
:10455000204629462785FCF769FFBDF90E200DF19D
:10456000060320462946FDF789F82046FFF71EF886
:10457000012805DB01460DF106000A4600F0BEF8F1
:104580000DF10601204618F02DF805B0F0BD000031
:10459000818417F0F7BF000070B584B00446008D29
:1045A000B4F826C0B1F5B47698BF0E46A0EB0C0166
:1045B0000AB2851B2BB2002A48BF01F5B47108B2BC
:1045C000002B48BF05F5B47529B20A1A48BF5242FC
:1045D000B52A03D3204617F0D5FF0EE0814203DA57
:1045E000B2B22046614604E0884206DAB1B2204603
:1045F00062464FF40033FEF701FE03AD0DF10A02EF
:1046000020462946FCF712FFBDF90A200DF10203EE
:1046100020462946FDF732F82046FEF7C7FF01285D
:1046200005DB01460DF102000A4600F067F80DF1C6
:104630000201204617F0D6FF03AD0DF10A02204615
:104640002946E684FCF7F2FEBDF90A200DF10203CB
:1046500020462946FDF712F82046FEF7A7FF01285D
:1046600005DB01460DF102000A4600F047F80DF1A6
:104670000201204617F0B6FF04B070BD8AB2C38DA8
:10468000934208BF7047B0F93220B0F930C0914270
:10469000B8BF0A466245D8BF624691B28B4201D18B
:1046A000704700BFC28528F007BE0000C18840885F
:1046B000081A013000B27047C1884088081A0130DA
:1046C00000B27047B0F90010B0F90220B0F9043020
:1046D000B0F90600591A801A0131013000FB01F0CF
:1046E0007047000081880088081A013000B27047C6
:1046F00081880088081A013000B270470388A3EB54
:10470000010C8388A0F800C0194443888180991A5D
:10471000C38841809918C18070470000038803EB6B
:10472000010C8388A0F800C019444388818099183F
:10473000C38841809918C18070470000DDF800C02F
:10474000018042808380A0F806C0704742881144EF
:104750000139C1807047000002881144013981800D
:104760007047000080B500284FEAD07E48BF404225
:10477000002944BF0EF1020E49422D2288421BD966
:1047800001FB02F10EF1100EB1FBF0FC5FFA8CF0B0
:104790000021172819D201284FF0000388BF0123F8
:1047A000052888BF022309284FF0000288BF012294
:1047B0000E2888BF012118E000FB02F0B0FBF1FCDD
:1047C0005FFA8CF000211728E5D32D284FF0000365
:1047D00038BF01232A2838BF022326284FF00002C1
:1047E00038BF0122212838BF0121881818446044AD
:1047F0005FEACE6148BFC0F15A005FEA8E7107D40C
:104800005FEACE7118BFC0F5B47080B280BD00BF42
:104810005FEACE7114BFB430C0F1B40080B280BD85
:1048200002460068D16017F0ADBE000001684FF08D
:10483000FF320868CA6000F13C0399420AD000F1D7
:104840004C02914218BF17F09DBE302289688150FA
:1048500017F098BE24228968815017F093BE00009B
:10486000B0B591F85C000C4600F0FC000025642116
:1048700084F85C004FF0FF30C4E90B15C4E9115017
:10488000C4E9155020460821C4E90955C4E90D556D
:10489000C4E90F45C4E9134515F048FC2046102132
:1048A00015F044FC606A002808BFB0BD04F128037D
:1048B0000ECB002A48BF1546A942C8BF0D469D42EF
:1048C000D8BF1D46A84201D1B0BD00BF04F13C00D5
:1048D0000021FEF775FF4FF0FF30A06420466562AF
:1048E000BDE8B04017F04EBE10B50C4601F13C00DB
:1048F0000021FEF765FF04F14C000021BDE81040E7
:10490000FEF75EBF2DE9F04FC5B042F6840BC0F64E
:10491000040B58460D4616F07BF9012840F0008143
:1049200028460DF085FC044628460DF099FC611ED2
:10493000142900F2F580DFE811F01500F300F30010
:10494000F300F300F300F3001500F300F300F300AD
:10495000F300F300F300F300F300F300F300BD00F5
:10496000F3001D0000F1340145B0BDE8F04F17F031
:1049700039BE00BF28460DF073FC824628460DF074
:104980005DFC074643A9504616F000FA5046002148
:104990006922002417F092F80546504600216A2249
:1049A00017F08CF8BDF80C11BDF81021491B2A44F2
:1049B000ADF80C11511ABDF80E31BDF8126101317C
:1049C00009B21B1A3044ADF810211291C11A9AF89D
:1049D0005C2001310FFA81F902F003010129DAE9C3
:1049E0000A12ADF80E31ADF812010F970A920AD1F2
:1049F000B1F1FF3F07DC012A05DBDAF83000401A8D
:104A0000B0FA80F044090B915046002112220E9416
:104A100017F054F8054650460021132217F04EF8BF
:104A2000044650460021102217F048F80746504629
:104A30000021112217F042F8BDF812210590101A3A
:104A40005646BDF80C1126F83A0FBDF80E21BDF8F8
:104A500010310895069707942944B4463A44B6465F
:104A60001B1BB046129D2CF8061D2EF8042D28F8AD
:104A7000023D4D450396CDF8048055DB851A01357E
:104A80002DB2032D0EDC1FFA89F0BAF8162009EBBF
:104A9000D03000B202EB6000821E0230AAF836204D
:104AA000AAF83A0044F2F165C0F60105CDF824C039
:104AB000049555E04FF40031064615F0DBF9074642
:104AC00028460DF0CBFB8046B0F900000021B8422B
:104AD000C8BF074630461222A8F8007016F0EEFF55
:104AE00005B230460021132216F0E8FF07B2304627
:104AF0000021102216F0E2FF04B2304600211122FC
:104B000016F0DCFF00B2BD42B8BF2F468442B8BFEA
:104B100020468742B8BF3846B0F1FF3F40F3FE80E1
:104B200045B0BDE8F08F00BF5D1A01352DB2032DF1
:104B30000EDC129B99B203EBD131BAF8143009B2F2
:104B400003EB6103991E0233AAF83410AAF8383037
:104B500044F2B964C0F60104B046CDF824E00494F0
:104B6000CDF840C0591A801ACDF844904B1C411C16
:104B70001298CDE90C134845A8BF1946DAF8582019
:104B8000DAF82800531CDDE90A7309B2A7EB030623
:104B900016D0DAE914351B1A03FB01F32D1A05FBB5
:104BA00001F593FBF6F395FBF6F51FB22DB2EF1B63
:104BB00007FB02F2D71702EB176203EB222406E091
:104BC000DAF83020121A02FB01F292FBF6F4DAF85E
:104BD00048200F9D531CCDF808E017D0DAE91037B4
:104BE0001B1A03FB01F3381A00FB01F093FBF6F1EB
:104BF00090FBF6F00BB200B2C01A00FB02F0C21735
:104C000000EB126001EB202907E000BFDAF8242056
:104C1000101A00FB01F090FBF6F950460021162215
:104C200016F04CFFDDE911128A4231DBC0B20128D7
:104C30002ED10998C9F100096442129A8A422DDAEC
:104C400002880E9BA2EB09010131121B002BA8F870
:104C50000010028040D00C9FDAF828303FB209B231
:104C600003FB07F3109C5B4293FBF6F3A946D21AB1
:104C7000013213B29942D9BFA8F800301A460A4649
:104C800019469142018058DAA8F80010028054E0D9
:104C90004046DDF82480129A8A42D1DBB8F8002021
:104CA0000E9B02EB090122440180A8F800209BB171
:104CB0000D9FDAF828303FB2109C03FB07F3A9469A
:104CC0005B4293FBF6F70BB2D11909B28B4231DD8F
:104CD000A8F8001031E000BF109C049920468847D6
:104CE0000128A94629DC31AD2846494615F056FB76
:104CF0004FF400303E900020CDE9330450461A2195
:104D00002A46CDF8C8B00DF0AFFA50461B212A460E
:104D10000DF0AAFA45B0BDE8F08F00BF00B2B8F9B7
:104D2000001040428142C8BF0846A8F8000045B0C4
:104D3000BDE8F08FA8F80030018023AD284605F0CB
:104D4000C3FF50464FF400312A464FF4003717F0A6
:104D5000A3FA31AE3046494615F020FB002033A9B6
:104D600031C150461A2132463E97CDF8C8B00DF0F9
:104D70007BFA504600210B2216F0A0FEDDE9113629
:104D80000746184639B29E42B8BF3046B1EB600FB5
:104D9000C8BF47100D980C9900B209B2BDF98C201C
:104DA0008842B8BF0146B2EB610FA8BF4A109E42CD
:104DB0004FEA420004DB01992288098804E000BF21
:104DC0000399029A09881288891A013109B2884226
:104DD00017DA00209DF88F509DF8A6609DF8AE80F0
:104DE0008DF88F008DF8A6008DF8AE0023A94846F7
:104DF000224605F04FFF8DF88F508DF8A6608DF894
:104E0000AE80564636F8140F089C079D2044B188A2
:104E10003246ADF86C00481B32F8021FADF8700046
:104E200000234FF0000B0C92DDF81890DDF8148091
:104E300001EB0900F188ADF86E00A1EB08003AB271
:104E40001DAFADF872001BA9384605F0B5FB38461A
:104E5000002104F04FFA0E909DF8AE00BDF810311D
:104E60000D905B1BDDE91150BDF80C11BDF80E2152
:104E7000BDF812710DF1640C21444A44A7EB0807F8
:104E8000A8428DF8AEB08DF8C2B0ADF86410ADF8A0
:104E90006620ADF86830ADF86A700DDBB91A0131E3
:104EA00009B20F9C04291CDA119B0C9E0CF1020123
:104EB0000CF106000AE000BF591A013109B20F9C3B
:104EC00003290EDC129B0CF1040019A99AB203EB22
:104ED000D232338812B203EB6202931E0B80911C14
:104EE0000180109FBDF98C200DF14C0840463946D9
:104EF0000023002505F060FB4046002104F0FAF98C
:104F000023AE834619AA2046314605F0C3FE0D980C
:104F100031468DF8AE0020463A468DF88F508DF818
:104F2000A6508DF8C25005F0B5FE404604F054FC82
:104F30001DA804F051FC584605F098FE0E9805F0A7
:104F400095FE31AA50461B210DF08EF945B0BDE803
:104F5000F08F000090F85C0000F003007047000044
:104F600090F85C1001F0030102291EBF282140586F
:104F70007047816D01314FF0540108BF3021405816
:104F800070470000816C01314FF0440108BF2421BB
:104F900040587047B0B582B090F85C3003F003031E
:104FA000022B19D186465EF8303F8C465EE90345F8
:104FB0005EF8041C8C45B8BF61468D42C8BF2946C7
:104FC000A142A8BF21468B4206D000F14C031546F2
:104FD0007246009500F022F802B0B0BDB0B582B0C4
:104FE00084465CF824EF8E4515D00B46D0E90A4183
:104FF000056B8B42B8BF19468C42C8BF2146A942F7
:10500000D8BF29468E4506D000F13C0315466246BE
:10501000009500F003F802B0B0BD0000F0B591B00B
:105020001646169A1D460F4604465AB3E8680021F4
:10503000013014BFA868306868602846AF603760E8
:105040000027FEF7BDFB6E463046FEF7DFFC44F658
:105050002100C0F6010001904FF480700A9044F6E0
:105060002D00C0F601000390204600216522009526
:10507000CDE9087716F022FD0B903046FEF748FD8B
:1050800011B0F0BD28460021FEF79AFB4FF0FF302B
:10509000E8602046376011B0BDE8F04017F072BA02
:1050A0002DE9F04100FB00F6C0F5806CB60A06FB66
:1050B00000F700FB02F0BA0A0CFB06F70CFB0CFE33
:1050C000DDF8188007FB03F34FEA9E2402FB08F289
:1050D00000FB04F003EB430304FB0CF5920A00EB26
:1050E000400002EB1352AD0A05FB01F102EB105038
:1050F00000EB9120BDE8F08110B50C460846102168
:1051000015F014F820464FF48061BDE8104014F00B
:10511000CBB9000010B5014642F6A000C0F604006D
:1051200014F034FF044614F0C3FF204610BD000005
:1051300070B50446008E002808BF70BDC8066FEA2F
:1051400001054FF0000623D448050FD4E06A30F87B
:105150001610294020F81610B1B22046FEF7A6F826
:10516000208E01368642F1D311E000BFE06A30F8AC
:105170001610294020F81610B1B22046FEF796F816
:10518000204618F053FB208E01368642EED370BDC8
:1051900048050FD52BE000BFE06A30F81610294013
:1051A00020F81610B1B22046FEF780F8208E0136A6
:1051B0008642ECD22046012116F09EFE0028EBD05C
:1051C0002046012114F0B2FFE6E700BFE06A30F8A4
:1051D0001610294020F81610B1B22046FEF766F8E6
:1051E000204618F023FB208E01368642CFD220467F
:1051F000012116F081FE0028E8D02046012114F09C
:1052000095FFE3E708464FF6FF720021828690F88B
:105210003620C0E90911C162016340F2840102F045
:10522000FE02C2F2000180F8362000F047BD000007
:1052300010B5014642F6BC00C0F6040014F0A6FE0C
:10524000044614F035FF204610BD000010B5886AF2
:105250000C4612F061FDE06A12F05EFD0020C4E928
:105260000A0010BD2DE9F04182B042F6BC00C0F644
:1052700004000D4615F0CCFC012840F0358228468C
:105280000CF0D6FF064628460CF0EAFF711E2929CD
:10529000804600F2DC81DFE811F08700C5003300B2
:1052A000DA01DA013301DA014B01DA01DA01DA015C
:1052B000DA01DA013F00DA01DA01DA01DA010D017F
:1052C000DA01DA01DA01DA01DA01DA01DA01DA0106
:1052D000DA01DA01DA01DA01DA01DA01DA01DA01F6
:1052E000DA01DA01DA01DA01DA012B002B0000BF62
:1052F000D8F82410404600F0E1FC02B0BDE8F0818F
:10530000B8F834104046FDF7D1FF4FF0FF30A8F851
:10531000340002B0BDE8F081B8F83000002800F099
:10532000E38128460CF09AFF05460FF061FD25B990
:1053300000200FF017FD0FF05BFD054640464FF6CD
:10534000FF7615F07FFD0EF039F8B8F83410B14251
:1053500040F0CA81022D05D0042D40F0358100288F
:1053600000F0328198F83600D8F82C10C00701F10F
:10537000060240F02F81002032F8063C13F0500F57
:10538000C5D001EB40035F8817F0500F00F0488153
:105390009B8813F0500F00F0498132F8083B04302D
:1053A00013F0500FE8D134E128464FF6FF770CF0A8
:1053B00055FFB8F8341005464046FDF777FF0FF06B
:1053C000CBFC0FF015FD00F0FD0001281AD101AE55
:1053D000284631460FF0DAFC40463146FBF794FE92
:1053E000B842A8F8347000F07F810146D8F82C004C
:1053F00030F8110010F0500F04D14046A8F83410D6
:10540000FDF754FFB8F83400B84200F06D81D8F8C9
:105410002C1031F8101011F4CA6F40F06581009023
:105420006A467EE028460CF019FF05460FF094FC12
:1054300006460FF0DDFC022818BF042800F0548156
:1054400001AF304639460FF0A1FC40463946FBF724
:105450005BFEB8F83410884200F046814FF6FF77C3
:10546000B94206461CBF4046FDF720FF2846A8F873
:10547000346010F01DF9BE4200F03681D8F82C00DF
:1054800030F8160010F0500F40F02E8140463146A3
:10549000FDF70CFFD8F82C0030F81610890500F144
:1054A0002381B8F8341030F81100400500F11C8158
:1054B0000096B5E7B8F83200002800F01581D8F85A
:1054C00024000368002B00F00F81002200211C78CB
:1054D000B4F10A0708BF5F78002C18BF002F00F056
:1054E000B680D8F82C3033F81220520500F1A48091
:1054F00001318AB250F82230002BE8D1A7E000BF7A
:10550000B8F834004FF6FF71884200F0ED80D8F80B
:105510002C1031F8101011F0700F40F0E580019060
:1055200001AA40461C210CF09FFE02B0BDE8F081AC
:10553000B8F834104FF6FF70814211D0D8F82C0023
:1055400030F8112002F0C003802B22D1D3050FD5F3
:1055500098F83630DB070BD122F4A0720AE000BFC6
:105560004FF6FF714046FDF7A1FE02B0BDE8F081A5
:1055700042F4807220F8112098F83620B8F83410E0
:10558000D20706D040461EF061FBD8F82C00B8F8D0
:10559000341030F8110010F4C06F00F00C8210F0DD
:1055A000500040F00882019101AA40461C210CF0F5
:1055B0005BFE012840F09880B8F834104046FDF7B3
:1055C00075FE02B0BDE8F081A8F8346002B0BDE815
:1055D000F08100BF002032F8063C03F4A873B3F555
:1055E000807F3FF494AE01EB40035F8807F4A87717
:1055F000B7F5807F14D09B8803F4A873B3F5807F40
:1056000014D032F8083B043003F4A873B3F5807F5C
:10561000E1D10138A8F8340002B0BDE8F08100BF44
:105620000130A8F8340002B0BDE8F0810230A8F8DB
:10563000340002B0BDE8F081404615F06FFBB8F8C9
:10564000321090FBF1F001B228460CF0FDFEA6F1FD
:105650000F0001280ED8B8F834104FF6FF75A94294
:105660001CBF4046FDF722FEA8F8345002B0BDE84A
:10567000F08100BF152E59D00D2E35D1B8F8341059
:105680004046FDF713FE28460CF0E8FD007811387F
:10569000032800F20781DFE800F003C74FA100BF35
:1056A0004046002115224FF6FF75002616F006FA37
:1056B000B8F934108AB2AA4200F00081002900F142
:1056C0007981D8F8283003EBC20633F83230B78836
:1056D000FF1A01373FB203EB5703B6F902701BB252
:1056E000043603FA80F00AE002B0BDE8F08100BFA2
:1056F000002AA2F10102A6F1080640F3D78036F98C
:10570000025CBD42F4DA36F9045CA842F0DBB6F97B
:105710000050AB42ECDCD8F82C5035F8125015F0A4
:10572000500FE5D1A8F8342015463CE12846F8F79B
:1057300079FC02B0BDE8F081B8F834000021451CC6
:10574000AAB2B8F83000824228BF0D46D8F82C2003
:10575000ABB2A8F83450AFB232F8177017F0500F50
:1057600000F021810135AFB2874228BF0D46AFB2AC
:10577000A8F834509F4250D032F8177017F0500FED
:1057800000F011810135AFB2874228BF0D46AFB29C
:10579000A8F834509F4240D032F8177017F0500FDD
:1057A00000F001810135AFB2874228BF0D46AFB28C
:1057B000A8F834509F4230D032F8177017F0500FCD
:1057C00000F0F1800135AFB2874228BF0D46AFB27D
:1057D000A8F834509F42BED11FE000BFB8F8340093
:1057E0004FF6FF71884214BF0028B8F83000D8F88F
:1057F0002C10451EA8F83450AAB231F8122012F02D
:10580000500F00F0D0802A0408BFB8F83050AAB278
:10581000013D8242A8F83450EED14FF6FF754FF0AB
:10582000FF30A8F83400BEE04046002115224FF6B4
:10583000FF75002616F042F9B8F83410A94277D067
:10584000B8F83020914231D2D8F828300D4603EB19
:10585000C10633F83130B788FF1A01373FB203EB86
:10586000570307B21BB2B6F90200DF1B043604E08F
:105870000135ACB20836A24218D036F9024C844247
:10588000F6DD36F9044CA342F2DBB6F90040A7423C
:10589000EEDCD8F82C4034F8154014F0500FE7D166
:1058A0007FE000BFB8F834507DE000BF89B24046C9
:1058B000FDF7FCFC02B0BDE8F08100BFD8F82C0079
:1058C000A8F83460B1B230F8111011F0500F79D04F
:1058D00046F0010293B2B8F83010A8F834208B4299
:1058E0005FD230F8133013F0500F3FF41DAF46F085
:1058F000020293B2A8F834208B4252D230F813300F
:1059000013F0500F3FF410AF46F0030293B2A8F823
:1059100034208B4245D230F8133013F0500F3FF44F
:1059200003AF0436B2B2A8F834608A42CAD338E072
:10593000D8F82C00A8F83460B1B230F8111011F08A
:10594000500F3FD046F0010293B2B8F83010A8F8DB
:1059500034208B4225D230F8133013F0500F3FF42F
:10596000E3AE46F0020293B2A8F834208B4218D27C
:1059700030F8133013F0500F3FF4D6AE46F0030268
:1059800093B2A8F834208B420BD230F8133013F0C6
:10599000500F3FF4C9AE0436B2B2A8F834608A4260
:1059A000CAD3A8F83450A9B24046FDF77FFC02B034
:1059B000BDE8F08189B24046FDF778FC02B0BDE851
:1059C000F08100BFB1B24046FDF770FC02B0BDE807
:1059D000F08100004FF6FF72914204BF0020704733
:1059E0002DE9F041B0F830E0714500F2808039B126
:1059F000436A042901F0030C0AD200223CE000BFF4
:105A00000022714573D0406A50F82200BDE8F08151
:105A100021F0030800220025561CB4B2043553F8C7
:105A2000244027780A3F08BF6778002F08BF961CDC
:105A3000721C94B253F8244027780A3F08BF677855
:105A4000002F08BFB21C561CB4B253F8244027786C
:105A50000A3F08BF6778002F08BF961C721C94B2DB
:105A600053F8244027780A3F08BF6778ACB2002F6C
:105A700008BFB21C4445CFD1BCF1000F34D0541C38
:105A8000A5B253F825502E780A2E11BF00256D7847
:105A9000B5FA85F56D09002D18BF941CBCF1010FF6
:105AA000224621D0621C95B253F825502E780A2E3A
:105AB00011BF00256D78B5FA85F56D09002D18BF69
:105AC000A21CBCF1020F0FD0561CB7B253F82730FE
:105AD0001F780A2F11BF00235B78B3FA83F35B09A9
:105AE000002B18BF961C324692B271458BD1002014
:105AF000BDE8F081808E7047038E994224BF00205C
:105B00007047C06A30F811001040801AB0FA80F077
:105B100040097047F0B581B00446008E814280F0A4
:105B2000A3801546D20517D594F8362012F001024D
:105B300012D00E46002700BFE06A30F8171021F49B
:105B4000807120F81710B9B22046FDF7AFFB208E08
:105B500001378742F0D33146EA067AD5022872D35C
:105B6000042800F0030C05D201200022BCF1000F34
:105B700044D166E020F003030120002203E000BFCF
:105B80007A1C9A4236D01646914209D1771C8F4230
:105B900010D101378F4218D101378F42F0D01FE06A
:105BA000E26A32F8162002F0100200EA1210771CA6
:105BB0008F42EED0E26A02EB4602528802F01002F7
:105BC00000EA121001378F42E6D0E26A02EB460289
:105BD000928802F0100200EA121001378F42CFD0F3
:105BE000E26A02EB4602D28802F0100200EA1210CA
:105BF000C6E700BF321DBCF1000F22D08A4206D09A
:105C0000E36A33F8123003F0100300EA1310BCF11A
:105C1000010F16D0531C8B4206D0E76A37F81330B9
:105C200003F0100300EA1310BCF1020F1CBF023294
:105C30008A4206D0E36A33F8122002F0100200EA2A
:105C40001210C00705D020460E46012113F02CFC8F
:105C50003146E06A30F811202A4320F8112020460E
:105C6000FDF724FB680501D401B0F0BD204601B06A
:105C7000BDE8F04017F0DABD70B50446008E00288C
:105C800008BF70BD0D460026B1B220462A46FFF778
:105C900041FF0136B0B2218E8842F5D370BD0000BD
:105CA00010B5028E0446C06A520012F0A1F8616A73
:105CB0002046BDE8104000F001B800002DE9F04F8B
:105CC0008FB0002904BF0FB0BDE8F08F0A68884686
:105CD000074601207886AAB100200121002500BFD7
:105CE000137883B10A3B00F1010008BF537882B2F8
:105CF000002B06BF01317986013558F82220002A91
:105D0000EED100E00025ACB2388E0E97844223D04D
:105D1000B86A20B112F000F80E9F0020B862F86A4D
:105D200018B111F0F9FF0020F862E00011F0F6FD63
:105D30000028B86252D0600011F0F0FD0E990028E2
:105D4000C8624DD0896A002908BF0D46A9B2490032
:105D500012F048FC0E9F3D86384600211622C7F8F7
:105D6000248015F0ABFE07460E980021122215F094
:105D7000A5FE03900E980021102215F09FFE0490BE
:105D80000E980021142215F099FE05460E98002168
:105D9000152215F093FE05900E9814F0DBFF0446D3
:105DA0000E9814F0BBFFDDF838C0BCF832100029A3
:105DB00000F0C1804A1E02FB15002AB200B2029216
:105DC00001900598A64606B25FFA87F94FF0000BDE
:105DD0000A460020CDE90C960BE000BFFEE700BFAD
:105DE000FEE700BF08F1040801308AB2904280F05B
:105DF000A280D8F80070002FF4D00B914946B1462C
:105E00004FF0000A002500233E78B6F10A0408BFCF
:105E10007C78ACB14FF0010496B1DCF82C70013500
:105E200007EB4B0737F81A701FFA85FA07F00F06D1
:105E300058F82A70012E98BF2646002F3344E3D12C
:105E40004E4689460B992F04CCD0BAF1000F00F1D1
:105E5000010767D0CDF81C80019C069700FB04F178
:105E600007FB04F7049E029CB1FBF2F100FB046007
:105E7000B7FBF2F2059F014410446A1E02FB17E2D1
:105E8000013812B200B24FEACB070B9022EAE2705F
:105E90004FF000080A9098B2D146099008B2002548
:105EA0000890039CDCE90A010122384431F81B10F8
:105EB00001F00F01012998BF11460A9B05FB03F26F
:105EC0000D4405FB03F1099BB1FBF3F1B2FBF3F2C7
:105ED0000D9B08FB031108FB03220C9B0139012BCE
:105EE000134604BFAEEB0103AEEB02011A192144C5
:105EF0000BB211B2089A0B9E00967646FEF71EFC76
:105F0000DDF838C0B64608F101080BF1010BB9F114
:105F1000010907F10807C5D1DDE90C96DDE906782E
:105F2000BCF8321008EB8A0000F1040838468AB247
:105F30009042FFF45EAF6046644617F077FC20465F
:105F40000FB0BDE8F04F16F01DBB000090F83620F2
:105F500002F0FE020A44002180F836201DF076BED1
:105F6000B0B50C464FF6FF718C4203D0018E8C42C7
:105F700028BFB0BD818E0546FDF798F92846214619
:105F8000AC86BDE8B040FDF791B900002DE9F043C3
:105F900081B040F2E470C0F20110002701F58C7668
:105FA0008946C1E90A000F638F863046A82112F0A6
:105FB00019FB64A0C84648F8380F63A063A108F134
:105FC000040463A263A30FF2901C0FF2901E84E8F6
:105FD0000F5043F290017820C0F60401002203E044
:105FE000D9660737312F6DD007F108035B0709EB3E
:105FF000870341D0D5B206EB8504013206F82500AF
:106000005C6507F109056D073BD0D5B206EB850449
:1060100006F825009C65013207F10A056D0735D0A9
:10602000D5B206EB850406F82500DC65013207F1E0
:106030000B056D072FD0D5B206EB850406F82500B9
:106040001C66013207F10C056D0729D0D5B206EBAD
:10605000850406F825005C66013207F10D056D0721
:1060600023D0D5B206EB850406F825009C660132E4
:106070002A2FB5D01CE000BF596507F109056D074F
:10608000C3D1996507F10A056D07C9D1D96507F133
:106090000B056D07CFD1196607F10C056D07D5D13A
:1060A000596607F10D056D07DBD199662A2F97D048
:1060B000D5B206EB850406F82500DC660132073709
:1060C000312F91D143F29250C0F60400C9F8140167
:1060D0004846FFF7ADF84146C9F82400FFF7EEFD4A
:1060E000D9F824004FF40871FFF7C6FDD9F8240051
:1060F0004EF63D51C0F600011A22002313F08EF92E
:10610000D9F8240042F2640118F05AFB48460121F4
:1061100017F0C4FFD9F82400012117F0D1FFB9F816
:106120002C1099F92E20484600F01CF84846FCF740
:106130004BFDD9F824004FF4804101B0BDE8F04395
:1061400013F0B2B9537500004D6F00005475000094
:10615000576500005468000046720000536100005B
:106160002C3070472DE9F04F89B08246818501209F
:106170008AF82F00DAF824000E46402115468AF8E6
:106180002E20FEF7D5FFDAF8240000214022FFF789
:10619000C1FCDAF8240001214022FFF7BBFCDAF849
:1061A000240002214022FFF7B5FCDAF82400032185
:1061B0004022FFF7AFFCDAF8240004214022FFF769
:1061C000A9FCDAF8240005214022FFF7A3FCDAF845
:1061D000240006214022FFF79DFC1FFA86F86CB2CE
:1061E0004FF0FF314046012CBCBF11FA86F00B2165
:1061F00041FA85F10B29C4BF01300C39012921D1A5
:1062000081074FF000011AD145F62942CCF28F22C6
:1062100000FB02F045F628434FEAB002C0F28F239C
:106220009A424DF20B734FF000024FEA301088BFD4
:106230000122C0F2A303984238BF0121114301F1AA
:106240001C0C11E044F6251010FB01F0421402EB87
:10625000D070A0EBC0000844C1B200EBD11121F016
:106260000101081A00F11F0C0021032C38BF4FF068
:10627000FF31079141462246A8F1010938BF49463E
:10628000032C38BF0C32C2EB42124AF6AB233E3A23
:10629000CAF6AA23A2FB032348F21F52C5F2EB124F
:1062A00001EB9107A1FB0262A7EB5217D80807EB9D
:1062B000D21744F6251E07EBD3038E080133C2F232
:1062C000924E0496A3FB0E769F1B06EB5707D6094A
:1062D0000396BE08F600A6EB970700EBD2160590D2
:1062E00006EB91010294032C38BF01394144550952
:1062F000A1EB5212A3EB070B0132A2FB0E37D21B0C
:1063000007EB520289009308DB00A1EB8501A3EBA8
:1063100092025FFA8CF0A1EB820101905BFA8CF49F
:1063200001EB0A0043F22A26CDF82080069500F5FD
:106330008E750127C0F60406D84600BFFBB228467A
:106340000421324619F044FF08F101080137A04545
:1063500005F10405F2D302994FF0FF300229B8BFCE
:106360000B200144A1F10100DDF82080A8BFC14647
:106370000B28C4BF09F10109A1F10D00012825D1A5
:106380005FEA89704FF000001AD145F62941CCF23E
:106390008F2109FB01F145F628434FEAB102C0F213
:1063A0008F239A424DF20B734FF000024FEA3111E6
:1063B00088BF0122C0F2A303994238BF01201043D5
:1063C0001C30BBF1000F17D133E000BF42F2934104
:1063D000C9F2492151FB00018A1002EBD171A1EBF6
:1063E000C1010844C1B200EBD11121F00101081A2A
:1063F0001F30BBF1000F1CD043F22A26A0EB0B0785
:106400000AF58C750024C0F6040600BF0137FBB204
:1064100028460421324619F0DBFEE11DDAF824009B
:1064200089B24022FFF776FB01345C4505F1040593
:10643000ECD305980399069F0844049944F6251265
:1064400008440799C2F2924208444044C11B0131FA
:10645000A1FB0223C91A03EB5101019A43F22A2836
:1064600010448A08D200A2EB91018200A2EB8702BD
:10647000C01BA2EB8102441A02EB0A0000F58E75E4
:106480000126C0F6040800BF2846042142463346D0
:10649000A71919F09DFEF91DDAF8240089B24022EF
:1064A000FFF738FB0136A0190138292805F104054A
:1064B000EAD35046FCF788FBDAF82400FFF71AFB12
:1064C0004FF6FF71884206D0DAF824000BF107017D
:1064D000C9B2FFF745FD504616F054F8504614F087
:1064E000C7FB98B10546002603E000BF0136B54260
:1064F0000CD05046314614F0ABFBDAF82410884239
:10650000F4D01C2152460BF0AFFEEFE709B0BDE816
:10651000F08F000010B50C4601F124001021F3F7B4
:10652000A7FC04F130001021F3F7A2FC4FF4C801DE
:106530000020C4F876104FF06411A4F87400C4E988
:106540001B016420C7F6FF70C4F87A000320C0F274
:10655000050094F88810C4F87E000A20A4F8820090
:1065600001F0F000013084F888004FF00120C4F8F9
:10657000840010BD70B5886A0C4601F1240528BB63
:106580002846F3F70DFC606B04F1300570B100BFD5
:106590002846F3F737FC064628463146F3F7DEFC7B
:1065A000304611F0B9FB606B0028F1D12846BDE8F8
:1065B0007040F3F7F5BB00BF28463146F3F7CEFC39
:1065C000304611F0A9FBA06A0028D9D02846F3F77D
:1065D00019FC0646007B4007EED4706811F09CFB66
:1065E000EAE700002DE9F04FC7B042F62C17C0F6DD
:1065F000040738460D4614F00BFB012840F0858354
:1066000028460BF015FE044628460BF029FE611EB5
:106610002B2900F27A830446DFE811F02C0077037F
:10662000770377037703770377038A00770377038A
:10663000770377037703770377037703770377038A
:106640005800770396007703770377037703770380
:10665000770377037703770377037703770377036A
:106660007703770377037703770377032E037703A3
:10667000770370000EF070FB0FA90EF087FBA08A65
:10668000BDF83C100D1A2046ADF83C5014F0ECFC5F
:106690004719204614F05EFBB4F884800546204676
:1066A00000211222002615F009FA381A00B200283B
:1066B00000F1278305FB08F10A02B0EB224F40F3FB
:1066C000F182B4F88200461E1BE300BFB4F940001B
:1066D000B4F94C20B4F95830B4F964109042C8BFF2
:1066E00002468B42C8BF19468A42C8BF1146284697
:1066F00047B0BDE8F04F0BF0A7BE00BF28460BF037
:10670000ADFD0546204614F025FBB4F8841001FBCE
:1067100000F0000A2880204614F000FBB4F8861030
:1067200001FB00F0000A688047B0BDE8F08F00BFB1
:10673000B4F87C102046FCF71DFE47F6FF70A4F865
:106740007C0047B0BDE8F08F28460BF077FD8268EB
:1067500004F1140521AE804630462946F1F7C8FF02
:10676000002800F05081D8F80800079506902046D0
:1067700000213222C8F808604FF0000A15F09EF997
:10678000049020460021122215F098F9039020462B
:106790000021102215F092F90C90204614F0DAFA3C
:1067A000B4F88410CDE90101204614F0B7FAB4F82A
:1067B000861032AD814628460B9102F08FFD2046AF
:1067C00000212A4615F008FD0FAE3046414613F071
:1067D000E5FD4FF0FF301D9020461A213246CDF8DE
:1067E00070A0CDE9107A1595CDE918AA0BF03CFD03
:1067F00020460021312215F061F9C0B208902046F0
:106800000021322215F05AF905902046002133224A
:1068100015F054F90990204614F026FC009020460B
:1068200014F020FDB4F87E50BA46002D6CD0A18A39
:10683000E68AADF802110899228B03294FF0000B6C
:10684000ADF8BE201DD3059909B2012919DB0999BC
:106850000746890709D520460021102215F02EF998
:1068600080B2B0FA80F04FEA501B0998C00707D0F9
:1068700020460021112215F021F9000408BF013D36
:10688000384629B28B453FDA0B99049A0C9B09FBD9
:1068900001F11A440B0241F30F21101A30440C91FC
:1068A0000B90A8B213FB2BF90DF581770DF1BE0605
:1068B0000FAD0A90B4F87E000B99013899FBF0F007
:1068C0002A460844ADF80401ADF8C000012011903B
:1068D00020461A21CDF840A0CDE91876CDF874B045
:1068E0000BF0C2FC404632A93A46334602F0E6FCC1
:1068F00020461B212A460BF0B7FC0A980BF1010B2E
:1069000058450C988144D5D1B4F88050002D69D0F9
:10691000E08AA68AADF804010898618B03284FF03D
:106920000007ADF8C0101AD3059800B2012816DB95
:106930000998400708D520460021122215F0BEF81C
:1069400080B2B0FA80F047090998000707D52046C1
:106950000021132215F0B2F8000408BF013D28B24F
:1069600087423FDADDE901100DF5817B01FB00F084
:10697000DDE903211144020240F30F2012FB27F945
:106980000C900098081A30440B90A8B20DF1BE0686
:106990000FAD0A90B4F880000B99013899FBF0F024
:1069A0002A460844ADF80201ADF8BE00022011905D
:1069B00020461A21CDF840A0CDE918B61D970BF05E
:1069C00053FC404632A95A46334602F077FC204633
:1069D0001B212A460BF048FC0A980137B8420C9854
:1069E0008144D7D14FF0FF301D900020CDE9180031
:1069F0000FAA20461B210BF037FC0698079D57462F
:106A000021AEC8F80800204641460022F9F7EEFA08
:106A1000204641460122F9F7E9FA20464146022282
:106A2000F9F7F4F8204641460422F9F7EFF804F1AB
:106A30002400F3F789FA002800F0248104F13000E3
:106A40000C90F3F781FA002840F05F81D8F8081025
:106A50000DF58A7948462A46F1F74AFE002800F0EB
:106A60005481D8F808000DF5817509902846C8F8BA
:106A7000089002F033FC20464FF4E0212A464FF400
:106A8000E02915F0A9FB32A804F01EF99DF80A01CF
:106A90004FF4E0218DF8CB0047F6FF70ADF8C80049
:106AA0002046012215F00AF8054620464FF4E02161
:106AB000012215F003F882460FA8414613F06EFC40
:106AC0000DF1BE001590052011900C981396CDF88D
:106AD00070901097F3F7C6F9002800F0F78006468B
:106AE000A8B21FFA8AF105EBD0300AEBD13100B21F
:106AF00009B240100B9048100A90A81E80B2AAF16B
:106B000002034FF6FD719BB2002288424FF0000055
:106B100038BF01208B4238BF012200EA02050DF583
:106B200088790DF5867B0CE020461B210FAA0BF01F
:106B30009BFB0C983146F3F791F90646002800F0CC
:106B4000C5800DF1BE000DF581710A2211F050F9DA
:106B500021A832A9382211F04BF9F088CDE9189B11
:106B6000717BADF8BE00C907ADF888000ED1B288C0
:106B700047F6FF708242DCD0B16820460DAB00F0D2
:106B8000DBF8BDF83410BDF8362001E0318872889A
:106B9000A08A00EB0107E18A01EB020AB5B10B9A6A
:106BA000B91AADF83410B9180A9AADF83810AAEB32
:106BB0000201ADF836100AEB0201ADF83A100DA94A
:106BC0001291317B8A0706D12CE000BF002112917F
:106BD000317B8A0726D0C90708BF3846ADF81001B7
:106BE000ADF812A13846002A48BF208BADF80C0141
:106BF00020461A210FAAADF80EA10BF035FB404636
:106C00000DF1BE014A465B4602F058FB25B14046F5
:106C100021A90DAA04F03EF820461B210FAA0BF073
:106C200023FB317B11F00C0F3FF483AF4807ADF825
:106C30001071504648BFE08AADF812010807ADF860
:106C40000C71204648BFB4F81AA01A210FAAADF85B
:106C50000EA10BF009FB40460DF1BE014A465B4612
:106C600002F02CFB002D3FF45FAF404621A90DAA96
:106C700004F010F858E700BF204647B0BDE8F04FD9
:106C800016F002BE94F8880000F00700032829D00F
:106C9000022821D001287FF4D1AE20464146F8F7E2
:106CA000FFF9CBE694F8882041F30F2102F00702A8
:106CB000022A1DD0012A23D1B4F88220013A02FB16
:106CC00000F000EB510090FBF1F61AE00998C8F8CB
:106CD000080047B0BDE8F08F20464146F8F786F837
:106CE000ACE600BF20464146F8F738FDA6E600BFF7
:106CF000B4F8822002FB00F0B0FBF1F601E000BF27
:106D00000026B4F97C00864202D147B0BDE8F08F7E
:106D1000B1B22046FCF72EFBB4F87C102046FCF7FD
:106D200029FB20461C210022A4F87C600BF09CFA71
:106D300047B0BDE8F08F00002DE9F04F87B068B391
:106D40000E4669B30546B0F882001C469246824260
:106D500028D2284613F0FEFFB5F8841001FB00F09E
:106D60004FEA1028284613F0D9FF95F88810B5F897
:106D7000869001F00701032983467BD0022917D0B2
:106D8000012940F08A800FFA88F0B5F8821000FBE4
:106D90000AF0013990FBF1F07EE000BFFEE700BF92
:106DA000FEE700BF0020206007B0BDE8F08F00BF05
:106DB00005F124073846CDE905B9F3F729F8049021
:106DC00028464FF4A021152214F078FE00B2B5F841
:106DD0008410152200FB01F00021001203902846C8
:106DE0004FF0000B14F06AFE00B2B5F884100FFAF1
:106DF00088F800FB01F04FEA2029B5F88200411E17
:106E000001FB198191FBF0F002903846F3F72AF864
:106E100000281CBF0146B0420CD04FF0000B00BF51
:106E200038460BF1010BF3F719F800281CBF014697
:106E3000B042F5D10299049F09B2039B7A1E03FB6D
:106E4000121209EB080000FB0AF0B5F88230B2FB21
:106E5000F7F290FBF3F093B20BFB01F102EBD332AC
:106E6000B1FBF7F112B2DDE905B9084400EB6200AD
:106E700012E000BF317B022202EA910130686A18F9
:106E800030F91A00B2F97410B2F978200FFA88F7C5
:106E90000023009710F022FD208028460021322296
:106EA000002714F00BFE804628460021122214F021
:106EB00005FE2188404408442080284614F0D4F878
:106EC0002188081A208095F88800000758BF778924
:106ED000B5F8820007EB0A01B1FBF0F2337B02FB4D
:106EE0001010C3F30011726805EB41010BFB09F3AD
:106EF00032F91000B1F96C2043F30F27B1F970108B
:106F0000801A00FB07F0891A90FBF1F01902C0EB20
:106F10002140002160802846102214F0CFFD6188B6
:106F2000404408446080284614F09CF96188081A9F
:106F3000608007B0BDE8F08F10B50C4691F82810BE
:106F40000AA0606241F0010084F828002046022176
:106F500012F0AAFA2046082112F0A6FA20464FF4B1
:106F60008061BDE8104012F09FBA00BF43686563BE
:106F70006B20626F7800000091F82800C00718BFEE
:106F8000704710B5486A0C4610F0C6FE00206062DB
:106F9000BDE81040704700002DE9F04FB7B042F651
:106FA0004817C0F6040738460C4613F031FE012896
:106FB00040F0538120460BF03BF9054620460BF08C
:106FC0004FF9132D00F04C81152D5FD02C2D40F082
:106FD0004481054620460BF041F9804628460021B1
:106FE0005722002414F06AFD0646B0F808A028468F
:106FF0000021592214F062FD07462846002158223C
:1070000014F05CFD3AB241F6FF73696ACDE90023E2
:1070100003B215A8324602941CF0A6FA28460021B5
:10702000152214F04BFD814628464FF40031122200
:1070300014F044FD074628464FF40031132214F0A3
:107040003DFD044628464FF40031102214F036FD71
:10705000064628464FF40031112214F02FFD0AEBAA
:1070600006010AEB09020844BDF854103A442244D0
:107070001144A8F8001000B2BDF956108842C8BFEC
:107080000146A8F8021037B0BDE8F08F20460BF09B
:10709000E7F8054620460BF0D1F805902846002178
:1070A000572214F00BFD0790B0F908000021099059
:1070B0002846322214F002FD044628460021102200
:1070C00014F0FCFC2044089028460021122214F001
:1070D000F5FC2044049028460021152214F0EEFC13
:1070E000069028464FF40031122214F0E7FC03907A
:1070F00028464FF40031132214F0E0FC06462846DF
:107100004FF40031102214F0D9FC804628464FF489
:107110000031112214F0D2FC814628464FF4003190
:10712000692214F0CBFC824628464FF400316A22D3
:1071300014F0C4FC29AC8346204603F0C5FD284664
:107140004FF40031224615F0A7F8A88A0499039A53
:1071500008440999EB8A01390A4432441618089AFE
:10716000A0EB0A001A444144ADF89C0006EB0A006B
:1071700001EB0908ADF8A000A2EB0B00ADF89E00F2
:1071800008EB0B00DDF814900496104415AEADF832
:10719000A2003046494613F001F94FF4003016972B
:1071A0004FF0000A27AF229028461A213246199440
:1071B000CDF85CA018970BF057F8484621463A46A0
:1071C00003F068FD28461B2132460BF04DF8284697
:1071D0000021592214F072FC04462846002158224E
:1071E00014F06CFC22B241F6FF73696ACDE900230A
:1071F00003B2079A14A8CDF808A000261CF0B4F931
:107200000CAC204601F0E4FF28460021224614F091
:1072100089FF08F1010000B20999049A401A069901
:1072200000EBD0701144BDF85020089BADF8281039
:107230001144EA8A03EB6000ADF82C10BDF852103F
:107240001044ADF82A0008446B6AADF82E000AAA73
:1072500048462146009601F05BFC37B0BDE8F08F50
:10726000054620460AF0FAFF044628464FF400314E
:1072700012F000FEB4F900108142C8BF0846208019
:1072800037B0BDE8F08F000082B20431120412FA68
:1072900080F04FF61F02C0F2E072C908104001FBF7
:1072A00000F1494200EB5110104040EA1040704795
:1072B00083071CBF20F8021B013A10B5112A1DD309
:1072C0008BB2A2F1110C4FEA034E012303EB1C1405
:1072D0001EFA81F314F0030E1FD0BEF1010FC0E9B6
:1072E0000033C0E90233C0E904338361C36107D1CD
:1072F0002030103ABCF1300F12D236E0AABB5AE06F
:10730000BEF1020FC0E90833C0E90A33C0E90C330B
:107310008363C36350D14030203ABCF1300F24D393
:10732000403AC0E90033C0E90233C0E90433C0E9A0
:107330000633C0E90833C0E90A33C0E90C33C0E9B9
:107340000E33C0E91033C0E91233C0E91433C0E989
:107350001633C0E91833C0E91A33C0E91C33C0E959
:107360001E33102A00F18000DAD812F0030EA2F1C9
:10737000010C14D0034623F8021BBEF1010F03D108
:10738000184662460BE000BFBEF1020F418003D1F8
:107390000430023A03E000BF81800630033ABCF1BA
:1073A000030F38BF10BD083820F8081F043A418089
:1073B0008180C180F8D110BDC0E91033C0E912331B
:1073C000C0E91433C0E916336030303ABCF1300FF5
:1073D000A6D2CAE7F0B5C1EB012141F27B4389088F
:1073E000C2EB022201FB03F19508C1F3474205FB02
:1073F00003F1002A4FEA51463CD0C0EB002040F692
:107400006133C0F2B603A0FB03354FF22B33C0F259
:107410000E13A0FB03018809D52300FB0350F3B230
:1074200000EB400082F0FF054000C4B205FB03F50D
:1074300004FB02F0FF274FEA152E87EA1025C1F35F
:10744000871005FB03F104284FEA112C2ED884F095
:10745000FF0101FB02F187EA112101FB03F10A0A96
:10746000DFE800F02604181E140000BF324666460E
:107470001EE000BF4FF4FC62F0B202EAC601C2088F
:1074800041EAC22141EAD000F0BD00BF1046724679
:1074900008E000BF704696463246064608E000BF48
:1074A00070466246B646064602E000BF7246E646B1
:1074B00002F0FC015FFA8EF0C90041EAD00006F04C
:1074C000F80140EA0120F0BD10B50020C6F264408A
:1074D000486291F83C000C4600F0F80084F83C004B
:1074E0000020C4E90C0040F2466091F82C10C2F272
:1074F0000000007801F0FE01084484F82C002046CA
:107500004FF4803111F0D0FF20464FF4407112F05B
:107510000DFE2046BDE810401FF00CBA2DE9F04FDB
:10752000A7B042F66410C0F604000D4613F070FBDD
:10753000012840F0DF8328460AF07AFE04462846F8
:107540000AF08EFE611E292900F2D4830446DFE88A
:1075500011F02B00B300D103D103D103D103D10328
:10756000D103D103D103D103D1035500D103D103FA
:10757000D103B903C9037F00D103D900D103D103DB
:10758000D103D103D103D103D103D103D103D1035B
:10759000D103D103D103D103D103D103D103D1034B
:1075A000D103D503EF0300BF1BF05AFB60630DF05E
:1075B000D3FB04F138010DF0E9FB0DF0CDFB216B9D
:1075C000054608461BF034FB2968898B884280F009
:1075D000E08494F83C00A78C94F8266094F8278007
:1075E00000F00300DFE810F004009A049C049E04FD
:1075F00028460EF0F7F8002700F0A4BC28460AF051
:107600002DFE006820F00201112940F0978394F8C4
:107610003C50A38C94F8262094F8271005F003051D
:10762000184616468C46DFE815F00500370441047D
:107630004B0400BF40F66137581CC0F2B607A0FBF0
:1076400007754FF4B47705FB170000F039BC00BF95
:1076500020464FF44031122214F030FA0FFA80F82D
:1076600020464FF44031132214F028FA06B2204687
:107670004FF44031102214F021FA07B220464FF4A3
:107680004031112214F01AFA00B2B045C8BF464684
:107690008742C8BF38468642C8BF3046023004B26F
:1076A00028460AF0DBFDB0F90010A142C8BF0C4625
:1076B000048027B0BDE8F08F0DF04EFB002800F0ED
:1076C000198305460DF094FB042818BF022840F0EA
:1076D0005183A68A204614F09DFB81B2E78A00EB15
:1076E000D13000B206EB60062046ADF8646013F0BE
:1076F000AFFB81B200EBD13000B207EB5000ADF828
:1077000066003DE328460AF0ABFD06462846039591
:107710000AF094FD0A90304614F07CFB074684B2D0
:10772000304613F095FB81B207EBD43200EBD13039
:10773000B14639F8143F14B2F18A00B203EB640287
:1077400001EB600016AF099208903846651001F011
:10775000C5FD304600213A4614F03EFD4FF41D7041
:1077600005FB00F04AF25341C7F65C3150FB01F0D3
:107770005022010B01EBD07000210230ADF85A000D
:10778000304614F09BF90DF164080746404649461F
:1077900047F6FF72002302F00FFF4046002101F080
:1077A000A9FD0290B9F80000328BF18A3844738B3E
:1077B000ADF85000D01BADF85400C819ADF8520018
:1077C000D81B0DF13808ADF8560014A9404647F60D
:1077D000FF72012302F0F0FE4046002101F08AFD15
:1077E000BDF95A10019001FA87F001EB6401C0EB7A
:1077F0006400079106900CA840F214050430C2F210
:1078000000054FF0000A4FF0000B0590049657E07A
:107810008DF862008DF863008DF830009DF86310DC
:107820009DF8622001F0FC019DF83000C90041EA9A
:10783000D20100F0F80041EA00204BF30F28ADF828
:10784000580040461BF060FE079D5A2105FB00F0E2
:1078500001EB1B21099C0FFA81F904EBD030ADF844
:10786000300048461BF050FE05FB00F0089D05EB7C
:10787000D030ADF8320040461BF046FE069F07FBB5
:1078800000F004EBD030ADF8340048461BF03CFE6D
:1078900007FB00F0059B05EBD03016A9ADF83600CC
:1078A0000A980CAA01F00AFD0B9840F214050AF19F
:1078B000030AFE280BF5876BC2F2000580F08C816D
:1078C00068881FFA8AF200218DF830108DF8631055
:1078D0000B9290428DF862101CBFFF20287096F822
:1078E0003C00A5F802A000F00302DFE802F003115B
:1078F000230300BF2878904264D140F21040C2F2C6
:10790000000090F800C04078BCF1000F77D17FE70D
:107910002878012840F0BA8040F21040C2F20000FE
:10792000B0F802C040785FFA8AF3002B40F0D380B1
:107930006EE700BF2878022840F0068140F210412F
:10794000C2F200010878B1F802C0002800F01F81DF
:107950001FFA8CF3022111EA13220CAF3A460DF103
:1079600062014FF0060504BF0A463946042705EABE
:10797000132517EA13260DF16307C3F300233E46D0
:10798000B5FA85F508BF164608BF3A466D0983F07B
:1079900001040F4665401CBF17460A4680F0FF01F0
:1079A0000AFB01F1002B4FEA112187F800A031708A
:1079B00040F002815FEA0C6100F00C81CCF1000123
:1079C000C9B2FBE096F8260048F6D741C0F20201A2
:1079D00000FB01F096F82730070CC0F3074C03FBBF
:1079E00001F040F21041030CC0F30740C2F2000165
:1079F0000F704B702A70BCF1000F3FF409AF0AEB17
:107A00004A020221530011EA13220CA90A460DF181
:107A100062074FF0060504BF3A460F46042105EA07
:107A2000132511EA13260DF16301C3F300240E465A
:107A3000B5FA85F508BF164608BF0A466D0984F0F9
:107A40000101694039461CBF11463A4608708CF066
:107A5000FF0101FB00F14FEA1121317054B9190601
:107A60000FBF4FEA0C21594201F0FE010CFB01F15E
:107A700004E000BF03F0FE0101FB0CF181F47F4143
:107A8000049E090A01FB00F0A0E000BFB08C42F6A2
:107A9000835100EB4000C0F2D8214002A0FB01015D
:107AA00096F827004FEA910C48F6D741C0F2020140
:107AB00000FB01F040F21041C2F20001020CC0F3E1
:107AC0000740A1F802C04A70012129705FFA8AF3C9
:107AD000002B3FF49DAE1FFA8CF7022111EA17220A
:107AE0000CA90A460DF162064FF0060404BF3246A7
:107AF0000E46042104EA172411EA17250DF163014B
:107B0000C7F300270D46B4FA84F408BF154608BF32
:107B10000A46640987F00101614083F0FF033146A2
:107B200000FB03F31CBF114632460870190A297086
:107B3000A7BBCCF10001C9B201FB0AF35FEA0C61FB
:107B400008BF4FEA0A232DE0B08C42F6835100EBC8
:107B50004000C0F2D8214002A0FB010196F82600A7
:107B60004FEA910C48F6D741C0F2020100FB01F048
:107B700040F21041C2F20001020CA1F802C00A70EA
:107B80000221C0F30740297000287FF4E1AE8DF890
:107B900062A08DF863A08DF830A03FE65FFA8CF10B
:107BA00001FB0AF3D94389B2049E090A01FB00F0E4
:107BB000000A107032E600BF5FFA8CF101FB00F0A2
:107BC00080F47F40000A049E00FB0AF0000A107057
:107BD00024E600BF0002F3E719A801F0FDFD0EA89E
:107BE00001F0FAFD029803F041F8019803F03EF825
:107BF000039C20460AF034FB064620460AF01EFB92
:107C000019AD8046284603F05FF830464FF4403106
:107C10002A4614F041FB96F82C0047F6FF71C00786
:107C2000ADF8641008D0B08C96F8261096F827208E
:107C3000FFF7D0FBADF8680030460021502213F06A
:107C40003DFF81B2122200EBD1304FF4403105B23A
:107C5000304613F033FF814630464FF44031132253
:107C600013F02CFF074630464FF44031102213F03A
:107C700025FF044630464FF44031112213F01EFF19
:107C8000B18A328D09EB65031144CA1AADF8382068
:107C9000F28A738D07EB65071A44D31B04EB650763
:107CA00000EB650039441044ADF83C10ADF83E00DF
:107CB00019A90EAA4046ADF83A3002F0EBFF27B002
:107CC000BDE8F08F28460AF0C9FA0168054604F1BC
:107CD000140047F6FF72F0F7FBFD287127B0BDE8EE
:107CE000F08F00BF28460AF0B9FA017802291CBFBC
:107CF0000121017027B0BDE8F08F00BF28460AF0CF
:107D0000ADFA0546204614F085F82988AA8880B285
:107D1000511A013189B288420AD1204613F098F8ED
:107D20006988EA8880B2511A013189B28842E1D06B
:107D3000204627B0BDE8F04F1EF0FCBD142818BF48
:107D40001228D7D194F83C30A08C94F8261094F8DF
:107D5000272003F00303DFE813F0050023012901C6
:107D60002E0100BF0028A0F1010008BF4FF4B4703D
:107D700021E100BF19A928460DF008F8BDF864609C
:107D8000286832B2B4F93830017ED01A48BF404278
:107D9000884209D8BDF96620B4F93A3090B2D21AB7
:107DA00048BF52428A4208D91AF05AFF6063BDF8B0
:107DB0006460BDF8660026876087E28AA18A801A1F
:107DC000711AADF866002046ADF8641014F022F880
:107DD00086B220460021502213F070FE82B2BDF818
:107DE000641000EBD232C0EB560012B2BDF8663020
:107DF000A0EB5202A1EB560112B2A3EB560307B25D
:107E0000ADF86410412AD8BF4122412FD8BF0246A5
:107E100013FB03F7606B11FB017612FB02F7ADF861
:107E200066301AF005FFBE4214D22968898B884259
:107E30007FF660AF94F83C0040073FF55BAF20460B
:107E40001CF070F90CF088FF0DF0CCFC27B0BDE8F9
:107E5000F08F00BFBDF96400BDF96610FCF782FC2D
:107E600094F83C6042F6835100FB01F1A78C94F832
:107E700026E094F827C006F00306890D4FF4B4728B
:107E800001FB1205384672466146DFE806F003A999
:107E9000B3BC00BF2846B6E0571C4FF4247607FB5E
:107EA00006F66425360C06FB157609E04F1C4FF4E8
:107EB000247507FB05F54FEA154C64250CFB157C72
:107EC00046F61745C708C1F2C165A7FB0575AF089F
:107ED000B0F5B47FF6B24FF4B47588BF07FB150058
:107EE000642E5FFA8CF74FF0640528BF2E46642F8E
:107EF00038BF3D46834208BFB2420BD0A084204623
:107F000084F8266084F827501EF014FD204614F0F3
:107F100039FB5CE0A9423FF4EDAEEFE7642601E0F7
:107F20004FF0640828460DF05DFCB8B242F683516C
:107F300000FB01F14FF4B472890DB0F5B47F88BF36
:107F400001FB12776420642E28BF0646A18CBAB2CA
:107F5000B8F1640F38BF4046914207D194F826101B
:107F6000B14203D194F82710814212D084F827003F
:107F70002046A78484F826601EF0DCFC204614F01E
:107F800001FB20461C2100220AF06EF901287FF433
:107F9000B1AE1AF065FE206327B0BDE8F08F00BFD8
:107FA0000029A1F1010108BF642104E0002AA2F127
:107FB000010208BF64221206C9B242EA014180B23E
:107FC0000144204600F052F800283FF493AE2046CA
:107FD0001C21002227B0BDE8F04F0AF045B900BFD0
:107FE000642205FB02F242F6835392B202FB03F2D3
:107FF000920D08E0642105FB01F142F6835389B23A
:1080000001FB03F1890D83B242F6835503FB05F5AD
:10801000B3F5B47F4FEA95554FF4B47688BF05FBAE
:10802000160083B2642A4FF0640528BF2A466429EB
:1080300038BF0D469F4208BF964513D0A084204606
:1080400084F8262084F827501EF074FC204614F093
:1080500099FA20461C2100220AF006F927B0BDE853
:10806000F08F00BFAC453FF445AEE7E710B58CB2EA
:1080700042F6835204FB02F34FF4B4729B0D4FEAB5
:10808000114C03FB1212B4F5B47F01F47F044FEAE4
:10809000116388BF91B28AB2B4F5C80F88BF4FF0A0
:1080A000640C848C642B88BF642394420BD190F8B9
:1080B00026205FFA8CF4A24205D190F827209A423C
:1080C00004BF002010BD818480F826C080F82730CE
:1080D00004461EF02FFC204614F054FA012010BD77
:1080E000F0B581B00E461C211C461546074610F01F
:1080F00079FAC7E90065C7E9026401B0F0BD000084
:1081000010B55021044610F06DFA40F240114FF0C6
:10811000FF30C0F2F001C4E9001020693721CFF62A
:10812000FE71084044F20811084320614FF4FC60DE
:1081300020874EF279300022C0F601005821A2605B
:10814000C4E91000A16410BDF0B581B0054640F24D
:108150009420C2F20000F1F793FE002848D00446B4
:10816000E86B50B9A86C0FF0D9FB002844D0064644
:108170002A6C284631469047EE6320464FF4B4718E
:1081800010F030FA0120C4F8540104F5AC70082155
:108190002560F1F76DFE40F24C66C2F2000648F62B
:1081A00059203768C0F600001E21224634601AF0BC
:1081B000D1FD6060F0B1286981070CD5E968B5F997
:1081C0000020B5F90230C96803FB02F291423CBFBE
:1081D00020F0020028614FF6FF706085FF2084F8D0
:1081E00029001AF007FD48B11AF0A6FC18E000BFFC
:1081F000FEE700BFFEE700BFFEE700BF052016F068
:10820000B1FB0546002016F0ADFBA9B282B242F6E2
:10821000B8152046C0F60405002300951AF09AFC14
:10822000A060002012F00EF82061002012F00AF881
:10823000E061002012F006F8E1694FF6FF75C0F228
:108240000F052062084600212A4615F04FFC206ADF
:1082500000212A4615F04AFCE069022111F066FF70
:10826000206A022111F062FFE069002116F05EF839
:10827000206A002116F05AF8206914F083F921468B
:10828000002F18BF3946606831601AF059FE204649
:1082900001B0F0BDC068002101614161704700007C
:1082A00040F24C60C2F200000068704740B940F2F2
:1082B0004C60C2F200000068002804BF82207047B2
:1082C00000680069C0F3C910704700000068C0680A
:1082D0007047000028B940F24C60C2F2000000680C
:1082E00060B100680222016942EA111101F0030144
:1082F00003290CBF4088008800B27047002000B2FC
:108300007047000080B528B9FFF7CAFF002804BFF6
:10831000002080BD006A80BD80B528B9FFF7C0FF8E
:10832000002804BF002080BDC06980BD30B1014677
:1083300040F29420C2F20000F1F78CBD40F294208C
:10834000C2F20000F1F75EBD80B528B9FFF7A8FFC3
:10835000002804BF002080BD006980BD80B528B919
:10836000FFF79EFF002804BF002080BD406980BD4C
:1083700080B5002808BFFFF793FF806880BD00002C
:1083800028B940F24C60C2F20000006860B1006899
:108390000222016942EA111101F0030103290CBF15
:1083A0000088408800B27047002000B2704700008B
:1083B00080B528B9FFF774FF002804BF002080BDF6
:1083C000D0F8541100200029C8BF012080BD000052
:1083D00080B582B04FF0000C002100220023CDF8C0
:1083E00000C017F053F902B080BD000010B591F83D
:1083F0000CC0BCF1030F0DD3DDE902CEF44508BF7C
:1084000010BD4C8834B14469CDE902CEA446BDE824
:108410001040604710BD000010B51021044610F058
:10842000E1F8FF2020734FF48030206010BD000081
:108430002DE9F04F83B08B460C9915460F9F03F53D
:10844000B4728A4282460FD1AAEB05003880ABEBAA
:108450000500788005EB0A00B88005EB0B00F8807A
:1084600003B0BDE8F08F00BFDDE90D24B3F5B470B3
:1084700098BF1846B1F5B47398BF0B4691B2012767
:1084800002EBD131002C09B218BF07EB610487B2AF
:108490000FFA80F90FFA83F89BB242F6835007FB7C
:1084A00000F103FB00F6C1F30750C6F3075104289F
:1084B00008BF0320042908BF03219F42A5EB020740
:1084C00034D8884232D1032850D8DFE810F00500B4
:1084D0000B01B500E50000BF48461BF015F810FB86
:1084E00007F0ABEB040101EBD0300F9E708009F177
:1084F0005A0000B21BF008F810FB05F004EB0A016B
:1085000001EBD030B08040461AF0FEFF10FB05F0C2
:1085100004EB0B0101EBD030F08008F15A0000B2FF
:108520001AF0F2FF10FB07F004E100BF002808BFBB
:1085300001291FD00128029708BF022950D0022824
:1085400008BF032900F0FE80032808BF002900F0BF
:108550002B810F99AAEB05000880ABEB0500488042
:1085600005EB0A00888005EB0B00C88003B0BDE86E
:10857000F08F00BF08F15A0000B21AF0C5FF10FBDF
:1085800005F0AAEB040101EBD0300F9E308040468D
:108590001AF0BAFF3E46074648461AF0B5FF874232
:1085A000A8BFC84640461AF0AFFF10FB06F0ABEB81
:1085B000040101EBD0300F9E708009F15A0000B227
:1085C0001AF0A2FF10FB05F004EB0A0101EBD0301A
:1085D000B08005EB0B002044F08003B0BDE8F08FC5
:1085E00028190F9EAAEB0000308040461AF08CFF3D
:1085F00010FB05F0ABEB040101EBD030708009F10A
:108600005A0630B21AF080FF08F15A07019038B2CA
:108610001AF07AFF01998142C8BF374638B21AF082
:1086200073FF02990F9E10FB01F004EB0A0101EBAE
:10863000D030B0804846E1E009F15A0000B21AF0AB
:1086400063FF10FB05F0AAEB040101EBD0300F9E95
:10865000308048461AF058FF10FB07F004EB0B017E
:1086600001EBD030F08040461AF04EFF10FB05F0D1
:10867000ABEB040101EBD030708008F15A0000B27E
:108680001AF042FF10FB07F004EB0A0101EBD030B7
:10869000B08003B0BDE8F08F09F15A0000B21AF0C3
:1086A00033FF10FB07F0AAEB040101EBD0300F9E63
:1086B000308048461AF028FF10FB05F0ABEB0401B0
:1086C00001EBD030708008F15A0000B21AF01CFFA4
:1086D00010FB05F004EB0A0101EBD030B0804046FE
:1086E0005CE000BF48461AF00FFF10FB05F004EBFA
:1086F0000B0101EBD0300F9EF08009F15A0000B25F
:108700001AF002FF10FB07F004EB0A0101EBD03076
:10871000B08040461AF0F8FE10FB07F0ABEB040106
:1087200001EBD030708008F15A0000B21AF0ECFE74
:1087300010FB05F0AAEB040101EBD030308003B050
:10874000BDE8F08F09F15A0000B21AF0DDFE10FB0F
:1087500005F0AAEB040101EBD0300F9E3080281900
:10876000ABEB0000708008F15A0000B21AF0CCFEAA
:1087700010FB05F004EB0A0101EBD030B08040465D
:108780001AF0C2FE029F10FB07F548461AF0BCFE25
:1087900010FB07F08542C8BFC14648461AF0B4FE38
:1087A00010FB07F02EE000BF08F15A0630B21AF0B5
:1087B000ABFE09F15A07019038B21AF0A5FE0199F3
:1087C0008142B8BF374638B21AF09EFE02990F9E1A
:1087D00010FB01F0AAEB040101EBD03030804846D9
:1087E0001AF092FE10FB05F0ABEB040101EBD03068
:1087F000708005EB0A002044B08040461AF084FEE9
:1088000010FB05F004EB0B0101EBD030F08003B05E
:10881000BDE8F08F2DE9F04F9FB09146002B054643
:1088200000F04381C87A0F460328C0F05A81EC69F2
:1088300064B1284639464A461E46A047012800F042
:108840005081F87A33460328C0F04B813A69398960
:108850001846F0F7E7FC002800F027818346007DEA
:1088600000F01F000238122800F2CC800624DFE856
:1088700000F00B0CC90B0C0B0B0B0B0B0B0BC1C93A
:10888000C9C9C9C9BF0000BF0524DBF82060FEB11B
:1088900011AF384602F018FA4FF0FF30ADF848003B
:1088A000284639464A4602F0F5F909AF384600F045
:1088B0008FFC0024284639464A463346009400F08F
:1088C00027F958460BF082FC1FB0BDE8F08F00BFBF
:1088D000DBF8180000285BD0B7F90030B9F80000C9
:1088E000B9F80210B9F80420B9F80660B7F802C068
:1088F000002BADF84400ADF84610ADF84820ADF8B7
:108900004A6008BFBCF5807F23D0101A711A01306D
:108910004A1C01B212B23E1D11A8CDE900C6F0F703
:10892000FDFBB9F80000BDF84410B9F80220BDF80D
:1089300046300144ADF844109918BDF84830ADF800
:108940004610BDF84A101844ADF848008818ADF834
:108950004A00A9680DF1240A11AA5046EFF7C8FE93
:108960000028AED0AE69D5F80880C5F808A036B1A9
:10897000DBF81830284639464A460094B047C5F817
:10898000088058460BF022FC1FB0BDE8F08F00BFF6
:10899000A96811A84A46EFF7ABFE002891D0BDF8B0
:1089A0004400BDF848100394081A013000B2059045
:1089B00000EB40000FF000F8044611981299D5F82A
:1089C000088009900A9109A80121FBF7BFFEBDF9B3
:1089D0004600BDF94A1088421ADD2046C5F80880D5
:1089E0000FF040F958460BF0F1FB1FB0BDE8F08FD7
:1089F00014244AE7388838B97888B0F5807F03D1E5
:108A00000E2442E7042440E70020CBF818003BE79F
:108A1000BDF84410B9F80020A0F1010A891AB9F88C
:108A2000022009B20491811A069112E0BDF82600D5
:108A3000BDF82A100130ADF82600481CADF82A0018
:108A4000069801300690BDF94A000AF1010A8245F4
:108A5000C3DA07A8414609AAEFF74AFE0028F2D078
:108A60000698DDE9041302B2584600940BF088FC26
:108A700001280FD1AE6907A8002EA860D6D02346E2
:108A8000A446039C2846394609AA00946446B04788
:108A9000CCE700BF58460BF099FB20460FF0E2F8F8
:108AA00058460BF093FBC5F8088011AE304602F033
:108AB0000BF94FF0FF30ADF84800284631464A46E2
:108AC00002F0E8F809AE304600F082FB43F21E23C4
:108AD000002728463146C0F604034A46009700F0B6
:108AE00017F81FB0BDE8F08F10B5182104460FF03D
:108AF00079FD00202081FF20217DE0724FF48070FD
:108B0000608041F00100207510BD0000704700003A
:108B10002DE9F04FB5B00D46897E13900329C0F0C2
:108B2000538328680028129000F04E831398006A3F
:108B3000002800F0498305F1140E9B46174695E87E
:108B40004F009EE810500DF1B408BBF1000F88E80B
:108B50004F00CDE9324CCDF8D0E000F035839BF8E2
:108B60000000002800F030831398394682682BA853
:108B7000EFF7BEFD002800F02783287F6E7FDDF829
:108B8000F880012898BF01200690B00704D43888E7
:108B9000B988091A013110E0B5F912002A68B5F94F
:108BA000143041F6FF71CDE9000118A8594602962C
:108BB0001AF0DAFCBDF860103888129A2B8BB2F9E3
:108BC0000890B5F91220ADF8A8004A440992B7F907
:108BD0000220E88AB8F1000F059003EB02004FF085
:108BE000000CADF8AA0023D013BBB2F1FF3F4FF049
:108BF00000061EDCD8F808309A1A48BF5242099C79
:108C00004FF48063A3EB44039A4205DD4FF0FF303D
:108C1000C8F800000DE000BFD8F80020002A08D4F2
:108C20001646B8F804201044ADF8AA0001E000BFD1
:108C30000026B5F914206C7F0BB212990BEB0600DD
:108C40000893CDE900C4F1F7B1FC1399BDF9AA204E
:108C500089684A44B1F9021084198A42079735DAC3
:108C6000B8F1000F00F090824FF0000AB5F914201F
:108C70006E7F27465C441299089B2046CDE900A6EA
:108C8000F1F794FCBDF8AA10099A0A4411B2ADF8A4
:108C9000AA2011F5806F0CDBD8F80020B2F1FF3F5D
:108CA00007DC079AC8F80070B2F902208B1AC8E9ED
:108CB00001322278002A00F08782139A4944926890
:108CC000C419B2F902209142D0DB00E03746069881
:108CD00003281FD0DDF81CA002283E4633D10BEB41
:108CE0000600B5F9143031466E7F129A611A00966B
:108CF0001AF0AAFCBAF80010BAF80420511A01318F
:108D000009B2081A00EBD070BDF8A81001EB6000A2
:108D100016E000BFB5F914306E7F129A0BEB070016
:108D2000E11B00961AF090FCDDF81CA0BDF8A830FD
:108D3000BAF80010BAF804200844101A1844013098
:108D40003E46ADF8A800D5E901021146904288BF21
:108D500001461091A97F38BF0246119288071BD0A7
:108D60000DF19E0000F0BAFA1298A989807B0128C3
:108D700098BF012040B2ADF89E10ADF8A000A87ECB
:108D8000A97F8DF8A6009DF8A700C1F3C10100F0EE
:108D9000FC0008448DF8A70018A801F095FF288A68
:108DA0001199ADF864004FF6FF70091ABDF8A830AC
:108DB00018BF0121109A4FF00009101A18BF0120A6
:108DC00001EA00080998002101380C901846049324
:108DD0000A910F91CDF838B025E000BFB5F91430F5
:108DE0006F7F129A3046214600971AF02DFCBAF890
:108DF0000010BAF80420BDF8A8300844101A18442E
:108E00000130ADF8A800BDF8AA10099A0B9E1144D4
:108E1000139AADF8AA10926809B2B2F90620344448
:108E2000914200F3D1811BF80610002900F0CC819B
:108E30000599B4420844ADF8A8004FF00000269010
:108E40000B9440F07F80A87F810724D52868BDF867
:108E5000A0200089BDF8AA1000EBD03002EBD2327E
:108E600000B217AB01EB600011B2049A00EB610095
:108E7000BDF8A810ADF85200ADF85E001398ADF83B
:108E80005020ADF85C100DF19E0114AAADF89E9033
:108E900000F014FAA87FDDF838B0DDF81CA0C00798
:108EA0001ED00498129BADF850002868BDF8AA1097
:108EB0000289408993F90D3011441844081ABDF80D
:108EC000A810ADF85200ADF85E001398ADF85C1034
:108ED0000DF19E0114AA17ABADF89E9000F0EEF9CB
:108EE0000B98B5F914206F7F0BEB00061299089BC5
:108EF00030460024CDE90047F1F758FB06990446B7
:108F0000BAF800000329ADF8A8003FF467AF0229C2
:108F10007FF479AFB5F914306F7F129A304621464D
:108F200000971AF091FBBAF80010BAF80420511A11
:108F3000013109B2081A00EBD070BDF8A81001EB9E
:108F400060005EE7B3440D96A4EB060A002605E038
:108F5000002600BF26985045BFF475AFB8F1000F4A
:108F60000AD040F27001C2F200010A680D99014472
:108F70000E989047044600E00024584617A916AA08
:108F800026ABF1F7F5FA687F1799C00746D1B5F817
:108F90000C90022E0F9808BF8146169A129809F07D
:108FA000B1FB11998C424FF0000128BF0121109AAA
:108FB00094424FF0000238BF0122114001EA08013B
:108FC0000129044618D1BDF8A800AA8AADF85000BE
:108FD000204410440138BDF8AA10ADF854000C9894
:108FE000ADF852100844ADF85600139818A914AA09
:108FF00001F050FEB5F80E901398179B076A2DA943
:109000002AAAADF8C090B847002CA3D0A88ABDF812
:10901000A81020440844ADF8A8009BE7232909D1F3
:10902000022E95D0012E63D1B5F80C900026232195
:10903000B3E700BF012EAAD120295DD126980A9A54
:10904000801A07285AD11BF80200A0F1300C5FFAF1
:109050008CF10A290BD3602888BF2038A0F1410188
:10906000C9B24FF0000C062938BFA0F1370C0BEB4A
:1090700002014E788878A6F13002CC780B7991F80D
:1090800005E0D1B20A293DD2A0F13006F1B20A2999
:1090900048D2A4F13000C1B20A2953D2A3F130045E
:1090A000E1B20A295FD2AEF13003D9B20A290CD35A
:1090B000BEF1600F88BFAEF1200EAEF14101C9B222
:1090C0000023062938BFAEF137034FEA0C111143D4
:1090D0003201104322011A4300F0FC00D2B2C0005A
:1090E00040EAD20001F0F80140EA012007E000BFA9
:1090F000269801260A902DE701262BE7A8890F90D4
:10910000022627E7602E88BF203EA6F14101C9B2A2
:109110000022062938BFA6F13702A0F13006F1B2CD
:109120000A29B6D3602888BF2038A0F14101C9B20E
:109130000026062938BFA0F13706A4F13000C1B2DD
:109140000A29ABD3602C88BF203CA4F14100C0B2F7
:1091500006284FF0000038BFA4F13700A3F1300417
:10916000E1B20A299FD3602B88BF203BA3F14101C4
:10917000C9B20024062938BFA3F13704AEF1300389
:10918000D9B20A2994D2A0E700262746B5F91420BF
:109190006C7F1299089B0BEB0700CDE90064F1F797
:1091A00005FABDF8AA101BF80720099B1944ADF871
:1091B000AA104AB1139A09FA81F19268C419B2F956
:1091C00002209142E1DB82E535B0BDE8F08F00007E
:1091D000B0B5202104460FF005FAFF20A07642F634
:1091E000B810C0F604004FF6FF710025C4E9000175
:1091F0000520C4E9021515F0B5FB2082E576B0BD67
:10920000036C002B08BF704718470000436C002B0D
:1092100008BF704718470000F0B581B00546C06B25
:1092200048B3E86C0F4616460EF078FBF0B1E96CD7
:1092300004460FF0D7F9F1F71DF9D5E90013AA6834
:1092400000682162C4E90623007C3246C0F3801026
:1092500084F8240038687968C4E90001EB6B28467B
:109260002146984720B101B0F0BD00BFFEE700BF26
:1092700020460EF051FD002001B0F0BDB0B50C4607
:10928000054608F073FBD4E90602216AA860C5E927
:109290000012F1F7EFF8016894F824300A6922F01F
:1092A000400242EA83120A61AA6C12B128462146A2
:1092B00090472046BDE8B0400EF02EBDB1F802C088
:1092C000BCF1000F08BF704791F808C0BCF1030F54
:1092D00000D27047D0F824C06047000010B50A21C2
:1092E00004460FF07FF9FF2020724FF48030206099
:1092F00010BD000040F2884CC2F2000CDCF80030D7
:10930000A3B3DCF808309BB3DCF8103093B3DCF87F
:1093100018308BB3DCF8203083B3DCF828307BB313
:10932000DCF8303073B3DCF838306BB3DCF8403045
:1093300063B3DCF848305BB3DCF8503053B3DCF88F
:1093400058304BB3DCF8603043B3DCF868303BB3E3
:10935000DCF8703033B3DCF87830002B1EBF4FF6EA
:10936000FF7318B270470F231DE000BF00231AE0FF
:10937000012318E0022316E0032314E0042312E083
:10938000052310E006230EE007230CE008230AE083
:10939000092308E00A2306E00B2304E00C2302E083
:1093A0000D2300E00E230CEBC3024CF8330018B27F
:1093B000516070472DE9F04F81B0DDF828A0984644
:1093C000BAF90C40BAF90850BAF90A70A6B2A2EB81
:1093D0000709B32CA5EB010C12DDB42E24D1032513
:1093E000BA42B8BF0125BAF80E30002B5BD0B42BBF
:1093F0004CD1BAF90A1001208A42B8BF032072E0AA
:10940000BAF90E5034B2AC4203DD002D18BF002E65
:1094100050D1EEB90125BA42B8BF0325BAF80E30D3
:10942000002BE4D13FE000BFBAF90E50B52D0FDBA1
:109430001FFA85FB34B20FFA8BF5AC4208DDBA4255
:1094400040F38A800121084601B0BDE8F08F00BFDB
:1094500033B20026B32B4FF00003C8BF0123BA423A
:10946000A8BF0126B34219D00AF1100443460646AC
:109470000D461746009400F003FA29463A46054681
:109480003046BAF80E30002BB1D10CE01FB2B32F2A
:109490001ADCBAF90A309A421CDA23E00325BAF83A
:1094A0000E30002BA3D1BAF90A1003208A42B8BFAC
:1094B000012018E0B32DACDCBA4231DA01210846B4
:1094C00001B0BDE8F08F00BFB42B03D0BAF90A3069
:1094D0009A4207DA0AF13C074346009700F0D0F9B8
:1094E00001E000BF0320002D4FF0000118BF00284D
:1094F00004D1084601B0BDE8F08F00BF032D08BFBE
:109500000328F6D085F0010180F0010008434FF0F8
:10951000020108BF0121084601B0BDE8F08F00BF7D
:10952000DAF85470DAF828B007FB09FE09F10107F0
:109530000BFB07F7012C4FEAA72751DB5A2E4FF000
:10954000000401D8002F4CD4002F48BF3C465A2EAF
:1095500098BF3C4645E000BFDAF82840DAF854707E
:1095600009F1010504FB05F407FB09FEB6F5877F49
:109570004FEAA42406D9F5082C2D03D8002C01D5D8
:10958000002707E02746002C58BF0027B6F5877F45
:1095900028BF27460AF11009BBF5877F4FEAAE26A0
:1095A00008D94FEADB052C2D04D8002F02D5002462
:1095B00008E000BF3C46002F58BF0024BBF5877F62
:1095C00028BF3C46371B04EB0C0606EB67079F429F
:1095D000B8BF3B46012B3FDB0AF13C0C20E000BF4B
:1095E0003C460AF13C09012D4FEAAE260CDB5A2D10
:1095F0004FF0000701D8002C07D4002C48BF2746A5
:109600005A2D98BF274600E02746F61B674407EB14
:1096100066079F42B8BF3B46012B1DDB0AF1100CC9
:109620001CB29B46234605460E461746CDF800C0A1
:1096300000F026F904465B4631463A462846A246E3
:1096400064B9284619460EF0CDFF5B4628463146E0
:109650003A464FF0000A01E04FF0010A23EAE373B3
:10966000CDF80090C518C818A8EB030401B223B2C6
:10967000284600F005F9064618B9284621460EF09E
:10968000B1FF5146B24518BF0221084601B0BDE8FE
:10969000F08F00002DE9F04F83B08B4606460C9901
:1096A000B3F5B37F40F2671098BF1846002B40F225
:1096B000671748BF0020B1F5B37F98BF0F46002958
:1096C00048BF0027391A38BF01F5B471A6F86810F1
:1096D00049F2B531C0F6010131600121B3284FF0E4
:1096E0000004B081F781A6F808B07281317188BF9B
:1096F00001240021B42F38BF0121B0F1B40502913B
:1097000098BF054605F15A0000B2924606F11009CD
:1097100019F0FAFE0BEB501828B219F0F5FE0AEB1F
:1097200050100FFA88F305B2484659465246CDE923
:10973000005400F043FBB7F1B40498BF3C4604F179
:109740005A0000B23C3619F0DFFE0BEB501520B288
:1097500019F0DAFE0AEB50102BB207B23046029E27
:1097600059465246CDE9007600F028FB03B0BDE82B
:10977000F08F00002DE9F04F81B0914640F2884211
:10978000C2F200021668FEB198468A46834602F18C
:10979000080500243768584651464A464346009615
:1097A000B847A8B1023855F8086BB0FA80F0400904
:1097B000002E44EA0004EDD1E0074FF0010018BF8D
:1097C000022001B0BDE8F08F012001B0BDE8F08FAC
:1097D000002001B0BDE8F08F017905290ED00229E3
:1097E0000AD14169002908BF70470A69B2F1FF3FF9
:1097F00008DD486901384861704700BF80680EF095
:109800008BBA00BF10B54968044608460EF084FACA
:109810006069BDE810400EF07FBA000030B370B54B
:1098200040F2884604460025C2F2000604E000BF6C
:10983000EEF7FAFF88B917E056F8350068B10179FC
:10984000022911D1817CB0F91020C90700F108016B
:109850002046EDD1EEF77CFF30B10135102D04BF6D
:10986000002070BDE8E700BF012070BD40F28840D5
:10987000C2F200000068002818BF012070470000F5
:109880002DE9F04381B0DDF820C0BCF814709CF8DD
:109890002890D21BBCF8127014B2C91B0FFA81FEBB
:1098A000DCF82010B1B15FEAC97131D1DCF8186081
:1098B000012706FB04F5002E4FEAA5221146C8BF7A
:1098C00007EBA52171453BDAC9F34002104601B010
:1098D000BDE8F0839CF810705FEAC97107F00301DE
:1098E00026D1BA0726D4012902D1BEF1000F21DC0E
:1098F00000290EEB030100F0F980002900F1B68188
:10990000CEF1000121EAE171994280F2AF81A4E138
:10991000DCF81C1001FB0EF501294FEAA52549DBF7
:10992000A5424FDDC9F34002104601B0BDE8F08307
:1099300002297BD20122104601B0BDE8F08300BFAE
:109940000EEB03018A4200F38C804FF4807202EB2D
:109950000422210206FB01F106FB02F74FEAA148AF
:10996000C1F38725BC14CEEBA141A04509D0B6F1C7
:10997000FF3F00F38F80002D40F08C800139FF25E0
:10998000A046002900F1E880994280F2E5804FEA84
:109990008914C7F3872264B22A44E41184EA52048A
:1099A000425CE4B2FC2C00F2D480032C80F0CA802C
:1099B0000022CEE0A5424DDAC9F34002104601B0C4
:1099C000BDE8F0830EEB030501FB05F1B4EBA12F1D
:1099D00047DCDCF8181004FB01F10902C1F387240D
:1099E0008914002C51D0DCF8245084F0FF0405FBCE
:1099F00004F6FF25A5EB2625B1EB0E0100F1CA8088
:109A0000994280F2C7803712C9F3400207FB04F77E
:109A1000013A82EA5727425CFFB2FC2F00F2B9807C
:109A2000032F80F0AF800022B3E000BF032903D0F2
:109A3000B4F1FF3FFFF67EAFC81E21B2B0FA80F04E
:109A4000002240090029C8BF01220240104601B08F
:109A5000BDE8F0830EEB030501FB05F1B4EBA12F8C
:109A600006DA012020EA5902104601B0BDE8F08371
:109A70004FF4807101EB0421DCF8184004FB01F184
:109A8000C1F387248914002CADD1A1EB0E01FF2571
:109A90000C4680E0B1F1FF3F4FF000044FF00002B0
:109AA000C8BF01249942B8BF0122B6F1FF3F04EAC2
:109AB000020429DDDCF81C2085F0FF0702FB07F219
:109AC000002C4FEAA22600F0EB80C9F3400206FB0F
:109AD00007F7013A82EA5727425CFFB2FC2F00F2F7
:109AE000DC80032F80F0D2800022D6E000293FF5F1
:109AF00021AFBEF1000F00F3B980CEF100029A420F
:109B000080F2AD801044A8E0DCF81C20002C05FB9E
:109B100002F2C2F100024FEAA22600F00B814FEAE6
:109B2000891252B206FB05F4D21182EA5424425C37
:109B3000E4B2FC2C00F2FB80032C80F0F1800022C8
:109B4000F5E000BF04FB02F248F2810402FB04F2DC
:109B5000D20D42549CF828905FEA89720CD4994245
:109B60001A46B8BF4A1C002A00F08080012A76DB22
:109B70001044991A71E000BFA8EB0E01994275DA02
:109B80007AE000BF07FB02F248F2810702FB07F20E
:109B9000D20D42544C1CDCF8247048F281020CE0D7
:109BA00007FB06F707FB02F7FF0D0755DCF82470EB
:109BB00001349C42A5EB070516DABD4214DD002CEA
:109BC000F6D49C42F4DA9CF82860A5EB5707B6015E
:109BD00076B287EAE616075DF6B2FC2EE5D8032ECC
:109BE000DED20027E1E700BF9CF828209C4221DA62
:109BF000002C1FD4DCE90676920107FB05F752B270
:109C0000BF0A07FB05F77F0A87EAE67787EAE217CC
:109C1000025DFFB2FC2F0AD8032F01D2002206E01A
:109C200002FB07F248F2810702FB07F2D20D025550
:109C30009CF82820920717D4002114F1020FC8BF06
:109C40000121B4F1FF3F4FEA4102FFF63FAE9C42D3
:109C5000BFF63CAE611C0844591A0EF0C3FC022248
:109C6000104601B0BDE8F083994205DD00221046A0
:109C700001B0BDE8F08300BF002958BF0EF0B2FC70
:109C80000222104601B0BDE8F08300BF07FB02F2DC
:109C900048F2810702FB07F2D20D42549CF828904B
:109CA000B1F1FF3F24DB4F1C9F4221DADCF8182082
:109CB000C6F1FF0602FB06F24FEA8915920A6DB261
:109CC00002FB06F2EE1186EA5226C25DF6B2FC2EC7
:109CD0000BD8032E02D2002207E000BF02FB06F2DF
:109CE00048F2810602FB06F2D20DC2559CF828907C
:109CF0005FEA897208D402319942A8BF1946002947
:109D0000B4D00129A7DAAAE700229942D8BF0122DC
:109D10004FEA42023FF7DAAD00299ED5D6E500BFF3
:109D200004FB02F248F2810402FB04F2D20D425419
:109D30009CF82890012928DB994226DCA6F178427C
:109D4000DCF81840FF3A04FB02F2C6F1FF04920A65
:109D5000C9F3400502FB04F26C1E84EA5225421846
:109D600012F8014CEDB2FC2D0BD8032D02D20024C9
:109D700007E000BF04FB05F448F2810504FB05F48D
:109D8000E40D02F8014C9CF828905FEA897209D42E
:109D90009942BFF6CFADB1F1FF3FFFF660AF0131A1
:109DA00059E700BF6FEA0E01414499424FF00202A9
:109DB0003FF78CAD0129BFF650AF87E52DE9F04F95
:109DC00081B08A46DDE90A652C219946934604460E
:109DD0000EF008FC8BEA060085F003010843B0FA98
:109DE00080F04109701AABEB010100B20BB2834263
:109DF00004DD194652464B4604E000BF01464A4680
:109E000018465346267C05F0030E06F0FC06764401
:109E10002674D61A94F82870354623816081A28171
:109E2000E1816382A08248BF75420A1A11464FF051
:109E3000000348BF514227F001004FF000088D4257
:109E400088BF012300902746204647F81C8F40F822
:109E5000188F49F6810CC0F6010C8D42C4F800C081
:109E600084F8048004D9CA4508D100210EE000BF5F
:109E70000A998B4510D1002116E000BF4FF48011E4
:109E800091FBF6F101FB02F1891239600A9F154638
:109E9000BB450ED115E000BF4FF4801191FBF2F1EC
:109EA00001FB06F189120160CA453546164638465F
:109EB00007D04FF4801292FBF5F202FB06F29212E9
:109EC0000260009821621844DFE80EF00A040208DC
:109ED000012905DB40F0020004E000BF0129F9DBA5
:109EE00000F0FD008A100023002948BFA3EBA10267
:109EF00084F82800626201B0BDE8F08F2DE9F04FD0
:109F000087B0109C0690B4F90A60A07CB24200F0C1
:109F1000010C27DBB4F90E70BA4223DCB4F910A0AF
:109F2000B4F90850B4F90C901FFA85F805EB0A0053
:109F3000884205DC03EB010EA9EB0A00864507DD2C
:109F400006EB0A00904211DCA7EB0A0090420DDB01
:109F5000BCF1000FA5EB010262D19A4240F3888068
:109F60004FF0000C604607B0BDE8F08F951BF8433A
:109F70002EB2524410446469ED435645B8BF0AEB13
:109F80000500E26800B21FFA89FBD4F80490A468C7
:109F900002EB4005A8EB010632F810E034F810702F
:109FA0000AEB08006D88301A5844A5EB0E053844BA
:109FB0002AB2451CF843564409EB0E04BCF1000FCD
:109FC000304441D1002A90467CDD4246A0442EB266
:109FD00004B2042A02F0030002960190CDE9034284
:109FE00078D20021019D002D00F00482C843DDF8E5
:109FF00008E018F80020DDF80C9011EB0E0700F1D6
:10A0000008829F4280F205820698C65D1046FC2EAB
:10A0100000F2FD81032E80F0F3810020F7E100BF04
:10A0200022EAE2708342C0F2C1820144A9EB01013D
:10A0300001310A189A42C8BF191A002900F1B682E4
:10A04000069A1044B0E200BF2DB2002A40DD03950D
:10A0500005B2012A04EB02060492029540F0228127
:10A0600000210498C00740F0AB81DDE902451FE202
:10A07000002A07D406980C4611461D460EF0B2FA87
:10A0800021462B46B9EB010000F1AE81441CA342EE
:10A0900009DD06981A1B20440D4611461E460EF097
:10A0A000A1FA2946334688B24FF0020CA34208BFFA
:10A0B0004FF0010C0221804518BF8C46604607B066
:10A0C000BDE8F08F0FFA85FE0FFA80F9002053E209
:10A0D00004B2EDE147F6FC70104005900BEB070071
:10A0E0005144401A411C0EEB02004844A0F1010EFD
:10A0F00006980FFA81FC00FA81F2651E00216FF0CC
:10A10000030A0FE007FB04F448F2810604FB06F49F
:10A11000E70D00F8027C059804318842A5F104059A
:10A120003FF460AF1EF804791CEB010912D4994585
:10A1300010DA565C3846FC2E0BD8032E02D20020D3
:10A1400007E000BF07FB06F048F2810400FB04F0C3
:10A15000C00D5054681C13D4984211DA0698461961
:10A160007078FC280BD8032802D2002707E000BF34
:10A1700007FB00F048F2810400FB04F0C70D777084
:10A180006FF00100484018F8007019F1010013D475
:10A19000984211DA501844783E46FC2C0BD8032C18
:10A1A00002D2002607E000BF07FB04F448F2810654
:10A1B00004FB06F4E60D4670002D12D49D4210DA21
:10A1C0000698405DFC280AD8032801D2002706E043
:10A1D00007FB00F048F2810400FB04F0C70D06986D
:10A1E00047556FF00200484018F800B019F102001E
:10A1F00012D4984210DA501884785E46FC2C0AD8A3
:10A20000032C01D2002606E00BFB04F448F2810681
:10A2100004FB06F4E60D8670681E17D4984215DA22
:10A220000698284410F8014CFC2C0DD8032C03D2BE
:10A230004FF0000B08E000BF0BFB04F448F281066E
:10A2400004FB06F44FEAD45B00F801BC81EA0A0083
:10A2500018F8007019F1030012D4984210DA50185F
:10A26000C4783E46FC2C0AD8032C01D2002606E016
:10A2700007FB04F448F2810604FB06F4E60DC67001
:10A28000A81E3FF548AF9842BFF645AF0698284450
:10A2900010F8024CFC2C3FF63CAF032CBFF432AF5D
:10A2A000002736E747F6FE70104005900BEB0700DD
:10A2B0005144401A0699013072440FFA80FA4A4418
:10A2C00001FA80F9A1F10108A2F1010B002110E0CF
:10A2D000C0B200FB07F048F2810200FB02F0C00DA3
:10A2E00008F80500059802318842A5F102053FF4FF
:10A2F000B8AE1BF802091AEB010C6FEA000E16D477
:10A300009C4514DA19F801407046FC2C0DD8032C3A
:10A3100002D2002009E000BF5FFA8EF000FB04F0DB
:10A3200048F2810200FB02F0C00D09F80100002D87
:10A3300018D49D4216DA08EB05046078FC280FD883
:10A34000032803D24FF0000E0AE000BF5FFA8EF739
:10A3500007FB00F048F2810200FB02F04FEAD05EFA
:10A3600084F801E06FF001004840305C1CF1010707
:10A370006FEA000016D49F4214DA09EB0107324657
:10A380007E780446FC2E0BD8032E01D2002407E071
:10A39000C4B204FB06F648F2810406FB04F6F40D91
:10A3A00016467C706F1E9DD49F429BDA18F805708C
:10A3B000FC2F95D8032FBFF48BAF002090E700BF90
:10A3C000C843305C039D029C4F196FEA000259D4C8
:10A3D0009F4257DA0698C65D1046FC2E50D8032ED1
:10A3E00046D200204CE000BF4FF0000C604607B0A2
:10A3F000BDE8F08FDDF81080DDE902E9BBE000BFC9
:10A4000002FB06F048F2810600FB06F0C00D069E36
:10A41000F055B9EB010712D49F4210DA0698C05DDF
:10A42000FC280AD8032801D2002206E002FB00F033
:10A4300048F2810200FB02F0C20D0698C255012DC0
:10A4400002D1DDF8108096E0A8EB010C4E1C1CF840
:10A45000027C16EB0E0244D49A4242DA0698845CDF
:10A460003846FC2C3BD8032C32D2002037E000BF0A
:10A47000D0B200FB06F048F2810600FB06F0C00DEA
:10A48000069EF055611A13D4994211DA0698405C81
:10A49000FC280BD8032801D2002207E0D2B202FB2D
:10A4A00000F048F2810200FB02F0C20D069842540F
:10A4B000601C9842A8BF184620EAE0729D42B8BFCF
:10A4C0002B46981A20EAE071069810446CE000BF11
:10A4D00007FB04F048F2810400FB04F0C00D069C69
:10A4E000A054DDF81080B9EB060612D49E4210DAB3
:10A4F0000698805DFC280AD8032801D2002706E0D0
:10A5000007FB00F048F2810700FB07F0C70D069833
:10A510008755022D2FD08F1C1CF8031C17EB0E0241
:10A5200013D49A4211DA0698865C0846FC2E0AD8A3
:10A53000032E01D2002006E001FB06F048F281065E
:10A5400000FB06F0C00D069EB054B9EB070212D412
:10A550009A4210DA0698805CFC280AD8032801D2B7
:10A56000002106E001FB00F048F2810100FB01F050
:10A57000C10D06988154404670449842A8BF1846C1
:10A5800020EAE070069C191A221810461D460EF0AB
:10A5900029F8A9EB08000130A842B8BF054629B246
:10A5A000002D48BF002120460EF01CF84FF0020C91
:10A5B000604607B0BDE8F08F2DE9F04F87B00F88F7
:10A5C000B1F804C04C88C988ACEB07050E1B0135F7
:10A5D00001362DB236B2B542B8BF2E46B2EB660F89
:10A5E000A8BF7210C181817C22EAE27501F0FE01F0
:10A5F0001944817449F6FD61C0F601010160022130
:10A60000012A07814481A0F80CC0058201712FDB6B
:10A6100040F21841C2F200010B8BAFB2BB420B46B5
:10A6200012D08B8E01F11C09BB424B460CD0B1F805
:10A63000503001F13804BB42234605D0B1F86C30EC
:10A64000BB4201F1540319D1D3E9041792B22E0988
:10A65000102A38BF012601373144B1F57A7FA8BFEF
:10A660004FF47A71C3E90417436107B0BDE8F08F76
:10A670000021416107B0BDE8F08F00BF4E690F6B4C
:10A6800036B197B1CF6CBFB34FF0000915E000BFF2
:10A6900040F21849C2F200093FB9D9F81070D9F850
:10A6A0002C60BE42B8BF09F11C09CF6C2FB98F6C6A
:10A6B000D9F81060B742B8BFA1468F6EB7B1B9F1F3
:10A6C000000F22D104461C2016460DF027F958B180
:10A6D0001C2181460DF086FF4FF0FF30C9F81000B5
:10A6E0003246204621E000BFFEE700BFB9F1000F6F
:10A6F00005D1994609E000BF8F6EA1462FB9496E7A
:10A70000D9F81070B942B8BF9946D9F8141093B26D
:10A710002F094FF47A760131B7F57A7F38BF2E09C9
:10A72000102B38BF0126C9E90461D9F8001014467E
:10A730000029C0F81490A9F818501CBF08460DF065
:10A74000EBFA05EB4500062101EB40000DF0E6F8C1
:10A75000C9F80000D0B100EB450100EB8502A3B2BF
:10A7600002310432012BC9F80400C9F80820C9F8E5
:10A770000C100DD1B4210170D9E902014FF48032DF
:10A780000A600021018007B0BDE8F08FFEE700BF3E
:10A790006800841CA000AE000DF00EF931B200EB91
:10A7A00044080029CDF81880019600F1ED80C6F12B
:10A7B00001044FF0000B0022002705961BE000BFAC
:10A7C00013B2DDF810B020F81380DDF81880614472
:10A7D000394428F813B001EB0A070121D9F80460C5
:10A7E000039CF754D9F804700A44FE5C0BF1010B8A
:10A7F0003601FE54029F21B2CDF810B0002907DDCA
:10A80000059EB91B04EB4101A6F1010B4B1D04E0B1
:10A8100004EB4701DDF814B0CB1C39B20FFA8BFC06
:10A82000614580F2B58019B2012947F0010107DBCB
:10A83000A1EB0B0103EB4101ABF1010A4B1D03E05E
:10A8400003EB4101DA46CB1C47F002010CB20FFAD0
:10A850008AF6B44200F39C8019B2012908DBA4EB0C
:10A860000A0103EB4101AAF101034C1D04E000BF02
:10A8700003EB44015346CC1C47F0030109B20FFA25
:10A8800083FE714500F38480B84627B2012F05DBB3
:10A89000C91A04EB41015F1E053103E004EB4101DD
:10A8A0001F460331039108F1040109B23CB2A142F1
:10A8B0006CDC4FEAAC08B8EBA40F3C4602910BF0FD
:10A8C000030C0AF0030103F0030704F0030A0594E4
:10A8D0003FF476AFB310984513B2DDF810B01DD138
:10A8E0004FEAAE06069CB045614420F8138024F878
:10A8F00013B031D1D9F804603944F154D9F80410B7
:10A90000CF5C3F01CF54511C0BB2A8F101010AF1F9
:10A910000C0720F8131024F813B031E0D9F80460C4
:10A92000DDF818E020F813802EF813B006F803C005
:10A93000D9F804603944F45C51442401F454531CA4
:10A940001BB2A8F10106F04620F813602EF813B0F0
:10A950000F1D022142E700BFD9F80460F154D9F875
:10A960000410CE5C3601CE54511C0BB2A8F101018B
:10A9700020F813100AEB070124F813B001F10807BF
:10A980000221A0462AE700BF002201E0DDF818807E
:10A990000FFA82FB40F2D32105FB01F3ABF1010773
:10A9A00030F91760990A8E4203D138F91770B9420D
:10A9B00021D06FF39F23B3F5007F03D803FB03F38C
:10A9C000DB0B06E0C3F5806303FB03F30F27A7EB64
:10A9D000D333D9F8047020F81B1028F81B1007F89F
:10A9E0000B30D9F80410013211F80B301B0101F8BB
:10A9F0000B300FFA82FB11B2019B02291ADB011FF7
:10AA0000034433F81B7016B2D9F8044020F81670CE
:10AA100031F81B70013228F8167004EB0B0717F899
:10AA2000027CA755ABF10207ABF1010B002FE8DC6C
:10AA30000FFA82FB11B2D9F80C30002201290593DC
:10AA40001A8065DBD9F808C000EB850A4FF00008D2
:10AA5000002605E0344608F101085C45264657DA31
:10AA60000FFA88F1059A1FFA88F722F8116030F87A
:10AA70001630069A2CF8113032F81620BA42E9D175
:10AA8000062202EB460500BF9CB230F91620944224
:10AA9000B8BF1A46741C5C452CF81120DBDA3AF872
:10AAA0000530BB42D7D100EB050994B239F9043C1B
:10AAB0009C42B8BF1346B41C5C452CF81130CADA6E
:10AAC0000AEB050EBEF80220BA42C4D19CB239F995
:10AAD000022C9442B8BF1A46F41C5C452CF8112095
:10AAE000B9DABEF80430BB42B5D194B2435F9C42A0
:10AAF000B8BF1346341D5C452CF81130ABDA0AEBB5
:10AB00004602083592892646BA42BDD0A3E700BF67
:10AB100007B0BDE8F04F0DF0A5B8000040F2884244
:10AB2000C2F20002516881424FF000012ED0D3687A
:10AB3000834232D05369834236D0D36983423AD0BC
:10AB4000536A83423ED0D36A834242D0536B8342DE
:10AB500046D0D36B83424AD0536C83424ED0D36CE1
:10AB6000834252D0536D834256D0D36D83425AD024
:10AB7000536E83425ED0D36E834262D0536F834262
:10AB800066D0D36F83426AD0084670471368C2E923
:10AB900000111946D3688342CCD191680023C2E9E1
:10ABA000023353698342C8D111690023C2E90433D7
:10ABB000D3698342C4D191690023C2E90633536A41
:10ABC0008342C0D1116A0023C2E90833D36A8342A9
:10ABD000BCD1916A0023C2E90A33536B8342B8D1D6
:10ABE000116B0023C2E90C33D36B8342B4D1916B58
:10ABF0000023C2E90E33536C8342B0D1116C0023A1
:10AC0000C2E91033D36C8342ACD1916C0023C2E90A
:10AC10001233536D8342A8D1116D0023C2E914335E
:10AC2000D36D8342A4D1916D0023C2E91633536ED4
:10AC30008342A0D1116E0023C2E91833D36E834240
:10AC40009CD1916E0023C2E91A33536F834298D18D
:10AC5000116F0023C2E91C33D36F834294D1916FEB
:10AC60000020C2E91E00084670470000014601307E
:10AC70004FF0000008BF704740F2884CC2F2000C51
:10AC80000CEBC1035CF831204CF8310058601046E1
:10AC900070470000B2F802C0D388A3EB0C039BB24C
:10ACA00047F6FE7C634588BF704780B5B2F800E088
:10ACB0009388A3EB0E039BB26345BDE8804001D9A6
:10ACC000704700BF0369184710B5382104460DF0DE
:10ACD00089FC4FF0FF30606000206081E083A08538
:10ACE00042F6B810C0F60400606194F82300FF211A
:10ACF00000F0C10002221E302173A273E170A17620
:10AD000084F82A1084F8221084F8361084F823007E
:10AD100010BD00002DE9F04FD7B01D460B7B032B73
:10AD2000C0F041868246B1F902001FFA80FBBBF1F8
:10AD3000000F00F03886DDE960494C4500F03386AD
:10AD4000A842C8BFAB4649A816461291FFF7BCFF00
:10AD50001298427B816802F003028DF8262129B106
:10AD6000027B4D918DF83E21002103E00288017B9A
:10AD7000ADF828213288139673886E1E40888DF8AE
:10AD80002711511B3244ADF81C11ADF820210144AC
:10AD9000121A5F1B3344ADF81411511AADF81E712D
:10ADA0000744181A89B2ADF81671ADF8182147F6A4
:10ADB000FF72C71B91424FF00001BFB2ADF82231C4
:10ADC00038BF01210023974238BF012319400129D0
:10ADD000CDF834B0D3461091ADF81A010AD13FAE88
:10ADE00045A930460123FFF7E7FB30460021FEF777
:10ADF00081FA02E06FF05900593039AE0F9047A93F
:10AE0000304647F6FF7200234FF6A67847F6FF77E5
:10AE1000FFF7D2FB30460021FEF76CFA04F5B4715F
:10AE2000494506461CBF09F5B470A04220D149A986
:10AE300047AA5846ADF82471FFF72CFF3046FFF7BC
:10AE400015FF08F1590082B20F9881B2914218BFE4
:10AE5000FFF70CFF39A8FEF7BFFC1098002800F0A0
:10AE6000A2853FA8FEF7B8FC57B0BDE8F08F00BF41
:10AE700040F2671042F683510996B4F5B47F28BFBB
:10AE8000204600FB01F24FF4B473920D02FB130253
:10AE900040F26717B9F5B47F28BF4F4607FB01F1B1
:10AEA000101A0619880D00FB13701FFA86FAC01BD2
:10AEB00000EB090813980FFA86F9B0F90010B0F901
:10AEC00002200FFA88F406961EAE30464B461FFA53
:10AED00088F711950094FEF7DDFB30460021FEF760
:10AEE00009FAA9EB0401119D0794CDF82CA0574550
:10AEF00088BF01F5B471DBF808304E46DA460B2DF9
:10AF000004460C93CDF83880CDF820B038D33C29D6
:10AF100036DD0B9942F6835001FB00F13A46C1F34E
:10AF2000015102FB00F0DDF834B01F464FEA10502B
:10AF3000B1460A9103900294CDE9046271B3592A93
:10AF40006CD90B98824280F0558103980A9981420E
:10AF500040F0508113993A4608884988ADF860005E
:10AF60002844ADF864004819ADF8660018A8ADF89B
:10AF700062100146EDF7BCFB002840F0C980CFE02D
:10AF800049A947AA5046FFF785FE0D9FDDF824909A
:10AF90004FF6A678354600F00DBC00BF592A47D8B9
:10AFA0000B98824244D9139C4846668818F0ACFA44
:10AFB00029B20FFA8BF2A1EB020808FB00F006EBB6
:10AFC000D0302688ADF8620006985A3000B218F0EA
:10AFD0009BFA10FB05F006EBD0306688ADF86400F4
:10AFE000079818F091FA10FB05F006EBD030268890
:10AFF000ADF866000E985A3000B218F085FA08FBDA
:10B0000000F03A4606EBD030ADF8600018A80146D3
:10B01000EDF76EFB00287BD1FEE000BF0FFA85FA4A
:10B020000FFA8BF0DDF838B0AAEB000846E000BF5D
:10B03000139C20886688ADF860007019ADF8660032
:10B04000484618F061FA0FFA85FA0FFA8BF1AAEB6D
:10B05000010808FB00F006EBD0302688ADF862004E
:10B0600006985A3000B218F04FFA10FB05F03A4635
:10B0700006EBD03018AEADF8640030463146EDF73F
:10B0800037FB28B1089849A947AA8660FFF702FE56
:10B090000598DDF838B0592810D9ABF15A0080B2C4
:10B0A00008995A280C98DDF824900D9FCDF804805B
:10B0B0004FF6A678886080F0B88049E1139F388801
:10B0C0007E882844ADF864000798ADF8626018F0F7
:10B0D0001BFA0AFB00F03C8806EBD030ADF86600A6
:10B0E0000BF15A0000B218F00FFA08FB00F00C9AAE
:10B0F00004EBD0301746ADF8600018A80146EDF714
:10B10000F7FADDF820A0DDF81090DDF834B038B1A2
:10B1100018A8CAF8080049A947AA5046FFF7BAFD7F
:10B120000E980026B43880B24FF6A671884238BF18
:10B1300001260A9ACAF80870012A49D1059A0B9B80
:10B14000BA469A4240F2BD808842C0F0BA80139E4F
:10B150004846748818F0D8F910FB05F0378804EBDE
:10B16000D0302CB2ADF8660006985A3000B218F014
:10B17000CBF90FFA8BF1641A04FB00F007EBD03027
:10B180007788ADF86400079818F0BEF904FB00F06A
:10B19000348807EBD0305F46DDF838B0ADF8620098
:10B1A0000BF15A0000B218F0AFF910FB05F052464F
:10B1B00004EBD0305546ADF8600018A80146EDF715
:10B1C00097FADDE908A900284FF6A67863D0ECE0ED
:10B1D000DDF824905F46DDF838B088424FF6A67857
:10B1E00023D311980FFA80FA38B2AAEB000001902D
:10B1F000AEE000BF0A98022808D00A9803284DD173
:10B200000598400886287FF6A5AE05E00E985A38C6
:10B2100080B25A28FFF49EAECAF80870DDF8249078
:10B220005F46DDF838B04FF6A67805980B990C9D6F
:10B23000DDF820A088421BD203980A99814217D1D9
:10B24000139A119B10885288C11A0138ADF8640016
:10B25000D018ADF8660018A8ADF86010ADF86220FF
:10B2600001462A46EDF744FA002840F09E80A4E00B
:10B270000A9803280AD00A98002840F09E80039874
:10B2800000F006000228DBD005E000BFABF1B400FF
:10B2900080B25928D4D9CAF80850E5E00E980026A3
:10B2A000B43880B24FF6A671884238BF0126059A9D
:10B2B0000B9B9A4204D98842BA46BFF448AF00E0DB
:10B2C000BA46139F38887C88401BADF8600048461A
:10B2D000ADF8624018F018F910FB05F004EBD0301F
:10B2E0005446ADF8660006980FFA85FA5A3000B257
:10B2F0003D885F4618F008F90FFA8BF12246AAEB59
:10B30000010101FB00F018AC05EBD0300191ADF864
:10B31000640020462146EDF7EBF928B1089849A9C9
:10B3200047AA8460FFF7B6FCDDF838B0DDF824905A
:10B330004FF6A67866B1ABF1B40080B20C9DDDF893
:10B3400020A05A28CAF8085080F08E800CE100BF77
:10B350003C46139F38887D880138ADF86400119809
:10B360002844ADF86600079818F0CEF8019901FB63
:10B3700000F005EBD0303D88ADF862000E9827460E
:10B380005A3000B218F0C0F80AFB00F0DDF838B00F
:10B3900005EBD0300C9DADF8600018A801462A4698
:10B3A000EDF7A6F9DDF820A038B118A8CAF8080012
:10B3B00049A947AA5046FFF76DFC0A98ABF5877478
:10B3C0000228CAF808504BD113980B9A06880598A2
:10B3D0004FF6A671904273D9A0B2884270D30698F6
:10B3E0005A3000B218F090F8119D10FB05F02CB205
:10B3F00006EBD030139EADF860000498B6F80280DA
:10B4000018F082F839B2641A04FB00F008EBD0306F
:10B41000B6F80280ADF86600079818F075F810FBD2
:10B4200005F0DDF838B008EBD0303588ADF86200B3
:10B430000BF15A0000B218F067F804FB00F005EBBE
:10B44000D0300C9DADF8640018A801462A46EDF7EF
:10B450004FF9DDF824904FF6A67860B3AFE000BF57
:10B46000A0B2404580F0808005980B99884215D2A3
:10B4700003980A99814211D1139A119B108852881E
:10B48000C11A0138ADF86010D11AADF86400501E31
:10B49000ADF86210ADF866008BE000BF0A98012895
:10B4A00000F084820A98002840F09180ABF5877004
:10B4B00080B25A28E0D30598CAF80850DEE000BFF1
:10B4C000139DB9466988119F701EADF86400C81BB2
:10B4D000ADF8620006985A3000B218F015F810FB6B
:10B4E00007F00FFA87F806EBD0306E88ADF86000F1
:10B4F00004984F4618F008F80FFA89F10C9DA8EB54
:10B50000010101FB00F02A4606EBD03018AEADF881
:10B51000660030463146EDF7EBF888B1DDF820A043
:10B5200049A947AA5046A5B2CAF80860FFF7B2FB7E
:10B530004FF6A67845450C9DDDF838B008E000BF11
:10B54000A0B24FF6A678DDF838B0DDF820A040456F
:10B55000DDF8249008D2A0B2CAF808505A280598FD
:10B5600080F08C80EDE000BF139E119D34887188BF
:10B57000601BADF86000481EADF866000BF15A0084
:10B5800000B217F0C1FF29B23AB2DDF82490891A4F
:10B5900001FB00F004EBD0307488ADF8640007982C
:10B5A00017F0B2FF10FB05F00C9D04EBD030ADF8A6
:10B5B000620018A801462A46EDF79AF838B118A893
:10B5C000CAF8080049A947AA5046FFF763FB0A9842
:10B5D000ABF5B4740328CAF808504BD113980B9AF2
:10B5E00006880598A9464FF6A67190425CD9A0B28C
:10B5F000884259D306985A3000B217F085FF119C43
:10B600003AB221B2A1EB020808FB00F006EBD03001
:10B61000139EADF860000498758817F075FF10FB55
:10B6200004F005EBD0303588ADF862000E985A3042
:10B6300000B217F069FF10FB04F005EBD0307588FD
:10B64000ADF86400079817F05FFF08FB00F04A466A
:10B6500005EBD0304D46ADF8660018A80146EDF771
:10B6600047F8DDF8249000284FF6A67840F0968041
:10B670009CE000BFA0B24045059862D20B99884279
:10B680004CD203990A9A8A4248D11399119B08888F
:10B690004988ADF860001844CA1AADF86400481E25
:10B6A000ADF8622072E000BFDDF84C803D46119F8E
:10B6B000B8F80210F019ADF86400481EADF8660045
:10B6C00006985A3000B217F01FFF39B22AB2B8F804
:10B6D0000250891A01FB00F006EBD030ADF8600093
:10B6E000049817F011FF10FB07F018AE05EBD030EF
:10B6F0003146ADF8620030464A464D46ECF7F8FF59
:10B70000B0B149A947AA5046A4B2CAF80860FFF7E9
:10B71000C1FA4FF6A67844450EE000BF0A99012908
:10B7200000F050810A99022940D1B428ADD33DE000
:10B73000A0B24FF6A6784045DDE90D7BDDF82490F8
:10B7400034D3139EA8467088119D3488401BADF8F1
:10B7500062000BF15A0000B2ADF8604017F0D4FE61
:10B7600010FB05F0DDF8249004EBD0307488ADF8C0
:10B77000640007982DB217F0C7FE39B2691A01FBB1
:10B7800000F045464FF6A67804EBD030ADF86600E1
:10B7900018A801462A46ECF7ABFF38B118A8CAF83A
:10B7A000080049A947AA5046FFF774FACAF808509A
:10B7B000049D029C1EA8FEF70FF839A8FEF70CF8AE
:10B7C000109800281CBF0DF1FC00FEF705F820467C
:10B7D000FFF74CFA4846FFF749FA08F1590082B2E0
:10B7E0000F9881B2914218BFFFF740FA1298119A50
:10B7F000407B400740F1D78012B2F8B24608A2EB76
:10B80000500406980121C0F15A0000B221EA070A4B
:10B8100017F07AFE04FB00F0C711284617F074FEFB
:10B8200004FB00F0012F4FEAE012AAEB060B07DB46
:10B83000A7F17F010BEB212006EB212108E000BFDF
:10B8400007F17F01A6EB0A03C6EB212003EB2121C0
:10B85000139D012A06DBA2F17F030BEB232206EBEB
:10B86000232307E002F17F03A6EB0A07C6EB23229E
:10B8700007EB23232F880DF150083844ADF858000A
:10B8800078186988ADF85C008818ADF85A00C818B7
:10B890000C99ADF85E0016AA4046ECF729FFD0B12E
:10B8A0000DF1600916A9484647F6FF720023FEF71E
:10B8B00083FE48460021FDF71DFD0746089849A96B
:10B8C00047AAC0F80880FFF7E5F93846FFF7CEF938
:10B8D0004846FDF781FF0E98C0F15A0000B217F0FC
:10B8E00013FE04FB00F0C711079817F00DFE04FBD0
:10B8F00000F0012F4FEAE01206DBA7F17F010BEB0E
:10B90000212006EB212107E007F17F01A6EB0A03C6
:10B91000C6EB212003EB2121139DDDF82080012AB5
:10B9200006DBA2F17F030BEB232206EB232307E0C8
:10B9300002F17F03A6EB0A07C6EB232207EB2323C2
:10B940002F880C9C3844ADF8580078186988ADF8F9
:10B950005C008818ADF85A00C81814AEADF85E0047
:10B9600016AA30462146ECF7C3FED0B118AD16A991
:10B97000284647F6FF720023FEF71EFE28460021E8
:10B98000FDF7B8FC074649A947AA4046C8F8086031
:10B99000FFF780F938460C9CFFF768F92846FDF759
:10B9A0001BFFC8F8084057B0BDE8F08F0398002887
:10B9B0003FF462AD039803283FF45EADABF58774A6
:10B9C000C9E500BF59287FF660AEEFE670B51446B2
:10B9D0000D460646F1F790F8304629462246BDE866
:10B9E0007040F1F7F7BA00000A7E032A38BF7047AB
:10B9F000B0B582B00D460968826804466846ECF727
:10BA000077FE40B1616B00291CBF20468847626DFC
:10BA100020462946904702B0BDE8B040704700007C
:10BA20002DE9F04F91B0CB688B46097C804613B16D
:10BA3000002901F05F87D8E90102B1F1010ADBF8C2
:10BA400000100588868818BF9A460FA8ECF750FEAC
:10BA5000002801F04F87701B013000B20B90EEF709
:10BA600009FD81460068D8F80020C1690E920029BE
:10BA700000F09680DBF80410002900F0C680DBF8A7
:10BA800000209388B2F90060B2F902209B1B5F1C72
:10BA9000BDF93E303DB29A1A02FB05F2BDF93C30C9
:10BAA00001EB42019A1B01EB42050797BAF1000F27
:10BAB00000F0B280007C00075DD4DBF81400F8F7DA
:10BAC00001FE012857DB00F0030C82084FF0000054
:10BAD0002FD022F06042A0EB8200AE460AF10103B3
:10BAE0006FF003029E18F5783179802D4FF0000534
:10BAF0007479B77988BF4FF0FF3580294FF0000186
:10BB0000F57088BF4FF0FF3131710021802C88BF64
:10BB10004FF0FF3104327171802F4FF0000100EBC4
:10BB2000020788BF4FF0FF310437B171DAD1101D21
:10BB30007546BCF1000F1ED01AF8001000228029B3
:10BB40004FF0000188BF4FF0FF31BCF1010F0AF840
:10BB5000001010D050444178802988BF4FF0FF3248
:10BB6000BCF1020F427006D081780022802988BF84
:10BB70004FF0FF328270DBF81400BDF93E3081884F
:10BB8000B0F90020B0F90200891A4E1C31B2BDF99B
:10BB90003C70181A00FB01A0B91A44183EE000BF1F
:10BBA000D8F80410BDF93E20037CB1F902605B06B1
:10BBB000A2EB060214D40B9B0E9F02FB03F2BDF90D
:10BBC0003C30B1F9001007EB4202591A02EB410177
:10BBD0000E91DBF8041000297FF451AF15E000BF8F
:10BBE0000B9FBDF93C30B1F9001007FB02F2591A66
:10BBF00002EB42020E9B01EB41011A4411440E91EB
:10BC0000DBF8041000297FF43AAF002100250791EA
:10BC1000BAF1000F7FF44EAF00260024D8F80400DC
:10BC2000018840884942404209B202B20FA8F8F7A1
:10BC300075FDD9F80000C069002875D0DBF8040054
:10BC4000002800F01F819BF818900D95EEF712FC6C
:10BC5000BDF83C10BDF84020BDF83E30BDF8427044
:10BC6000521A511CFB1A0FFA81FC591C09B29BB2E3
:10BC7000002C86460C9047F6FE7000F067818342E8
:10BC800001F2388692B2824201F2348630B2012249
:10BC900009900798BCF1010FD8BF944600B24FF04D
:10BCA000000840000129C8BF0A46089207900BE02F
:10BCB000099808F101082C180898079980450D98F3
:10BCC00008440D9001F016864FF0000B254603E066
:10BCD0000BF1010BDC45EBD015F80B100029F7D068
:10BCE000BDF83E30BDF83C2001FB09F143440D9FF7
:10BCF000DEF800001BB25A44090A37F81B604FF601
:10BD0000FF77C4692AEA07070093029113B20E99DC
:10BD10000B9A07EB060ACDF804A06646A047DDF8AB
:10BD200030E0B446D4E700BF9BF81900DBF80410FC
:10BD30000028069600F0588100290C9400F06C84CD
:10BD400003280D9501F2D685BDF83C10BDF84030B2
:10BD5000BDF83E705D1ABDF84230691CDF1B0FFA5A
:10BD600081F8791C0FFA81F901384EF68C51C0B276
:10BD7000C0F6030151F820300E980C9E01880D98F2
:10BD80009BF818200088002E0A92089300F08E87F6
:10BD9000347804FB02F6FC2C98BF320A09920C4658
:10BDA00006469847BAB2DDF828C047F6FE718A42C7
:10BDB00001F2A085AAB28A4201F29C85069A434606
:10BDC00012B2079907920122B8F1010FD8BF1346AA
:10BDD000B9F1010FC8BF4A4609B206920B9AA646AE
:10BDE0005200490000240592049111E00C99079A31
:10BDF0000B9C11440C91059901348B440699049ACB
:10BE00008C420D99CDF838B011440D9101F0728536
:10BE1000DDF838B000250B941BE000BF4FF6FF7033
:10BE20002AEA00006FF30F0900EB070AA1441E463F
:10BE3000089B5046494642469847DDF828C033469D
:10BE4000A6463E46CDF824802BF815000135AB42BE
:10BE5000CCD00C99495D0029F8D0E04601FB0CF2EA
:10BE6000FC2998BF4FEA12280D993BF8154031F88C
:10BE70001570BE4208BFA645D0D10999C9B2414547
:10BE8000E2D0CBE79BF818000D90BBF808000C90AF
:10BE9000EEF7F0FA002C0A9000F04C84BDF83E005A
:10BEA000BDF84210A046081ADDE90C4782B247F6F9
:10BEB000FE718A4201F21E85BDF83C20BDF840307B
:10BEC0009A1A93B28B4201F21585511C013032B29D
:10BED0008EB280B24FF0000A0992089009E000BFCC
:10BEE00008990AF1010A8A45099900EB010801F055
:10BEF00001854FF00009404604E000BF09F1010947
:10BF00004E45EDD010F809100029F7D0BDF83E30AD
:10BF10000A98BDF83C2001FB07F1534400681BB2AE
:10BF20004A44090A4FF6FF77C5692BEA07070093D1
:10BF3000029113B20E990B9A07EB040BCDF804B0E3
:10BF4000A847DDE90C474046D8E700BF834201F22D
:10BF5000D18492B2824201F2CD840798012200B2CC
:10BF6000BCF1010FD8BF94460129C8BF0A46CDF8DD
:10BF70002890DDF83880DDF82C9040004FF0000B61
:10BF80004FF6FF7709920890002400BFBDF83E20CD
:10BF90000D9BBDF83C10DEF800005A4433F8143015
:10BFA00021442AEA070512B2C66905EB030A0BB25F
:10BFB0000A9FCDE9002A41464A4602976546B047A6
:10BFC000DDF830E001344FF6FF77AC46A542DDD115
:10BFD00009980BF1010B834508980D9901440D91C7
:10BFE000D2D101F087BC00BF002900F0DD83BDF88D
:10BFF0003C00BDF84020BDF83E30101ABDF842703C
:10C00000421C11B2FA1A531C9BF818C01EB2002C25
:10C010000A9100F0278692B2A846BCF1FD0F0C945D
:10C0200040F2A08647F6FE718A4201F263840A99C3
:10C03000069AA1F10409079912B209B208924900BF
:10C04000012ED8BF012607910B9980B249004FF607
:10C050001F0A06910021C0F2E07A09960590CDF8FA
:10C06000349011E006980B9983440798013105EB51
:10C0700000080998DDF8349081420898CDF838B06E
:10C0800004440C9401F036840B91059947F6FE7038
:10C0900081424FF0000C0FD80C9CDDF838B014F042
:10C0A0000300A646454600F0A780207810B3FF287D
:10C0B00008D128881CE000BF0C9CDDF838B0A646EB
:10C0C000454699E02988BBF8003001EB014103EBBC
:10C0D0000343043003EA0A0301EA0A01C008C91A4B
:10C0E00001FB00F003EB501000EA0A0040EA1040A8
:10C0F000ABF800000A9804F1010E02284FF0010C81
:10C100007ADB1EF0030077D09EF80000E0B1FF2834
:10C1100002D1688816E000BF6988BBF8023001EBE5
:10C12000014103EB0343043003EA0A0301EA0A0175
:10C13000C008C91A01FB00F003EB501000EA0A0026
:10C1400040EA1040ABF802000A9804F1020E0328FE
:10C150004FF0020C50DB1EF003004DD09EF80000A3
:10C16000E0B1FF2802D1A88816E000BFA988BBF87B
:10C17000043001EB014103EB0343043003EA0A03FB
:10C1800001EA0A01C008C91A01FB00F003EB5010D4
:10C1900000EA0A0040EA1040ABF804000A9804F1F3
:10C1A000030E04284FF0030C26DB1EF0030023D0FF
:10C1B0009EF80000E0B1FF2802D1E88816E000BF39
:10C1C000E988BBF8063001EB014103EB034304307F
:10C1D00003EA0A0301EA0A01C008C91A01FB00F0D8
:10C1E00003EB501000EA0A0040EA1040ABF80600EA
:10C1F00004F1040E4FF0040CCC4580F2D98005EB1D
:10C200004C050BEB4C030026062017E0291831F8EB
:10C21000061C1F1827F8061C05EB460103EB460712
:10C220004A887A808988B980295A195204360CEBD9
:10C230000601494500F1080080F2B6805EF80670FC
:10C24000002FF3D0791CE1D0F9B239B1FF2911D117
:10C25000291831F8061C1A1822F8061C0EEB0607DE
:10C26000797849BBB978002955D1F978002940F08F
:10C270008180DBE719182A1832F8062C31F8064CB1
:10C2800002EB024204EB044407F0FC07043704EA23
:10C290000A0402EA0A02FF08121B02FB07F204EB7F
:10C2A000521202EA0A0242EA124221F8062C0EEB6E
:10C2B000060779780029D5D0FF2909D105EB460179
:10C2C00003EB460249885180B97821BBCDE700BF16
:10C2D00005EB460203EB4604B2F80290628809EBD4
:10C2E000094902EB024204314FEAD10B02EA0A0289
:10C2F00009EA0A01891A01FB0BF1DDF8349002EB1F
:10C300005111DDF838B001EA0A0141EA11416180BA
:10C31000B9780029A9D0FF2908D105EB460103EB24
:10C32000460289889180F97821BB7FE705EB4602B8
:10C3300003EB4604B2F80490A28804314FEAD10B13
:10C3400002EB024209EB094102EA0A0201EA0A0190
:10C35000891A01FB0BF1DDF8349002EB5111DDF885
:10C3600038B001EA0A0141EA1141A180F9780029B7
:10C370003FF45CAFFF293FF457AF2A5A1C5A02EB37
:10C38000024204EB0444043104EA0A0402EA0A0209
:10C39000C908121B02FB01F104EB511101EA0A0169
:10C3A00041EA114141E700BF0C9CB6448C4645462A
:10C3B0000A9860457FF756AE0A98A0EB0C0010F083
:10C3C000030007D09EF8001019B3FF2906D135F8F5
:10C3D0001C101CE06346F14673E000BF35F81C30CA
:10C3E0003BF81C5003EB034305EB0545043105EA1C
:10C3F0000A0503EA0A03C9085B1B03FB01F10C9C55
:10C4000005EB5111454601EA0A0141EA11412BF8B9
:10C410001C100EF1010901280CF1010351D099F80B
:10C42000001001B3FF2903D135F8131019E000BF44
:10C4300038F813503BF8136005EB054506EB06464C
:10C44000043106EA0A0605EA0A05C908AD1B05FB20
:10C4500001F10C9C06EB5111454601EA0A0141EA43
:10C4600011412BF813100EF1020902280CF10203FE
:10C4700027D099F8000000B3FF2803D135F8130046
:10C4800019E000BF35F813103BF8135001EB0141E0
:10C4900005EB0545043005EA0A0501EA0A01C00872
:10C4A000491B01FB00F00C9C05EB5010454600EACF
:10C4B0000A0040EA10402BF813000EF103090CF1BA
:10C4C00003030A996FEA0C0008440328FFF4CAAD7D
:10C4D00004200A9900EB4300CB1A1FE00BEB00028B
:10C4E0002F187F88568807EB074706EB064604316E
:10C4F00006EA0A0607EA0A07C908BF1B07FB01F19B
:10C5000006EB511101EA0A0141EA1141518009F19A
:10C510000409043B00F108003FF4A4AD99F80010B1
:10C5200021B3FF2906D1291831F8041C0BEB0002B6
:10C530001AE000BF0BEB00022F1837F8047C32F82A
:10C54000046C07EB074706EB0646043106EA0A06C9
:10C5500007EA0A07C908BF1B07FB01F106EB5111E7
:10C5600001EA0A0141EA114122F8041C99F801107C
:10C5700021B3FF2906D1291831F8021C0BEB000268
:10C580001AE000BF0BEB00022F1837F8027C32F8DC
:10C59000026C07EB074706EB0646043106EA0A067B
:10C5A00007EA0A07C908BF1B07FB01F106EB511197
:10C5B00001EA0A0141EA114122F8021C99F802102D
:10C5C000E1B1FF2902D1295A16E000BF2A5A3BF8EF
:10C5D000007002EB024207EB0747043107EA0A0743
:10C5E00002EA0A02C908D21B02FB01F107EB511152
:10C5F00001EA0A0141EA11412BF8001099F80310F1
:10C6000000293FF484AFFF297FF468AF29184988D7
:10C610000BEB00027AE700BF032801F26B81BDF843
:10C620003C10BDF84020BDF84230551ABDF83E2000
:10C63000691C9E1A0FFA81FA711C0CB201384EF671
:10C640008C51C0B2C0F6030151F820300E989BF80F
:10C650001880B0F800900C98BBF8087000280A9772
:10C660000D9300F0D1840078424600FB08F1FC28CD
:10C6700098BF0A0A384649469847B2B20A9F47F619
:10C68000FE718A4201F23681AAB28A4201F23281F7
:10C690000699BAF1010F09B24FF0000509914FF068
:10C6A0000101D8BF8A46012CC8BF214608910B99C9
:10C6B0004900079100210CE0099A079B15440C954D
:10C6C0000B9D089A013595420E9A1A440E9201F07C
:10C6D00011810B950C9D4FF0000B06E00E9A22F88D
:10C6E0001B000BF1010BDA45E6D015F80B20002AF0
:10C6F000F7D00E9B8A4233F81B3008BF9945EDD026
:10C7000002FB08F0FC2A424698BF020A4FF6FF706F
:10C7100026EA00006FF30F04C6191C440D9B304637
:10C72000214698470E9A0A9F15F80B1032F81B9075
:10C73000D5E700BFDDE90C3CBDF93E60BDF9420024
:10C74000864201F3D780DDE90AA8BDF84010DDF884
:10C7500038B04FF6FF7905E002B2964206F10106C5
:10C7600081F2C880BDF93C700AB29742F4DC00BF88
:10C77000DAF8000024EA0901CC1831B2C5693BB2ED
:10C78000CDE9001459464246CDF808C0A847DDE976
:10C790000C3CBDF94000874207F10107E8DB81B29C
:10C7A000BDF84200D8E700BFBDF83C00BDF840200E
:10C7B000BDF83E30101ABDF84270421C11B2FA1A90
:10C7C000531C9BF818A0BBF808801EB2002C0991DE
:10C7D00000F0FE8348EA084992B2BAF1FD0F0C94CA
:10C7E000C0F0588447F6FE718A4201F28380069AAF
:10C7F00009990B9B4FF61F0A12B2C0F2E07A5B1A3E
:10C8000080B2A1F1040B09EA0A0E0B93511A00231E
:10C810000A91012ED8BF0126089007960EE000BFAE
:10C820000C990D9B0E980B9A013300EB4200B3421A
:10C830000E900A9801440C9101F05C80089947F62B
:10C84000FE7081424FF000050D9300F247810C9F6E
:10C85000DDF824C017F0030000F0888038780E99C6
:10C86000FF28424610D00A88043002EB0242C0087A
:10C8700002EA0A02AEEB020303FB00F002EB5010E7
:10C8800000EA0A0040EA1042084620F8022B7A1C0F
:10C89000BCF1020F4FF0010566DB12F0030363D019
:10C8A00013784246FF2B10D000881A1D00EB004081
:10C8B000D20800EA0A00AEEB000303FB02F200EB31
:10C8C000521000EA0A0040EA10420E980C99428089
:10C8D0008A1C0430BCF1030F4FF0020544DB12F058
:10C8E000030341D013784246FF2B10D000881A1D55
:10C8F00000EB0040D20800EA0A00AEEB000303FBA5
:10C9000002F200EB521000EA0A0040EA10420E98D0
:10C910000C998280CA1C0630BCF1040F4FF003054D
:10C9200022DB12F003031FD013784246FF2B10D0F6
:10C9300000881A1D00EB0040D20800EA0A00AEEBA6
:10C94000000303FB02F200EB521000EA0A0040EA87
:10C9500010420E980C99C280043108300C910E9050
:10C9600004255D4505DD91E00C920E905D4500F3D8
:10C970008D800024002610E00E99880776D001EB08
:10C98000460021F81680C0F80290A0F80680043610
:10C99000A819584504F1080470DC0C988059002847
:10C9A000F5D0421CE8D0C2B2FF2A424614D00E99FC
:10C9B00000F0FC0031F81620043002EB0242C008FF
:10C9C00002EA0A02AEEB020303FB00F002EB501096
:10C9D00000EA0A0040EA10420E980C9920F816204E
:10C9E0008A19537800EB4600FF2B474610D0478842
:10C9F000043307EB0747DB0807EA0A07AEEB07013A
:10CA000001FB03F107EB511101EA0A0141EA114769
:10CA1000478097784346FF2F10D081883B1D01EB5C
:10CA20000141DB0801EA0A01AEEB010707FB03F352
:10CA300001EB531101EA0A0141EA11438380D378E3
:10CA40004246FF2B10D0C1881A1D01EB0141D208CC
:10CA500001EA0A01AEEB010303FB02F201EB521102
:10CA600001EA0A0141EA1142C28090E701EB460067
:10CA700041F81690C0F8049089E700BF0E9905466A
:10CA800021440E910C993144079E0C91AC457FF7DF
:10CA9000C7AEACEB050010F0030025D00C990E9C3E
:10CAA0000B784246FF2B10D02288043302EB02425F
:10CAB000DB0802EA0A02AEEB020707FB03F302EB14
:10CAC000531202EA0A0242EA12420C9924F8022B9B
:10CAD000012801F1010C0DD1681C4AE0DDF824C0E9
:10CAE0005D457FF746AFD1E70E9CDDF830C02846A4
:10CAF0003FE000BF9CF800304246FF2B10D0228858
:10CB0000043302EB0242DB0802EA0A02AEEB020740
:10CB100007FB03F302EB531202EA0A0242EA124253
:10CB20000E9902284A800C9A01F1040402F1020CC9
:10CB300002D1A81C1DE000BF9CF800204046FF2A3F
:10CB400010D02088043200EB0040D20800EA0A002E
:10CB5000AEEB000303FB02F200EB521000EA0A0006
:10CB600040EA10400E9988800C988C1D00F1030C4F
:10CB7000E81C0999EA430A440D9B032A61460E9476
:10CB8000FFF450AE099900250E1A0E9407E000BF7D
:10CB90000435D880AE4203F108030E935ED01CF832
:10CBA00005000E9BFF28424610D01988043001EB87
:10CBB0000141C00801EA0A01AEEB010202FB00F0EC
:10CBC00001EB501000EA0A0040EA10420CEB0500AD
:10CBD0001A80437804EB4502FF2B474610D051885A
:10CBE000043301EB0141DB0801EA0A01AEEB010766
:10CBF00007FB03F301EB531101EA0A0141EA114774
:10CC0000578087784346FF2F10D091883B1D01EB5A
:10CC10000141DB0801EA0A01AEEB010707FB03F360
:10CC200001EB531101EA0A0141EA11439380C278F2
:10CC30000E9BFF2A4046ABD0D888111D00EB004068
:10CC4000C90800EA0A00AEEB000202FB01F100EBAA
:10CC5000511000EA0A0040EA104099E7079E0CEBE9
:10CC60000501DEE5AB46BCF1FC0F40F2478290B215
:10CC700047F6FE71884200F23D860A98012E4FEA7F
:10CC800040080798D8BF01260B9900B24FEA410926
:10CC900045000E9F5946384642460BF0A9F84F44CE
:10CCA000013EAB440E97F4D100F024BE0E4604467C
:10CCB0009847BAB2DDF828C047F6FE718A4200F202
:10CCC0001986AAB28A4200F21586434607990122C4
:10CCD000B8F1010FD8BF1346B9F1010FC8BF4A46DA
:10CCE00009B209920B9ADDF82090B646520049002D
:10CCF00000254FF6FF7A0B9207910CE00B9A0C9DE2
:10CD000011440E91099901358D420D99079A1144EC
:10CD10000D9100F0EF850E990C95002506E000BFFF
:10CD20000E9921F815000135AB42E7D00D9A31F884
:10CD3000156032F81570BC4208BFB645F0D02BEA3A
:10CD40000A006FF30F0800EB070BB044584641464A
:10CD500062461C46C847DDF828C02346B6463C4616
:10CD6000DEE700BF47F6FE739A4200F2C38580B249
:10CD7000984200F2BF850699079809B201230D91E8
:10CD80000A9901220129C8BF0A4600B2012EC8BF74
:10CD900033460B99099347F6FC734FF61F0602F0D2
:10CDA000030A02EA030949004000C0F2E0764FF0AE
:10CDB000000B0B9108900EE00E980B990BF1010BF4
:10CDC00008440E9008988044099883450D980544BE
:10CDD0000C9500F08F850A98002304286CD20C9DD6
:10CDE000BAF1000FE8D0E85CE0B100FB0CF1FC28E0
:10CDF000604698BF080A0E9F38F8131037F81320C2
:10CE000001EB014102EB0242043032403140C008E4
:10CE1000891A01FB00F002EB5010304040EA10404C
:10CE200027F81300BAF1010FC6D0581C2D5CE5B1EC
:10CE3000624605FB0CF1FC2D98BF0A0A0E9D38F8DE
:10CE4000101035F8107001EB014107EB0747043271
:10CE500037403140D208C91B01FB02F107EB5111E9
:10CE6000314041EA114125F810100C9DBAF1020F32
:10CE7000A2D0981C2B5C002B9ED0624603FB0CF1C9
:10CE8000FC2B98BF0A0A0E9F38F8101037F81030A4
:10CE900001EB014103EB0343043233403140D2083C
:10CEA000C91A01FB02F103EB5111314041EA114172
:10CEB00027F8101080E700BF062505E004339945E8
:10CEC00005F108053FF48BAF0C98C05CF8B100FB8E
:10CED0000CF7FC28604698BF380A0E9908EB05024B
:10CEE0004F1932F8062C37F806EC02EB02420EEB33
:10CEF0000E44043034403240C008121B02FB00F0E4
:10CF000004EB5010304040EA104027F8060C0C9813
:10CF100018444778EFB1614607FB0CF2FC2F98BF2D
:10CF2000110A0E9F08EB430207EB430752887C88E7
:10CF300002EB024204EB0444043134403240C9089D
:10CF4000121B02FB01F104EB5111314041EA114186
:10CF500079808778EFB1624607FB0CF1FC2F98BF10
:10CF60000A0A0E9F08EB430107EB43078988BC8838
:10CF700001EB014104EB0444043234403140D20857
:10CF8000091B01FB02F104EB5111314041EA11414F
:10CF9000B980C078002891D000FB0CF1FC286046D5
:10CFA00098BF080A0E9F38F805107A5B01EB014123
:10CFB00002EB0242043032403140C008891A01FBC2
:10CFC00000F002EB5010304040EA1040785375E713
:10CFD000BAF1FD0FC0F00A8390B247F6FE718842A5
:10CFE00000F28884012ED8BF01260B9844000E9DC4
:10CFF000099A28464146FAF75BF9013E25440E9509
:10D00000F5D100F077BC00BF384649464246984704
:10D01000B2B2DDF828B047F6FE718A4200F26A84A7
:10D02000AAB28A4200F266840121BAF1010FD8BF88
:10D030008A46012CC8BF214609910B99002349005B
:10D040000B9108E00C9B099A013393420B9A11440F
:10D050000E9100F04F840E9900250C9306E000BF5E
:10D060000E9921F815000135AA45EBD031F815705D
:10D07000B945F5D04FF6FF7026EA00006FF30F04B4
:10D0800000EB0B063C440D9B304621464246984738
:10D09000B946E5E747F6FE739A4200F22B8480B268
:10D0A000984200F227844FF61F040698C0F2E074FD
:10D0B00002B209EA04000D9009980E9F111A01228C
:10D0C000069137F806EB01210128C8BF024602F09D
:10D0D000030047F6FC73012EC8BF3146079002EAF1
:10D0E00003000A900B984FF0000B40004FF0000C2B
:10D0F000F14600230591049016E100BF93B247F674
:10D10000FE72934200F2F68380B2904200F2F28304
:10D110000CF104000A994FEAD00C07980123012969
:10D120004FF0010200B2C8BF0A46012EC8BF334605
:10D130000B990C9347F6FC734FF61F0A02F0030499
:10D1400002EA030E49004000C0F2E07A00230B918E
:10D15000089009940CE000BF0B98013380440C98B0
:10D16000CDF838808342089805EB000B00F0C283AD
:10D170000A98002704280D9304D2DDF838805D4614
:10D1800065E000BFDDF838806FF001065D4600BF46
:10D1900008EB0602A8195488B0F8029004EB044486
:10D1A00009EB094304EA0A0403EA0A031B1B03FB15
:10D1B0000CF3083604EB531308EB470403EA0A03A5
:10D1C00043EA1343538005EB470361885D8801EB15
:10D1D000014105EB054501EA0A0105EA0A056D1A58
:10D1E00005FB0CF5043701EB55115D4601EA0A0118
:10D1F00041EA1141BE456180A1889B8801EB014154
:10D2000003EB034301EA0A0103EA0A03A3EB010368
:10D2100003FB0CF301EB531101EA0A0141EA11414E
:10D22000A1801189008901EB014100EB004001EA76
:10D230000A0100EA0A00A0EB010000FB0CF001EB80
:10D24000501000EA0A0040EA10401081A0D1099C69
:10D250000D9B002C3FF480AF38F8170035F81710FD
:10D2600000EB004001EB014100EA0A0001EA0A017B
:10D27000091A01FB0CF1012C00EB511000EA0A0025
:10D2800040EA104028F817003FF466AF781C38F8E1
:10D29000101035F8102001EB014102EB024201EAC7
:10D2A0000A0102EA0A02521A02FB0CF2022C01EBFA
:10D2B000521101EA0A0141EA114128F810103FF425
:10D2C0004BAFB81C38F8101035F8102001EB0141B5
:10D2D00002EB024201EA0A0102EA0A02521A02FBC6
:10D2E0000CF201EB521101EA0A0141EA114128F85E
:10D2F000101031E70E9820F817E00C98C71C0B9B14
:10D300004A46764665460E980499013308440E90C5
:10D310000698AC4638440C90089F05980F44834209
:10D32000B646914600F0E68209980B9304280897C8
:10D3300006D20022002600254FF00008C2E000BF00
:10D340000C984FF000080AE0A7F800E00A9808F1EE
:10D35000040840450C9807F1080700F0AD8010F86C
:10D36000085025B3534605FB0AF2FF2D18BF130AD8
:10D37000654518BF9B4637F8063C654508BF99458B
:10D3800013D0042003EB034650FA8BF20D9826408D
:10D39000D208801B00FB02F0994606EB5010AC4609
:10D3A000204040EA10401FFA80FE27F806EC0C9857
:10D3B00000EB0806757855B305FB0AF05246FF2DC1
:10D3C00018BF020A0E98654518BF934600EB480344
:10D3D00065455A8808BF914517D002EB02410420E9
:10D3E00050FA8BF021400D9CC008641A04FB00F039
:10D3F0004FF61F0401EB5010C0F2E074204040EAE9
:10D40000104091461FFA80FEAC46A3F802E0B578C2
:10D4100055B305FB0AF05146FF2D18BF010A0E98BF
:10D42000654518BF8B4600EB480365459A8808BFE1
:10D43000914517D002EB0241042050FA8BF02140B5
:10D440000D9CC008641A04FB00F04FF61F0401EBAA
:10D450005010C0F2E074204040EA104091461FFA9C
:10D4600080FEAC46A3F804E0F578002D3FF46EAFE3
:10D47000FF2D514605FB0AF018BF010A654518BF8C
:10D480008B463A88654508BF91453FF45DAF04205F
:10D4900002EB024150FA8BF00D9B2140C0085B1A51
:10D4A00003FB00F0914601EB5010AC46204040EAEF
:10D4B00010401FFA80FE47E700EB08074A46764611
:10D4C00065460C9707980B9B00283FF41CAF0C98FF
:10D4D000057835B305FB0AF0FF2D514618BF010A48
:10D4E000654518BF8B460E98654530F8182008BF73
:10D4F000914513D0042002EB024150FA8BF00D9BB2
:10D500002140C0085B1A03FB00F0914601EB50106C
:10D51000AC46204040EA10401FFA80FE0E9820F8EA
:10D5200018E0079801280C9800F101073FF4E7AED6
:10D530003D7845B305FB0AF0FF2D514618BF010A9F
:10D54000654518BF8B460E9808F1010730F8172083
:10D55000654508BF914513D0042002EB024150FA03
:10D560008BF00D9B2140C0085B1A03FB00F0914635
:10D5700001EB5010AC46204040EA10401FFA80FEFC
:10D580000E9820F817E0079802280C9800F102077F
:10D590003FF4B5AE3D78002D3FF4AFAE05FB0AF089
:10D5A000FF2D514618BF010A654518BF8B460E98DE
:10D5B00008F1020730F81720654508BF91453FF490
:10D5C00099AE042002EB024150FA8BF00D9B2140F2
:10D5D000C0085B1A03FB00F0914601EB5010AC460B
:10D5E000204040EA10401FFA80FE83E693B247F6DF
:10D5F000FE72934200F27E8180B2904200F27A8104
:10D600000AF10403C8F3451103F0F8024FEAD820E9
:10D6100001FB02F9314608F01F0600FB02FB08EB94
:10D62000084506FB02F24FF61F06C0F2E07623F033
:10D6300007073540DB0805FB03F30998FF4306EABB
:10D640005316FBB2012501284FF00107C8BF07465A
:10D650000129C8BF0D46079507F0030047F6FC7582
:10D66000089007EA05000D900E9846EA1646041D3C
:10D670000B980025400048F281074FF4FC6E4FF0F4
:10D68000000A069013E000BF0E9820F814600C9D6D
:10D69000D0460E980B990A9C00EB410001350E9084
:10D6A0000698C24604440798854200F023810998F1
:10D6B0000C9504280A9479D24FF000084FF0000C22
:10D6C00008980C9D0028E4D00E9830F81C40A24524
:10D6D0001BD0E00A10FB03B04FF47E3100FB07F0D3
:10D6E00004F01F0501EA1030C4F3451115FB0325B2
:10D6F00011FB039105FB07F501FB07F1C5F3C455C9
:10D700000EEA914128444618A246089801280E982E
:10D7100020F81C60BBD00CF1010430F81450AA456D
:10D720001BD0E80A10FB03B04FF47E3100FB07F07A
:10D7300005F01F0601EA1030C5F3451116FB03265C
:10D7400011FB039106FB07F601FB07F1C6F3C45674
:10D750000EEA914130444618AA46089802280E98CD
:10D7600020F8146093D00CF1020430F81450AA454C
:10D770008AD0E80A10FB03B04FF47E3100FB07F0BB
:10D7800005F01F0601EA1030C5F3451116FB03260C
:10D7900011FB039106FB07F601FB07F1C6F3C45624
:10D7A0000EEA914130444618AA466DE74FF0000C4E
:10D7B000D04608E00D980CF1040C668008346045F2
:10D7C000C2463FF47DAF34F8045CA84510D134F86C
:10D7D000025C24F8046CA8452CD1258824F8026C3E
:10D7E000A84548D165882680A845E3D064E000BFFD
:10D7F000EE0A16FB03B64FF47E3006FB07F605F083
:10D800001F0100EA1636C5F3451011FB032110FB7A
:10D81000039001FB07F100FB07F0C1F3C4510EEACE
:10D82000904031440E18A84634F8025C24F8046C89
:10D83000A845D2D0E80A10FB03B04FF47E3100FBBC
:10D8400007F005F01F0601EA1030C5F3451116FB7D
:10D85000032611FB039106FB07F601FB07F1C6F354
:10D86000C4560EEA914130444618A846258824F84B
:10D87000026CA845B6D0E80A10FB03B04FF47E3125
:10D8800000FB07F005F01F0601EA1030C5F3451153
:10D8900016FB032611FB039106FB07F601FB07F1BC
:10D8A000C6F3C4560EEA914130444618A84665882E
:10D8B0002680A8453FF47EAFE80A10FB03B04FF482
:10D8C0007E3100FB07F005F01F0601EA1030C5F3BA
:10D8D000451116FB032611FB039106FB07F601FB1E
:10D8E00007F1C6F3C4560EEA914130444618A846E3
:10D8F00060E700BF11B0BDE8F08F00002DE9F047F0
:10D90000B3F90240B3F906008442C8BFBDE8F0870E
:10D91000B3F900709E880A98F61B01369846099D57
:10D92000B0F9023036B2DDF820C003FB05F34FEA50
:10D93000460904FB02F60CEB4303B0F9000001EBCF
:10D94000460103EB400601EB47074FEA420A6D0030
:10D95000384631464A460AF04BFA601C04B2B8F920
:10D960000600574484422E44F2DDBDE8F0870000F3
:10D970002DE9F04FB7B0814680680D4601684068D8
:10D98000DDF80081369035A81B9314463591FBF7DE
:10D9900045FF2988074609B1012604E06888B0F5EB
:10D9A000807618BF01262CA81C210AF01BFEE87AFD
:10D9B000297B8DF8C80001F00F00B8F104018DF843
:10D9C000C90018BF01213143394333A8C9072C903E
:10D9D00028D0B8F10E0018BF012030433843C007EB
:10D9E00000F0AA84B8F1140018BF01203043384376
:10D9F000C0071BD1A87AC8B92088A188E288081A74
:10DA000061880130511A013110FB01F01B993194EA
:10DA100001EB4000CDE92C412F9002208DF8C00091
:10DA200000F0A3BCA87A002800F09C84D9F8080074
:10DA3000CB4681880288ADF8D010B0F80290B0F8DB
:10DA400006802088CDE922672990A088289521901A
:10DA50006088ADF8CC202090E088ADF8CE901A9088
:10DA6000881A0130249407B2ADF8D280ECF702FD99
:10DA7000FAF730FC0DF1CC0A04465046F6F722FEC8
:10DA8000A04203D9B4FBF7F104E000BFA8EB090002
:10DA9000013001B201FB07F60D46700009F08CFF62
:10DAA000044630461C9609F087FF2F90CDE92640AA
:10DAB000BDF9CE00BDF9D2102D94409C25912918B6
:10DAC000289E0139042CD946CDF8C4A0ADF8D21057
:10DAD0000AD13288002A4FF0020206D17388B3F5CA
:10DAE000807F08BF012200E00222259B8DF8C02024
:10DAF000984209DD27980AF0B5F826980AF0B2F89E
:10DB000037B0BDE8F08F00BF299A219B1A9E9B1A5F
:10DB1000209A08930133B21A1BB2013216B25A008E
:10DB200012B2299303FB06F310921B9A0DF1A80B76
:10DB300002EB430248F2810A0C921C9A179602F0FB
:10DB4000030322F00308269A1993931C0D93131DC7
:10DB50000A93931E0793A2F1080306320B921DAAA3
:10DB60000F9382E8A002CDF8388015E048462CA932
:10DB7000FDF73AFFBDF8D2101D9D4A1C294410B292
:10DB800009B2ADF8CE20259A409C9142A8BF11461B
:10DB90009042ADF8D210ADDCBDF8CC20ADF8AE109F
:10DBA0002499ADF8A820BDF8D020ADF8AA000888C7
:10DBB0004988ADF8AC2040424A4201B212B2584600
:10DBC000F6F7ACFD2298002800F03A811798299BBF
:10DBD000009028981B9ACDE902042698279F04906C
:10DBE000484659460193059703F0A6FE2898817A86
:10DBF0000329C0F0F9801C98002800F0F5802898CF
:10DC00000289D00AC2F3451300FB01F702F01F029C
:10DC10001C9803FB01FC02FB01FE042881F0FF03BA
:10DC20004FF0000176D3DDE90EB64FF478484FF49B
:10DC3000FC6900BF36F8085F0431EC0AC5F34510F3
:10DC400005F01F0514FB037415FB03E504FB0AF440
:10DC500005FB0AF510FB03C008EA1434C5F3C455EC
:10DC6000728800FB0AF02C44D50A09EA904015FBA3
:10DC70000375204405FB0AF4308008EA1430C2F32F
:10DC8000451402F01F0212FB03E214FB03C402FB63
:10DC90000AF204FB0AF4C2F3C45209EA94441044A1
:10DCA000B2882044D40A14FB0374708004FB0AF089
:10DCB000C2F3451402F01F0212FB03E208EA10301F
:10DCC00002FB0AF214FB03C4C2F3C452F58804FB3E
:10DCD0000AF41044EA0A12FB037209EA944402FBB4
:10DCE0000AF22044B08008EA1230C5F3451205F06C
:10DCF0001F0414FB03E412FB03C204FB0AF402FB3F
:10DD00000AF2C4F3C45409EA9242204410448B45F9
:10DD1000F0808FD119984FF4784600280DF1A80BA8
:10DD20004FF4FC6860D0269D35F81100C20AC0F39C
:10DD3000451400F01F0012FB037210FB03E002FB0E
:10DD40000AF214FB03C400FB0AF006EA123204FBD9
:10DD50000AF4C0F3C45008EA94441044199A2044C9
:10DD6000012A25F811003FD00D9D35F81100C20A97
:10DD7000C0F3451400F01F0012FB037210FB03E018
:10DD800002FB0AF214FB03C400FB0AF006EA12329B
:10DD900004FB0AF4C0F3C45008EA94441044199AEE
:10DDA0002044022A25F811001ED00A9D35F81100E2
:10DDB000C20AC0F3451400F01F0012FB037210FBEF
:10DDC00003E014FB03C302FB0AF200FB0AF003FBAF
:10DDD0000AF306EA1232C0F3C45008EA934310442F
:10DDE000184425F8110000BF23981E9FDDF87C9091
:10DDF00000284FF002063FF4B9AEBDF9CE40BDF9A0
:10DE0000D20084423FF7B2AE279D09E08DF8C06092
:10DE1000601C04B2BDF9D2003D4484423FF7A6AE77
:10DE2000BDF9CC1022B228463B46FBF7A3FC0228E2
:10DE3000ECD00028ECD1284639460AF0D3FBE5E7C0
:10DE4000201F10283FF6D2AEDFE800F00C920C0A3B
:10DE50000A0A0A0A0A0A0A0A0A0A0A0A480000BF43
:10DE6000C4E600BF5846F6F72DFC80462798414689
:10DE70000AF0FAFBBDF9AA60BDF9AE00DDF84090EA
:10DE800086421CDCBDF9A800BDF8AC10299A091A1D
:10DE9000013109B216FB02004D001B99269F01EBD0
:10DEA000400400BF384621462A4609F0A1FF701CF5
:10DEB00006B2BDF9AE004C4486422F44F2DD4098D4
:10DEC00006287FF493AEB8F1000F3FF48FAEB8F19F
:10DED000040F80F081800020A3E000BFBDF9AA00FC
:10DEE000BDF8AE1047F6FE73091A8AB29A423FF6A1
:10DEF0007DAEBDF8AC20BDF9A83001310FFA81F834
:10DF0000D11A299A013110FB02300DB21B99269EBD
:10DF100001EB4007DDF840B06C004FF0000900BF96
:10DF200030463946224609F063FF09F101000FFA35
:10DF300080F95F44C1452644F2DBBDF9AA00299A65
:10DF40000C9BBDF9A81010FB0230279E4418002737
:10DF50000DF1A80B304621462A4609F049FF781CEE
:10DF600007B229982E4447450444F3DB3EE600BF40
:10DF7000BDF9AA20BDF8AE0047F6FE73851AA9B216
:10DF800099423FF633AEBDF9A830BDF8AC1047F664
:10DF9000FE76C91A8FB2B7423FF628AE299E97B2D5
:10DFA00012FB06334A1C03EB4303B8421B9894B29E
:10DFB00000EB030C189409955AD1DDE9269E2346FF
:10DFC00009980DF1A80BC0077FF410AE042B80F068
:10DFD000598100218AE100BFDDE926650B9A28F00E
:10DFE00003010020002400BF32F8063C06EB400786
:10DFF000B3F5FC6F08BF2C547B88B3F5FC6F05EBC1
:10E00000000308BF5C70BF880430B7F5FC6F08BF21
:10E010009C7017880832B7F5FC6F08BFDC7081422E
:10E02000E2D1002718F003013FF4E0AD269A32F860
:10E030001020B2F5FC6F04BF279A175401293FF452
:10E04000D5AD269B421C33F81230B3F5FC6F04BFEC
:10E05000279B9F5402293FF4C9AD2699023031F81D
:10E060001010B1F5FC6F7FF4C1AD27990F54BDE5D9
:10E07000089B681C591A01EB410115B209B2DDF881
:10E080009CE016914FF6FE710840159047F6FC7023
:10E0900004EA0008A8001490680013900F980EEB93
:10E0A000050B00EB4507DDF89890079E1295169D2D
:10E0B00004F0030223460024219217E00333209C3E
:10E0C00037467646149902EB050E354603EB060CEF
:10E0D0001A9E02348944A0B20E440F441599219A25
:10E0E00088421398189B83443FF46AAF042B209412
:10E0F0001A9603D200242E4682BB4FE011970027C8
:10E10000002400BF04EB44000EEB0401604485785A
:10E1100009EB44030EF804501CF80750427804340D
:10E1200045EA02220CEB070572806A79A0454A7025
:10E13000B0F8032007F10C075A80027A8A70EA8847
:10E140009A80EA7ACA70B0F8090026F8080FD9D187
:10E15000BC44189B169E219A119FFAB19CF80200AC
:10E16000012A0EF80400BCF8000029F8140007D1B9
:10E170000CF1030C042B0CEB060313D32CE000BFB3
:10E180009CF80500611C0EF80100BCF80300022A8F
:10E1900029F8110010D10CF1060C00BF042B0CEB78
:10E1A000060319D2129D4FF0000C209C002A0EEBA2
:10E1B000050242D186E700BF9CF80800A11C0EF8BA
:10E1C0000100BCF806000CF1090C29F81100042B21
:10E1D0000CEB0603E6D300BF00243E464FF0000CD4
:10E1E0000CEB4C000BEB0C05184481780BF80C1071
:10E1F000195D42780CF1040C41EA02211A1926F843
:10E20000081F5179E0456970B0F8031004F10C045F
:10E210007180017AA970D188B180D17AE970B0F8A3
:10E220000900F080DCD1129D169E219A2344209C87
:10E23000002A0EEB05023FF445AF9878B6463E46FD
:10E2400002F80C00219F09EB45041888012F24F8DF
:10E250001C003FF433AF58790CF101015054B3F86E
:10E260000300022F24F8110002D1063327E700BF74
:10E27000187A0CF102015054D888093324F811009F
:10E280001DE700BF47F6FC7003EA0008A9F102068B
:10E290000EF1010B0025002101EB41000BEB010306
:10E2A0006044827809EB410403F8012C1CF8052036
:10E2B000477842EA07220CEB050772807A790C3521
:10E2C0000BF80120B0F8032004316280027A8845FF
:10E2D0005A70FA88A280FA7A9A70B0F8090026F883
:10E2E000080FD9D1189BAC440DF1A80B13F003070C
:10E2F0003FF47CAC9CF80200012F0EF80100BCF842
:10E30000000029F811003FF471AC9CF805004A1C8C
:10E310000EF80200BCF80300022F29F812003FF4A7
:10E3200065AC9CF8080002310EF80100BCF806004C
:10E3300029F811005AE400BFD9F808202AA821467C
:10E34000EAF7D6F900283FF4DBAB1B9831942F9005
:10E3500000202D902889ADF8B80002208DF8C0006B
:10E3600002E000BF1B982D902C942CA94846FDF785
:10E370003BFB37B0BDE8F08F10B50C46084658217E
:10E380000AF030F94FF23950C0F601004AF6155143
:10E3900020614DF67110C0F60101C0F60100616107
:10E3A0004EF20561A0614EF23570C0F60101C0F673
:10E3B000010021624EF6E571606240F24D70C0F6D8
:10E3C0000101C0F60200A1624BF6CD11E06241F6F8
:10E3D0003510C0F60101C0F6020021634DF6FD01C3
:10E3E00060634EF2FD40C0F60101C0F60100C4E9D1
:10E3F0000E104BF62120C0F6010060654EF2214060
:10E40000C0F601004EF2714220644EF2FD502C2104
:10E41000C0F60102C0F60100C4E91120E16410BD9C
:10E4200070B516460D460446ECF724F8F10706468B
:10E4300008D1A86A20F00040A8623068016921F084
:10E4400040010DE0A96A686921F000410AF0CAF8AC
:10E45000A86A40F00040A8623068016941F04001BC
:10E460000161686905F10801C4E90001A16070BD9E
:10E47000F0B583B00446D0E9000317460E4602907B
:10E4800019889A880525501A042101EB80005A88C2
:10E49000DB8841F6FC710840991A013140EA4130AD
:10E4A000C90806F118028DF80310ADF8010007CA7B
:10E4B000B36AB3F1FF3FC8BF04258DF80050C4E92B
:10E4C0000021A060EBF7D6FF006896F824200169D0
:10E4D00021F0400141EA821106F108026E46016115
:10E4E000204639463346FAF795F9204603F03EFABE
:10E4F000304605F087F803B0F0BD000070B50C465B
:10E50000D10779D191072FD40646D4E900012546D9
:10E5100045F8080F2046E160F6F7D4F84FF6FE7292
:10E52000A16AC7F6FF7202EA400001F0004101440F
:10E53000A16209F0F3F9A16A606121F000410AF0DB
:10E5400051F8A16A606921F000410028A16253D00E
:10E55000C6E90005B560EBF78DFF0068016921F0A1
:10E5600040010161204670BDA06A4FF4C04161F3D3
:10E570001E00A0622046F6F7A5F8A26A014622F026
:10E580000040B0EB410F09D948004FF6FE71C7F6C5
:10E59000FF71084002F000410144A16209F0BEF998
:10E5A000606158B9A06A4FF4406161F31E00A06237
:10E5B0004FF4406009F0B2F96061E8B1D4E90001BC
:10E5C0004FF48036A26A0B1A06EB034322F0004296
:10E5D0001B1492FBF3F2C4E9020145F25651C5F255
:10E5E000555152FB01F1000C01EBD171E081500853
:10E5F00060822046218270BD002070BD486909F00C
:10E600008BBB00002DE9F04395B017460A681E4603
:10E610008946804611A910461A46002303F06AFF76
:10E62000002845D0BDF84C0000284BD0BDF84A105A
:10E63000002947D03A88BDF84E307F881344D9F876
:10E640000020BDF8505014895289274402442A44BE
:10E65000BF1AD8F80820ADF80430ADF8067001FAFA
:10E6600083F1B2F90050A9422CDB19B2B2F904309F
:10E67000994227DC39B2B2F902300844984221DBD2
:10E68000B2F9060081421DDC1198314603F02CFFDF
:10E69000C0B11199097B890714D101AA11AB0746B2
:10E6A000404649460097EFF7B1F915B0BDE8F08351
:10E6B000202E07D342F20C00864203D04FF6FF0013
:10E6C000864203D115B0BDE8F08300BF3888BDF89D
:10E6D0004E107A88BDF8503008441A44BDF84C10EA
:10E6E000BDF84A30114403440FB201B212B21BB25A
:10E6F0000FAE30460097F6F721F801AF3846FCF729
:10E70000E3FA0220B9F80C108DF807008DF82E00FE
:10E710008DF83A008DF81E000120D8F81030ADF8C1
:10E720002210ADF82400404639463246984715B0CD
:10E73000BDE8F0832DE9F04FC5B08B46498800292C
:10E7400000F03A8405469BF808000328C0F03484A2
:10E7500016881C8850885F88A64208BFB84200F01F
:10E760002B84CDE9092323B201EBD13132B21E460D
:10E7700009B29A42B8BF1646A6EB61063FB200B294
:10E78000ADF864609A42C8BF13463A46B842B8BF73
:10E79000024603EB6103A2EB6102ADF86830ADF80D
:10E7A0006620C8BF074607EB6100AA6819AEADF83E
:10E7B0006A0030463146E9F79BFF002800F0FC83F1
:10E7C0000A9AD5F80890AE600999B2F902604B88B0
:10E7D000B7B218B20C881288BB42089530D1BBF989
:10E7E000023016B2013B03F0010721B207EB6307C9
:10E7F0003246B142B8BF0A46ADF8E020C8BF0E4667
:10E80000711EADF8E410C11B00EB630038AFADF82A
:10E81000E210ADF8E60019AA38463946E9F768FF74
:10E82000002800F07A83BBF80600002800F0B480CE
:10E83000BBF804A0BAF1000F18BF4FF0010AADE019
:10E84000944231D1BBF90220B042A2F1010202F0A0
:10E85000010303EB620304EB6201A4EB0303ADF8D5
:10E86000E4103146ADF8E030B8BF0146ADF8E21033
:10E87000C8BF0646701E0DF1E008ADF8E60019AA03
:10E8800040464146E9F734FF002800F04683BBF8D4
:10E890000600002800F03081BBF804A0BAF1000F98
:10E8A00018BF4FF0010A29E1B04221463346B8BFF4
:10E8B00011460FFA81FAC8BF0346B042B8BF2246DC
:10E8C0000FFA82F83746B8BF0646C11BAAEB08000C
:10E8D00048BF49420028044648BF44429F1BCDF828
:10E8E0001890CDE9041048BF7F423946BBF90200B9
:10E8F000BC4238BF21463A464FEA411188BF224602
:10E90000B1FBF2F10FF2B862515C3F2211FB00291A
:10E910005046D045B8BF40465146A0EBE910C8BFAD
:10E92000414601EBE911ADF80C01A6EBE910ADF899
:10E93000101103EBE911ADF80E0143A8ADF8121167
:10E9400019AA01460793E9F7D3FE002800F0E382F5
:10E95000012000EAE910554600EB292ABC424FEAA3
:10E96000292740F2AB800598079C0128C0F29881C6
:10E97000F01BE11B0FB202B24FF0000C0BA8414696
:10E980002B46CDE9007CFBF719FA06EB0A0004EBF5
:10E990000A01AA4698E100BF4FF0000A3846FAF78C
:10E9A0003DFF06460BA81C2109F01CFEBBF8000029
:10E9B000002EADF834009BF808000B978DF844004A
:10E9C00008BFBAF1000F00F01381BDF9E000BDF8F7
:10E9D000E410CDF818900A1A511CBDF9E6900EB259
:10E9E000BDF8E210BAF1000F0592ADF8E61009D0BB
:10E9F000BBF90410BBF90620114490FBF1F202FBB5
:10EA0000110000E000200790304608F0D5FFBDF966
:10EA1000E240089D80464C450E90109700F37882A6
:10EA2000BAF1000F00F0EA80059847F6FF7180B256
:10EA3000884280F04382089D4FF0000A16E000BF34
:10EA400002208DF83C0028460BA9FCF7CDFFBDF84D
:10EA5000E200BDF8E6100130ADF8E200481C4C457C
:10EA600004F10104ADF8E60000F052824046314660
:10EA700009F0FAFDBDF9E01022B240463346FAF73C
:10EA800079FE00288DF83C00DDD0079900200CE0CD
:10EA9000BBF906703A449A42CCBF08F800A00021A6
:10EAA000013000B20131B042CADABBF904200BB226
:10EAB0009342EDDC401A10441146F1E7079908EB48
:10EAC0000A0005EB0A0234B20FFA81FA01B213B25E
:10EAD0004FF0000C0BA82246CDE900ACFBF76EF915
:10EAE000A8EB0700EA1B012701B213B238A822469F
:10EAF000CDE900A7AA46EFE04FF0000A4046FAF73A
:10EB00008DFE06460BA81C2109F06CFDBBF8000029
:10EB1000002EADF834009BF80800CDF82C808DF85D
:10EB2000440008BFBAF1000F62D0BDF8E000BDF8A4
:10EB3000E410CDF81890081A01300FFA80F9BDF8EA
:10EB4000E200BDF9E660ADF8E600484608F034FFA3
:10EB5000BDF9E2400746BAF1000F0E90CDF84080B3
:10EB600074D0089DB44200F39880BBF90400BBF94F
:10EB700006103246084494FBF0F1089D01FB104654
:10EB800002F1010A0DF12C0812E000BF28464146AF
:10EB90000136FCF729FFBDF8E200BDF8E6100130B0
:10EBA0000134ADF8E200481CA245ADF8E60074D08F
:10EBB0003846494609F058FDBDF9E01022B2384602
:10EBC0004B46FAF7D7FD00288DF83C00DED030B276
:10EBD000BBF904108842C4BF00228DF83C20BBF969
:10EBE0000620114481424FF00000D8BF0646CDE711
:10EBF000089D0BA92846FCF7F7FE8EE1089D6FEAF9
:10EC00000909013C0BAF40463146013409F02CFDA7
:10EC1000BDF9E01022B240463346FAF7ABFD8DF85D
:10EC20003C0028463946FCF7DFFEBDF8E20009EB60
:10EC300004010130ADF8E200BDF8E600013100F159
:10EC40000100ADF8E600DED162E100BF089DB442EC
:10EC500023DCF643013C0DF12C08384649460134CB
:10EC600009F002FDBDF9E01022B238464B46FAF732
:10EC700081FD8DF83C0028464146FCF7B5FEBDF805
:10EC8000E20031190130ADF8E200BDF8E6000131D3
:10EC900000F10100ADF8E600DFD1384639E100BFF0
:10ECA00006EB0A0004EB0A01A1460CB202B24FF0D7
:10ECB000000C0BA841462B46AA46CDE9004CFBF7B9
:10ECC0007DF8F01BA9EB07010CB2012702B238A8AE
:10ECD00041462B46CDE90047FBF770F80BA8002111
:10ECE000FAF708FB039038A80021FAF703FB9BF81A
:10ECF00009100290C8064FF6FF744FF6FF702AD431
:10ED0000049D059CA8EB050031190FB203B232B285
:10ED10000DF1B4094FF0030C48464146CDE9007CA3
:10ED2000FBF74CF8079AAAEB050011190EB203B2D3
:10ED300012B222AF4FF0020C38465146CDE9006CBA
:10ED4000FBF73CF848460021FAF7D4FA0446384667
:10ED50000021FAF7CFFABDF80C91BDF810A1CDE96A
:10ED60000404EBF787FBF9F7B5FA0DF5867807464B
:10ED70004046F5F7A7FCB84203D243A8F5F7A2FC3A
:10ED80000746384608F018FE0646BDF80E01BDF9E4
:10ED90001251ADF812013046394609F065FC1BA846
:10EDA0001C2109F01FFCBBF80000BDF90E41ADF8B5
:10EDB00074009BF80800AC42CDF86C808DF884009C
:10EDC0001E96CDF8808041DCAAEB090001300FFAD5
:10EDD00080F801354FEA48004FF00009079016E02F
:10EDE00002208DF87C0008981BA9FCF7FDFDBDF8FA
:10EDF000120139460130ADF80E01ADF8120130466E
:10EE000009F032FC4FF000090134A5421CD0BDF9D5
:10EE10000C1106EB090A22B250464346FAF7AAFC47
:10EE20008DF87C0018B95046414609F0DBFB079885
:10EE30004844B842D4D2BDF81201C1440130ADF803
:10EE400012010134A542E2D1BDF80E41BDF8120114
:10EE5000A1B2089D814209D00138ADF8120102200B
:10EE60008DF87C001BA92846FCF7BEFD304608F053
:10EE7000F9FE0BA8FAF7B0FC38A8FAF7ADFC059E2E
:10EE80004FF6FF74B0B2049FA0421CBF0DF1B40056
:10EE9000FAF7A2FCB8B2A0421CBF0DF18800FAF745
:10EEA0009BFC0398FBF7E2FE0298FBF7DFFE30B213
:10EEB000FBF7DCFE38B2FBF7D9FE2CE0089D6FEAC9
:10EEC0000909013C0BAF40463146013409F0CCFB47
:10EED000BDF9E01022B240463346FAF74BFC002859
:10EEE00018BF012040008DF83C0028463946FCF749
:10EEF0007BFDBDF8E20009EB04010130ADF8E20052
:10EF0000BDF8E600013100F10100ADF8E600DAD10C
:10EF1000404608F0A7FEDDF818909BF8090010F0B5
:10EF20000C0F47D00BA8FBF7CFFEBBF80000BBF9D6
:10EF30000210ADF8300047F6FF70ADF82C009BF8DA
:10EF400008004C108DF82F009BF8090061F00101BA
:10EF5000420701F1010616D50998018840880A1B6D
:10EF6000ADF8E020021BADF8E22032191144104444
:10EF7000ADF8E410ADF8E6000BA938AA2846FBF777
:10EF800089FE9BF80900000714D50A98018840887B
:10EF90000A1BADF8E020021BADF8E2203219114443
:10EFA0001044ADF8E410ADF8E6000BA938AA2846E5
:10EFB000FBF770FEC5F8089045B0BDE8F08F00BFC4
:10EFC000808080818182828384858687898A8C8DF6
:10EFD0008F91939597999B9EA0A2A5A7AAADAFB23A
:10EFE000B50000002DE9F04F8FB0002A00F0A0829C
:10EFF0001E46032BC0F09C828046B000174689460F
:10F0000008F0DAFC002800F093823968A6F1010EBE
:10F010000160B11E03290EF0030C4DD2002300261F
:10F02000BCF1000F2FD007EB830137F823208B882A
:10F030009A4203D14A88CB889A4204D0B2B20B6874
:10F04000013640F82230BCF1010F1CD08A880B89B0
:10F050009A4203D1CA884B899A4204D0B2B24B6813
:10F06000013640F82230BCF1020F0CD00A898B899E
:10F070009A4203D14A89CB899A4204D0B2B28B68B2
:10F08000013640F822303A8837F82E3007EB8E01EF
:10F090009A4203D17A884B889A4204D0B2B2096866
:10F0A000013640F82210B3B2022B47D80FB0BDE8AA
:10F0B000F04F08F0D7BD00BF2EF00301002300265B
:10F0C00008E000BFB2B2E568013640F822500433D0
:10F0D0009942A5D007EB830437F82350A2889542C4
:10F0E00003D16288E588AA4205D0B2B257F823500E
:10F0F000013640F82250A2882589AA4203D1E2882D
:10F100006589AA4204D0B2B26568013640F822503F
:10F110002289A589AA4203D16289E589AA4204D03D
:10F12000B2B2A568013640F82250A289258AAA42C7
:10F13000C8D1E289658AAA42C4D1C8E74EF2010269
:10F14000032B03F00301CDF80C90CDF8148004914B
:10F150000990069308D141F6FF7A002341F6FF712A
:10F160004EF201076BE000BF00F1080108916FF05B
:10F170000C0101EA830141F6FF7A07914FF0000983
:10F18000002341F6FF714EF2010C4EF2010800BF60
:10F1900030F909200FFA8AFA00EB09050A93924523
:10F1A000A8BF924609B2B5F902700FFA8CF3B942C2
:10F1B0000FFA88F4B5F904E0B5F90A60B5F90CB0B6
:10F1C000A8BF39469342C8BF1A46BC42C8BF2746AB
:10F1D000089CF24504EB090333F9023CA8BFF24650
:10F1E0009942A8BF19467245D8BF724634F9094002
:10F1F0009F420998D8BF1F46A245A8BFA246B14268
:10F20000A8BF3146A242D8BF2246B742D8BF374630
:10F21000B5F90E30DA45A8BFDA469942A8BF1946BB
:10F220005A45D8BF5A469F42D8BF1F460A9B079EE1
:10F2300009F1100904334E459446B846A8D1049C00
:10F24000DDF81480002C48D030F9235000EB830304
:10F250000FFA8AFAB3F9026009B2AA45A8BFAA4612
:10F2600012B2B142A8BF31463FB2AA42C8BF15464A
:10F27000B742C8BF3E46012C02D12A4637462CE091
:10F280000FFA8AFAB3F90420B3F9067009B292456D
:10F29000A8BF92462DB2B942A8BF394636B29542B0
:10F2A000C8BF2A46BE42C8BF3746022C15D00FFA47
:10F2B0008AFA16B2B3F90820B3F90A3009B29245B6
:10F2C000A8BF92463FB29942A8BF19469642C8BF0E
:10F2D00032469F42C8BF3B461F46ADF83820D8F89B
:10F2E00008200BAEADF836100DA93046ADF834A0AD
:10F2F000ADF83A70E9F7FCF9A0B1D8F80810069813
:10F300000291DDF824E0421EBEF802100238032804
:10F3100002F0030CC8F80860089209D20026012206
:10F3200029E000BF099808F09DFC0FB0BDE8F08F00
:10F3300022F00302002600230EEB830709B2B7F97F
:10F340000650B7F90A40B7F90E008D42B7F91270AE
:10F35000BCBF5E1C29468C42BCBF9E1C2146884215
:10F36000BCBFDE1C014604338F42BCBF1E4639467B
:10F370009A42E1D15A1CBCF1000F24D00EEB82005E
:10F3800009B2B0F902708F42B8BF1646BCF1010F46
:10F3900019D0501C0EEB80038F42B3F90230B8BF76
:10F3A00039468B42B8BF0646BCF1020F0BD0901C09
:10F3B0000EEB800209B2B2F902208B42B8BF1946A7
:10F3C0008A42B8BF0646069F2C2007FB00F008F0D3
:10F3D000F3FA099C804630B2002104EB8002012838
:10F3E000B8BF394602EB8101DDF820E0002331F897
:10F3F000045C34F820608645C8BF431CA5EB060CAE
:10F4000034F8235004EB830331F8021C52885B88E4
:10F41000AE1B891A9A1A11FB06F112FB0CF28C46EC
:10F4200082464FF000090A92CDF81C80049105E055
:10F4300009F10109DA46B945304667D20A998C4587
:10F440000CDA70454FF000065146B8BF461CBAF1C1
:10F45000000FD8BF3944A1F1010B0AE00028014692
:10F460004FF0000BD8BF39444E1EF245B8BF0AF129
:10F47000010B04EB860104EB8003B1F90250B3F9F0
:10F480000220954202DA06461AE000BF16D009882B
:10F490001888814212D00BB201B240460127CDE953
:10F4A0000057FAF78BFC07994046F9F723FFDDE98F
:10F4B00008E4DDF810C0069F08F12C0809F10109E5
:10F4C000B94523D004EB8B0004EB8A01B0F902505C
:10F4D000B1F902209542AEDBAAD0038808888342A6
:10F4E000A6D01BB201B240460027CDE90057FAF77B
:10F4F00065FC07994046F9F7FDFEDDE908E4DDF813
:10F5000010C0069F08F12C0892E700BF059D0399E3
:10F510000DAA2846FBF7BEFB079E3046FBF7FEFA16
:10F52000304608F09FFB204608F09CFB0298A8603C
:10F530000FB0BDE8F08F00002DE9F04FADB0884668
:10F54000C98D93460029824600F0218798F83670CD
:10F55000032FC0F01C87B8F93400B8F83020012917
:10F5600008D1002806DC2AB9B8F83220002A00F0B9
:10F570000E870022BBF8003001EBD1311B1A03EBE0
:10F580000209BBF804300244D618BBF80220B8F8D0
:10F590003230121AD418BBF8062009B218440123DD
:10F5A00085186FEA610003EB610109EB0002ADF819
:10F5B000AC2072182044ADF8B020ADF8AE00681849
:10F5C000DAF80820ADF8B20029A82BA9E9F790F8DD
:10F5D000002800F0DC86DBF80000DBF80410279040
:10F5E000289127A84FF0FF314FF0FF320797CDF851
:10F5F00044A0CDF814B0F5F781F8BDF89C00BDF833
:10F60000A010BDF8A220081ABDF89E100130511AB2
:10F61000013100B209B2B8F900708842B8BF0146A2
:10F62000A6EB09002C1B0130621C00B212B2B7EB32
:10F63000610F3B46A8BF4B100D939042B8BF0246E6
:10F64000B8F92E00B7EB620FA8BF571038441390DB
:10F6500000FB00F0400008F0AFF9B8F82E508346E8
:10F6600005EBD5304FF0FF3200B2069207EB600198
:10F67000013A2A431144012202EB600204EB6000CC
:10F68000ADF88620F24307FA85F34A44ADF88810B6
:10F69000114402301C46ADF88410ADF88A0016A85B
:10F6A00021A93A460023CDF830800FFA85FAFAF7FF
:10F6B00083FF2046012D0A9518BF4FEA6A0508F01E
:10F6C0007BF90FFA85F8012C0B95254681460E949F
:10F6D000C0F2A88068001590A9F101000F9007EB17
:10F6E0000A00411E0238109001F0030021F0030CC3
:10F6F0004FF0000A5F461290CDF850B00FE000BF07
:10F700001599384608F06EFF5D46DDF850B0A44606
:10F7100015980AF1010AAA45074400F0838048467B
:10F720002946644608F0A0FF169E0FFA8AF22BB213
:10F7300048460021AB4616AD0095B0470028DFD003
:10F7400099F80000BBF1010F4FEA801090FBF8F030
:10F750005D46DDF850B0A4463880D9D01099032911
:10F7600004D20121129A92BBD2E700BF00210422E9
:10F7700009EB01035C7819F80160B4421CBFA001D9
:10F7800090FBF8F007EB4104043160805D789E78CF
:10F79000AE421CBFB00190FBF8F0B8529D78DE7805
:10F7A000AE421CBFB00190FBF8F0BE187080DE784E
:10F7B0001B790832B3421CBF980190FBF8F08C45CE
:10F7C0002081D5D10E9D0131129A002AA0D00F9B25
:10F7D00019F801205B5C9A421CBF900190FBF8F085
:10F7E000129A27F81100012A92D04A1C19F8023007
:10F7F00019F80160B3421CBF980190FBF8F0129B0E
:10F8000027F81200022B3FF483AF0F9B023119F847
:10F8100001205B5C9A421CBF900190FBF8F027F836
:10F82000110075E748462E4608F01CFA16A8F9F7AD
:10F83000D3FF0B9DA8B2012814D1DDF844A0DDF858
:10F840004C80DDF83490002E00F0CC8006FB06F0F2
:10F850000128014698BF0121042801F0010063D26C
:10F8600000217DE00A980FFA86F900F0010448466D
:10F8700041465A4618F07CFA281901B206FB06F5F3
:10F8800001293DDDDDF844A0DDF84C80344695B318
:10F8900088B24FF47F52B2FBF0F7042D05F0030C51
:10F8A00080F0228200230E9CBCF1000F23D03BF895
:10F8B00013203AB13846FF2A1CBF9001B0FBF1F08B
:10F8C0002BF81300BCF1010F15D00BEB430253884A
:10F8D00033B13846FF2B1CBF9801B0FBF1F05080CC
:10F8E000BCF1020F07D093882BB1FF2B1CBF9801EE
:10F8F000B0FBF1F7978048465A4618F039FA04E011
:10F90000DDF844A0DDF84C803446DDF83490002C5E
:10F9100068D0012D294698BF0121042D01F0030074
:10F9200036D200214BE000BF21F00302ABF102030D
:10F93000002100BF5F880BEB4106BF090BF8017087
:10F9400077880BEB0105BF096F70B7880431BF09D9
:10F95000AF7033F8087F8A424FEA9717EF70E9D10A
:10F9600000283FD03BF8112001284FEA92120BF8F3
:10F97000012037D04A1C3BF8123002284FEA93137B
:10F980000BF802302ED0881C3BF81010890927E0B4
:10F9900021F00302ABF10203002100BF9F780BEBC3
:10F9A00041060BF80170B7780BEB01056F703779E2
:10F9B0000431AF7013F8087F8A42EF70EED188B13E
:10F9C0001BF8112001280BF801200BD04A1C1BF852
:10F9D000123002280BF8023004D0881C3BF81010BB
:10F9E0000BF800102BA8F9F719FF40B90C98C07854
:10F9F000FF2804D10C988078002800F0AB810FFA22
:10FA000089F221AC27A920460123FAF7D5FD20462B
:10FA1000002100221592F9F76DFC0690BDF8AC00AC
:10FA2000BDF8B010081A013000B207F0C5FF044657
:10FA300016A81C2108F0D6FD0C99BDF8B020888DC1
:10FA4000BDF8AE30ADF8600091F8360089788DF8D9
:10FA50007000BDF8AC00BDF8B2708DF87110111ACD
:10FA60000131FF1A8EB20137BDB201EBD63607EB7A
:10FA7000D53736B23FB200EB6600ADF88020A2EB7E
:10FA8000080203EB67070132A8F1010612B2ADF8D4
:10FA90007E300A96334406B21FA918B23BB21691C3
:10FAA0001B9112941994B2420896D8BF3246ADF811
:10FAB0007C2098420B93A8BF1846DAF80820ADF8CE
:10FAC00082001DA8E8F714FE00280FFA89F00D90B7
:10FAD00034D00D9A1DA827A9E8F73AFE70BBBDF8EF
:10FAE0007800BDF974401599BDF97620BDF9AE9046
:10FAF000BDF9B050A0EB040731B116460D9A1DA810
:10FB000027A9E8F791FE3246B8B247F6FE7188425F
:10FB100014D8BDF87400BDF87810ADF87C00BDF9BC
:10FB20007660BDF97A00ADF88010129986424FF0E8
:10FB3000020019918DF8680040F31081BDF8B00003
:10FB4000BDF8B210ADF88000A0EB0800013000B2A3
:10FB5000A1EB0802ADF88210089901328842D8BFA3
:10FB600008460B99ADF87C0010B201318142099131
:10FB7000C8BF0846DAF80820ADF87E001DA81FA906
:10FB8000E8F7B6FDA0B30D9A1DA827A9E8F7E0FD98
:10FB900070BBBDF87800BDF974401599BDF97A20A5
:10FBA000BDF98290BDF9B050A0EB040731B1164603
:10FBB0000D9A1DA827A9E8F737FE3246B8B247F6D6
:10FBC000FE71884214D8BDF87400BDF87810ADF805
:10FBD0007C00BDF97600BDF97A60ADF8801012990D
:10FBE00086424FF0020019918DF8680080F2EA8099
:10FBF000BDF8AC00BDF8B0104044ADF87C00A1EBFE
:10FC00000800BDF8AE10ADF880000A98ADF87E107F
:10FC1000084400B20B998842A8BF0846DAF80820C9
:10FC2000ADF882001DA81FA9E8F762FD002800F0CA
:10FC300022810D9A1DA827A9E8F78AFD002840F027
:10FC40001A81BDF87400BDF87810159ABDF9765088
:10FC5000BDF97E70A1EB000422B10D9A1DA827A961
:10FC6000E8F7E2FDA0B247F6FE71884200F2038198
:10FC700015980028129818BF0020BDF8741019902C
:10FC8000BDF97660BDF97A00ADF87C10BDF878104A
:10FC90008642ADF8801000F3EE80E81B00FB08B749
:10FCA0001598002800F0C28016AC0DE08DF87000A9
:10FCB00050462146FBF798FE701C06B2BDF97A004B
:10FCC0004744864200F3D780ADF87E60ADF882608D
:10FCD00007993878FD29E9D80C9991F8361001FB7D
:10FCE00000F0000AE2E700BF25F003060BF1040272
:10FCF000002305E004339E4202F108023FF4D3AD35
:10FD000032F8044C3CB13846FF2C1CBFA001B0FBBC
:10FD1000F1F022F8040C32F8024C3CB13846FF2CCA
:10FD20001CBFA001B0FBF1F022F8020C148834B122
:10FD30003846FF2C1CBFA001B0FBF1F010805488A6
:10FD4000002CD7D03846FF2C1CBFA001B0FBF1F02F
:10FD50005080CFE70120159060E600BFA2EB0900BC
:10FD600000FB08B0E94340447A1C08440FFA82F9CA
:10FD7000129D071916AC0CE0199750462146FBF767
:10FD800033FE701C06B2BDF97A00474486423FF745
:10FD9000D5AE1598ADF87E600028ADF88260EBD145
:10FDA00028463946424608F023F8BDF9741032B2AD
:10FDB00028464B46F9F7DEFC012808BF02208DF8E3
:10FDC0006800DAE7A9EB020000FB08B0E943404411
:10FDD0007A1C08440FFA82F9129D071916AC0CE040
:10FDE000199750462146FBF7FFFD701E06B2BDF97C
:10FDF000760047448642FFF6FBAE1598ADF87E606C
:10FE00000028ADF88260EBD128463946424607F01B
:10FE1000EFFFBDF9741032B228464B46F9F7AAFC41
:10FE2000012808BF02208DF86800DAE7601C04B2E0
:10FE3000129D0DF15809ADF87E60ADF882603978F9
:10FE40002846224608F014FBBDF9741032B2284649
:10FE50002346F9F78FFC012808BF02208DF86800BF
:10FE600050464946FBF7C0FD701C06B2BDF97A004A
:10FE700047448642DFDD0C98BDF8AC1090F83600A0
:10FE80008DF8700001EB0800BDF8B010ADF87C00F3
:10FE9000A1EB0800BDF8B210ADF88000A1EB08009E
:10FEA000013000B2ADF8821009998142C8BF0846FE
:10FEB000DAF80820ADF87E001DA81FA9E8F718FCA5
:10FEC000002800F086800D9A1DA827A9E8F740FCBD
:10FED00000287ED1BDF87420BDF8781047F6FE7773
:10FEE000881A83B2BB4274D8BDF98230BDF97A70EA
:10FEF000DB1B03FB08B6159BE3B30D9A1DA827A9CE
:10FF0000E8F792FCBDF97620BDF97A40BDF874009F
:10FF1000BDF87810002394421993ADF87C00ADF839
:10FF2000801056DB0DF1740927AD16AF0DE000BF50
:10FF30008DF8700050463946FBF756FD601E04B23E
:10FF4000BDF976004644844243DB0D9A4846294673
:10FF5000ADF87E40ADF88240E8F766FC079930784E
:10FF6000FD29E5D80C9991F8361001FB00F0000A44
:10FF7000DEE700BF129BADF87C201993BDF9763007
:10FF8000ADF880109F4224DB013004B2129D0DF1C8
:10FF90005809ADF87E70ADF8827031782846224657
:10FFA00008F066FABDF974103AB228462346F9F70C
:10FFB000E1FB012808BF02208DF868005046494641
:10FFC000FBF712FD781E07B2BDF976004644874262
:10FFD000DFDA0C98BDF8B01090F83600ADF880105C
:10FFE0008DF87000A1EB0800BDF8AE10BDF8B2208E
:10FFF000414409B2099BA2EB08028B42B8BF1946E3
:020000040802F0
:1000000012B2ADF87E100B99013000B28A42D8BF0F
:100010000A460899ADF882208842D8BF0846DAF827
:100020000820ADF87C001DA81FA9E8F761FBB8B354
:100030000D9A1DA827A9E8F78BFB88BBBDF87800AF
:10004000BDF974100A9A441ABDF9B00002FB08B257
:10005000C0434244104400EB01091598002812984F
:1000600005D00D9A1DA827A9E8F7DEFB4846A1B2E6
:1000700047F6FE729142199012D8BDF87400BDF98E
:100080007660ADF87C00BDF87800BDF97A10ADF867
:1000900080008E424FF002008DF8680040F3948299
:1000A000B8F1020F80F22482BDF8AC000A99ADF8D5
:1000B0007C000844BDF8AE10BDF8B220414409B23E
:1000C000099BA2EB08028B42B8BF194612B2ADF8E9
:1000D0007E100B9900B28A42D8BF0A460899ADF843
:1000E0008220A1F101098145B8BF4846DAF808200D
:1000F000ADF880001DA81FA9E8F7FAFAA8B30D9A79
:100100001DA827A9E8F724FB78BBBDF87800BDF946
:1001100074100A9A441ABDF97C0002FB08B2081A4E
:1001200002EB000815980028129805D00D9A1DA81A
:1001300027A9E8F779FB4046A1B247F6FE72914243
:10014000199012D8BDF87400BDF97660ADF87C0046
:10015000BDF87800BDF97A10ADF880008E424FF0FE
:1001600002008DF8680040F35982BDF8AC000A9A8D
:10017000ADF87C001044BDF8AE1000B2ADF87E10B2
:1001800011448145B8BF484609B2ADF880000B98CC
:100190008142B8BF0846DAF80820ADF882001DA8F1
:1001A0001FA9E8F7A5FAA8B30D9A1DA827A9E8F793
:1001B000CFFA78BBBDF87800BDF974401599BDF948
:1001C0007670BDF97C30BDF97E50A0EB040831B1EA
:1001D0000D9A1DA827A91E46E8F726FB33461FFAED
:1001E00088F047F6FE7188421298199012D8BDF82F
:1001F0007400BDF97660ADF87C00BDF87800BDF9FB
:100200007A10ADF880008E424FF002008DF8680041
:1002100040F32E82BDF8AC000A9AADF87C00BDF820
:10022000B2101044139AADF882108A1A013212B239
:10023000099900B29142C8BF0A46ADF87E208145B7
:10024000B8BF4846DAF80820ADF880001DA81FA9FD
:10025000E8F74EFA90B30D9A1DA827A9E8F778FAA7
:1002600060BBBDF87800BDF974401599BDF97A906E
:10027000BDF97C80BDF98250A0EB040721B10D9A35
:100280001DA827A9E8F7D0FAB8B247F6FE71884250
:100290001298199012D8BDF87400BDF97610ADF817
:1002A0007C00BDF87800BDF97A60ADF880008E4220
:1002B0004FF002008DF8680080F21082BDF8AC00AB
:1002C000139ABDF8B0101044ADF87C00881ABDF840
:1002D000AE10ADF880008818BDF8B210ADF87E0001
:1002E000881AADF882001298DAF8082019901DA833
:1002F0001FA9E8F7FDF9C0B30D9A1DA827A9E8F7D3
:1003000027FA90BBBDF87420BDF8781047F6FE7749
:10031000881A83B2BB4228D8BDF97660BDF97A301D
:10032000ADF87C209E42ADF880101EDC013004B296
:10033000129F16AD38462146ADF87E60ADF882605A
:1003400008F092F9BDF9741032B238462346F9F735
:1003500011FA8DF8680050462946FBF745FB701CE2
:1003600006B2BDF97A008642E4DD159828B921A8C5
:10037000F9F732FA0698FAF779FC584607F072FC5A
:10038000129807F06FFCDDF83080DDF814B05046AD
:1003900041465A46ECF7B0FB504641465A46ECF708
:1003A00019FE98F82200032855D3B8F82010002928
:1003B00051D098F8232012F03E0F4CD012F00103D8
:1003C00049D1BBF80060BBF80450BBF802E0AB1B9E
:1003D000BBF806C001331FB2ACEB0E0301331CB2F5
:1003E000B8F90030A742B8BF3C46B3EB640FA8BFD2
:1003F0006310170701EB03040F46C4F1000458BF54
:1004000027463E44ADF85860D6060E4658BF2646ED
:10041000AD1BADF85C5055070D4658BF254605EBA2
:100420000E07ADF85A70920748BF0C46591A09B228
:10043000B8F81E6021EAE171ACEB040298F8027092
:10044000ADF85E20CDE90016029016AA5046594636
:100450000397ECF7EDFE98F82A00032844D3B8F888
:100460002610002940D0B8F82860BBF80020BBF85F
:100470000230BBF80470BBF80650013E921B9B1B78
:1004800037442E44551AADF884507D18ADF85820E5
:10049000ADF85A30ADF888505D1ABA1AF31A013225
:1004A000013312B21BB2ADF85C70B8F90070ADF850
:1004B000865075189A42ADF85E60B8BF1346B7EB28
:1004C000630FADF88A50A8BF5F10B8F824203944F4
:1004D00098F802600BB2CDE90072029021A916AA29
:1004E00050460396ECF7A4FE2DB0BDE8F08F00BF98
:1004F0004FF0FF3000EB58024FF6FC70C3F6FF7070
:10050000C8F3410300EA58004FF000094746DE46B1
:1005100000260E90CDE90F3207E000BF013630B261
:1005200047448045C1447FF7BFAD7546C644032AA2
:1005300074462FD30E9D4B463C4600BF0BEB040880
:1005400018F801AC1BF803C00BEB03010BF803A078
:1005500008F801CC18F8020C4A78487008F8022C08
:1005600018F8030C8A78887008F8032C18F8040C23
:10057000CA78043C043D03F10403C87008F8042C55
:10058000DCD10BEB0305DDE90F32DDF844A0DDF82B
:100590004C805C44002BC1D014F8010C2978012B4D
:1005A000287004F8011CB9D014F8020C6978022BE9
:1005B000687004F8021CB1D014F8030CA978A87074
:1005C00004F8031CAAE700BF601C04B2129D16AF1A
:1005D0000BE000BF50463946FBF706FA701C06B226
:1005E000BDF97A0086423FF75BAD1598ADF87E60A5
:1005F0000028ADF88260EDD128464946224607F032
:10060000F7FBBDF9741032B228462346F9F7B2F869
:10061000012808BF02208DF86800DBE7601C04B2E7
:10062000129D16AF0BE000BF50463946FBF7DCF9D0
:10063000701C06B2BDF97A0086423FF796AD159858
:10064000ADF87E600028ADF88260EDD128464146C5
:10065000224607F0CDFBBDF9741032B2284623467E
:10066000F9F788F8012808BF02208DF86800DBE759
:10067000139A781B08F1010100FB02B0E21A09B2DB
:10068000DDF84880871816AC11910DE0139D19977D
:1006900050462146FBF7A8F9701C06B2BDF97A0056
:1006A0002F4486423FF7B6AD1598ADF87E6000281E
:1006B000ADF88260EAD1139D404639462A4607F0DC
:1006C00097FBBDF9741032B2119B4046F9F752F80E
:1006D000012808BF02208DF86800D9E7139AA5EB1E
:1006E0000900791C00FB02B0A4EB08020FFA81F8A4
:1006F000129C87180DF158090EE000BF139D199741
:1007000050464946FBF770F9701E06B2BDF97600F7
:100710002F448642FFF6D2AD1598ADF87E600028D2
:10072000ADF88260EAD1139D204639462A4607F08B
:100730005FFBBDF9741032B220464346F9F71AF850
:10074000012808BF02208DF86800D9E72DE9F04F95
:10075000A9B0349D49F69910B5F90060CFF6FF7045
:1007600006FB00F02492821402EBD077B5F80290D9
:10077000D5F80480384622930C4612F0C5FE054693
:10078000781C12F0C1FE834607F15A0012F0BCFE3D
:10079000824607F15B0012F0B7FE6188E28847F6F7
:1007A000FE73511A8AB218949A4201F2BF8007EB85
:1007B0008702B3B25242C6EB42021293C2F10A0759
:1007C00007FB05F64FF48033B3FBF9F902FB0B632B
:1007D00046F2676607FB0AF7C6F2666653FB06F346
:1007E00002FB00709A1050FB06F002EBD3728310EC
:1007F00003EBD07055110FFA88F247114FEA084009
:100800000E92189ADDE932EC00120B909088128853
:10081000013189B2F346821A0892501C0BFB0CF28C
:10082000249B0D914FF6FC71014003EB42021F9196
:1008300081B24FEA284E1592CDF828E04FEA0E22F9
:100840008E4605FB09F106B2039107FB09F100F0A2
:1008500003000291711E049037980591229923900C
:10086000369801391691ABF101010791710025907D
:1008700006304FF0000B002309921A960C91199044
:10088000CDF878E0CDF84490CDE90F7516E000BFC3
:100890000021395425980C99179B084425901A98E3
:1008A000013307440D982397DDE90F7583421998AA
:1008B000DDF844900844199001F038801899129A94
:1008C000B1F90000B1F902101944179392B30E9ECA
:1008D000B9F5807FA0EB06030A98A1EB000103FBAA
:1008E00007F001FB05FE01FB150035D103FB05F305
:1008F00001FB07FC01FB0731189BDDF82480B3F9ED
:1009000004300B9A9B1B03FB07F603FB05C3A6EB06
:100910000E0608EBA10102EBA00A02EBA60208EB0F
:10092000A303DDF878E01A9E022E3DDA002027901E
:10093000002444E00E9BB9F5807F40F0CF80189AE8
:100940000902B2F904204FEA002A12020B461A9E4D
:10095000022E29DAEAE700BFDDF80CB000FB09FA45
:1009600003FB0BF3029801FB00FC01FB0031189B19
:100970000998B3F9043000EBA1219B1B03FB07F896
:100980000B9EA8EB0E0202FB09F203FB0BC306EB66
:10099000AA2A06EBA22200EBA3234FF0000BDDF8FE
:1009A00078E01A9E022EC1DBA2EB0A020598120221
:1009B00092FBF0F25B1A27921A0292FBF0F40AF112
:1009C0008000289034988031007D2691C0073598AA
:1009D0002194A0F1040065D1239F10283FF65AAF5F
:1009E000DFE810F01400E000140012001200120002
:1009F0001200120012001200120012001200120067
:100A000012001200920000BF44E700BF089884B2B1
:100A1000E9F730FD00681A99B0F83880384607F0D9
:100A200023FE219EDDF878E047F6FE7084423FF613
:100A300031AF3598062840F09F82229BBEF1040F0B
:100A400080F0528400200499DDF878E0219D00298F
:100A50003FF420AF2799289A00FB01F102EB2121F6
:100A6000229A0912002900F1B985914280F2B685D7
:100A700000FB05F2269B03EB22221212002A00F152
:100A8000AD85329B9A4280F2A985339B02FB03F22B
:100A9000249B03EB420232F81110259A22F8101021
:100AA00000F0A1BD239F10283FF6F4AE0021139162
:100AB0000222209200221492DFE800F0BA0C660AAB
:100AC0000A0A0A0A0A0A0A0A0A0A0A0AB40000BF3B
:100AD000E0E600BF012014900320A6E00A9A0B9ED6
:100AE000A1EB020C189A0999B2F904200CFB091128
:100AF000C01AD21A00FB096A02FB09620B461A9E51
:100B0000022EBFF651AF11E7089847F6FE7180B28A
:100B100088423FF6BFAEBEF1040F80F06582002030
:100B20000499DDF878E0219D00293FF4B3AE2799C0
:100B3000289A00FB01F102EB21210A12002A00F1A0
:100B4000B78522998A424FF0000115DA00FB05F3C0
:100B5000269E06EB23231B12002B0DD4329EB3429C
:100B60000ADA339903FB0121249A259B32F81120DC
:100B700023F81020159A515C049A3954012A3FF445
:100B800089AE00F09BBD00BFE9F774FC0068219CB2
:100B9000008FDDF878E0139001201490022020905F
:100BA00046E000BF089847F6FE7180B288423FF6E3
:100BB00071AEBEF1040F80F0D38200200499DDF8FD
:100BC00078E0219D00293FF465AE2799289A00FB23
:100BD00001F102EB21210A12002A00F199852299E4
:100BE0008A424FF0000116DA00FB05F3269E06EB61
:100BF00023231B12002B0ED4329EB3420BDA3399FF
:100C000003FB0121249B01EB41015A5A1944259B06
:100C100023F810208978049A3954012A3FF43AAE17
:100C200000F07CBD01201490022020900020139041
:100C3000089847F6FE7180B288423FF62BAE339893
:100C40002099002301FB00F00021069000200AE01B
:100C5000239F00BF07F801B0279A013110448E4549
:100C600023443FF417AE289A02EB20224FEA222AAF
:100C7000BAF1000FEED4229EB245EBDA269E06EBC7
:100C800023284FEA2826002EE4D4329DAE42E1DA32
:100C90005FFA82F96FF0FF0404EB49055FFA88FB05
:100CA000B9F1800F4FF0FE0738BFA7EB49051D953E
:100CB0004FF0010504EB4B0438BF4FF0FF35BBF19B
:100CC000800F38BFA7EB4B04339F1C9406FB07A48F
:100CD00006FB07F74FF0010E38BF4FF0FF3E1B97A2
:100CE000249FDDF880C004FB0C7C15EB0A042FD494
:100CF000229FBC422CDA1EEB060429D4329FBC4250
:100D000026DA209A05FB02C9069A02FB0EC6149A3F
:100D1000002A00F07D80359F142F00F0E780DDF879
:100D200078E0219C062F00F0CD80052F4FF0000BBE
:100D300040F0D980CDF804C00CF1020EB41C09F1CA
:100D4000020C22789EF80070BA4240F0E580ECE098
:100D5000359CBCF80050259F142C27F8115013D057
:100D6000DDF878E0062C07D0052C0CBF9CF802C0FB
:100D70004FF0FF0C0FE000BF139FB5EB070C18BF3F
:100D80004FF0FF3C07E000BF159F1B9DDDF878E0AA
:100D90003D4415F80AC0B9F1800F4FF000054FF03F
:100DA000000438BF0125B2F5807F38BF0124169AB0
:100DB000BAEB020218BF01222C4219D12A4317D0E4
:100DC000BBF1800F4FF000024FF0000538BF012249
:100DD000B8F5807F38BF0125079C371B18BF012756
:100DE000154207D13A4305D0239F00220BE000BFF4
:100DF0001D9F00E01C9F5FFA8CF2C7F1FF0707FB05
:100E000002F2239F120A219C4FF0000B7A5423E731
:100E1000BCF80050B9F800C03288239FDDF878E0B4
:100E2000219CFF264FF0000B7E54954208BF65457C
:100E300000F09E801C9C05EB054602EB02454FF638
:100E40001F0804F0FC07C0F2E078043706EA080641
:100E500005EA08051D9AFF08AD1B05FB07F702F020
:100E6000FC050CEB0C42043502EA0802ED08921B6B
:100E700002FB05F206EB571706EB52124FF4FC6526
:100E800005EA174605EA12454FF61F0C02EA0C0266
:100E900007EA0C072A44374407EB074702EB0242F4
:100EA00007EA080702EA0802D21B07EB5202259E56
:100EB00002EA080242EA1242219C239F26F81120EE
:100EC000CAE600BFBCF80070139A4FF0000B9742BF
:100ED0003FF4BEAE378897423FF4BAAEB9F800701F
:100EE00097423FF4B5AEFF22FF2530E0DDF8548095
:100EF0001B9ACDF804C008EB020707EB0A0E339FDC
:100F00000EEB050C04FB07844FF0000B54442278D1
:100F10009EF80070BA4208D01C9D05FB02F4C5F58E
:100F2000807505FB0745C5F307229CF80050DDF8E6
:100F300078E0BD4208D01D9C04FB05FCC4F580751B
:100F400005FB07C7C7F30725219CDDF804C0AF18D0
:100F5000239D7F086F542F463FF47EAEBCF80050AF
:100F60003288B9F800C0954208BF65457FF462AF8A
:100F7000259A22F811506FE6229ABEF1040F80F0F4
:100F80007F8200200499DDF878E0219D00293FF45C
:100F900081AC2799289A00FB01F102EB2121229ACA
:100FA0000912002900F15083914280F24D8300FB29
:100FB00005F2269B03EB22221212002A00F1448341
:100FC000329B9A4280F24083339B02FB03F2249BC4
:100FD00003EB420232F81110259A22F810100499FE
:100FE00001293FF457AC35E32798DDF8648000EB26
:100FF00040014FEA800A209104EB4401229B1D919D
:10100000410060004FEA84091C904FF0000C4FF043
:10101000000E00200CE000BF0025E5701F9C04308E
:10102000239FD644CC44844208F108083FF478ADAD
:10103000289A02EB2E242512002D17D49D424FF042
:10104000000414DA269A02EB2C263612002E0ED457
:10105000329A96420BDA339C06FB0454249D35F8F1
:10106000145028F8065C159D2C5D00E00024279A9A
:101070003C5402EB0E05289A02EB25252E12002E79
:101080001CD49E424FF0000519DA219A02EB0C04A1
:10109000269A02EB24242412002C10D4329A944273
:1010A0000DDA339D04FB0564259D249E05EB400568
:1010B00036F814606E80159D2D5D00E00025289A9D
:1010C00001EB0E0402EB24263C183612002E65704C
:1010D0001CD49E424FF0000519DA1C9A02EB0C0753
:1010E000269A02EB27273F12002F10D4329A9742FC
:1010F0000DDA339D07FB0565259E249F06EB400610
:1011000037F81570B780159E755D00E00025209AB0
:10111000A57002EB0E06289A02EB26263612002E48
:101120003FF57AAF9E424FF00005BFF676AF1D9AAD
:1011300002EB0C07269A02EB27273F12002F3FF500
:101140006CAF329A9742BFF668AF339D07FB0565D7
:10115000249E36F81560A8F80060159E755D5CE762
:101160002798DDF8648000EB40014FEA800A209167
:1011700004EB4401229B1D91410060004FEA840969
:101180001C904FF0000C4FF0000E00200CE000BF50
:1011900000251F9A0430239FD644CC44824208F194
:1011A0000808E5703FF40AAD289A02EB2E242512B8
:1011B000002D19D49D424FF0000416DA269A02EB56
:1011C0002C263612002E10D4329A96420DDA339A1B
:1011D00006FB0254249E04EB4404355B344428F897
:1011E000065CA47801E000BF0024279A3C5402EB7F
:1011F0000E05289A02EB25252E12002E1ED49E42A3
:101200004FF000051BDA219A02EB0C04269A02EB40
:1012100024242412002C12D4329A94420FDA339AE6
:10122000249F04FB0264259A04EB440402EB40066D
:101230003D5B3C447580239FA57800E00025289AFB
:1012400001EB0E0402EB24263C183612002E6570CA
:101250001ED49E424FF000051BDA1C9A02EB0C07CD
:10126000269A02EB27273F12002F12D4329A974278
:101270000FDA339A07FB0265249A05EB4505259F93
:10128000565B07EB40071544BE80AD7801E000BF18
:101290000025209AA57002EB0E06289A02EB26265E
:1012A0003612002E3FF574AF9E424FF00005BFF698
:1012B00070AF1D9A02EB0C07269A02EB27273F120C
:1012C000002F3FF566AF329A9742BFF662AF339A6E
:1012D00007FB0265249A05EB4505565B1544A8F803
:1012E0000060AD7855E700BF2798DDF864E0810025
:1012F000209106EB460100EB400A1D914100700071
:101300004FEA86091C904FF0000C0022002013E0E9
:101310003C1884F803B0BEF80040444504BF3C18B4
:1013200084F803B0209C043022441F9CCC448442A7
:101330000EF1080E3FF487AB289C04EB2224241204
:10134000002C15D49C4213DA269D05EB2C252D127A
:10135000002D0DD4329EB5420ADA339E05FB06F508
:10136000249E06EB450535F814402EF8064C03E0A4
:1013700007F800B03EF8064C444508BF07F800B037
:10138000279C289D144405EB24242412002C19D4F6
:101390009C4217DA219D269E654406EB25252D12D9
:1013A000002D0FD4329EB5420CDA339E05FB06F5B4
:1013B000249E06EB4505259E35F8144006EB4006B5
:1013C000748006E0259D3C1805EB400584F801B0CB
:1013D0006C88444504BF3C1884F801B0289D8C18E3
:1013E00005EB24242412002C1AD49C4218DA1C9DEC
:1013F000269E654406EB25252D12002D10D4329E25
:10140000B5420DDA339E05FB06F5249E06EB450535
:10141000259E35F8144006EB4006B48007E000BF77
:10142000259D3C1805EB400584F802B0AC88444586
:1014300004BF3C1884F802B0289D0AEB020405EBB7
:1014400024242412002C3FF563AF9C42BFF660AF0A
:101450001D9D269E654406EB25252D12002D3FF58A
:1014600057AF329EB542BFF653AF339E05FB06F52C
:10147000249E06EB450535F81440AEF800404CE7D5
:10148000279806EB460100EB400A4FEA80092091BD
:1014900041007000DDF86480B3001D904FF0000C37
:1014A0004FF0000E00200BE03C1884F803B01F9CA6
:1014B0000430CE449C44844208F108083FF462ADF5
:1014C000289C04EB2E242412002C15D4944213DA09
:1014D000269D05EB2C252D12002D0DD4329EB542F4
:1014E0000ADA339E05FB06F5249E06EB450535F822
:1014F000144028F8064C01E007F800B0279C289D0E
:10150000744405EB24242412002C19D4944217DAD5
:10151000219D269E654406EB25252D12002D0FD416
:10152000329EB5420CDA339E05FB06F5249E06EB8F
:101530004505259E35F8144006EB4006748002E010
:101540003C1884F801B0289D01EB0E0405EB24241F
:101550002412002C1AD4944218DA1D9D269E65444C
:1015600006EB25252D12002D10D4329EB5420DDA42
:10157000339E05FB06F5249E06EB4505259E35F8B2
:10158000144006EB4006B48003E000BF3C1884F82A
:1015900002B0289D0AEB0E0405EB24242412002C33
:1015A0003FF582AF9442BFF67FAF209D269E6544F3
:1015B00006EB25252D12002D3FF576AF329EB54264
:1015C000BFF672AF339E05FB06F5249E06EB45057C
:1015D00035F81440A8F8004069E700BF259907F8DE
:1015E00000B031F81010414508BF07F800B0049969
:1015F00001293FF44FA9279A411C01FB02F2289BC5
:1016000003EB2222229B1212002A00F1B3809A429D
:1016100080F2B08001FB05F3269E06EB23231B120C
:10162000002B00F1A780329EB34280F2A380339F4B
:1016300003FB07F3249F07EB4303239F33F8122098
:10164000259B23F811209AE007F800B0049901299E
:101650003FF420A9279A411C01FB02F2289B03EBCF
:101660002222229B1212002A00F1BA809A4280F2B2
:10167000B78001FB05F3269E06EB23231B12002BEC
:1016800000F1AE80329EB34280F2AA80339F03FB0A
:1016900007F3249F07EB4303239F33F81220259B76
:1016A00023F81120049902293FF4F4A89EE000BF1A
:1016B0000021049A3954012A3FF4ECA8279A411CCE
:1016C00001FB02F2289B03EB22221312002B00F1F4
:1016D000B780229A93424FF0000280F2B28001FB61
:1016E00005F7269E06EB27273F12002F00F1A98061
:1016F000329EB74280F2A580339A07FB0232249BC8
:10170000259F33F8123027F81130159B9A5C98E02A
:101710000021049A3954012A3FF4BCA8279A411C9D
:1017200001FB02F2289B03EB22221312002B00F193
:10173000B980229A93424FF0000280F2B48001FBFC
:1017400005F7269E06EB27273F12002F00F1AB80FE
:10175000329EB74280F2A780339A07FB0232249F61
:1017600002EB4202BB5A3A44259F27F81130927887
:1017700099E000BF259A07F801B032F811204245E0
:1017800008BF07F801B0049902293FF483A82799FC
:10179000023000FB01F1289A02EB2121229A091262
:1017A000002900F1B380914280F2B08000FB05F285
:1017B000269B03EB22221212002A00F1A780329B03
:1017C0009A4280F2A380339B02FB03F2249B03EB3B
:1017D000420232F81110259A22F810109BE000BF47
:1017E00007F801B0049902293FF454A82799023060
:1017F00000FB01F1289A02EB21210912002900F1D6
:101800009180229A914280F28D8000FB05F2269B06
:1018100003EB22221212002A00F18480329B9A42AA
:1018200080F28080339B02FB03F2249B03EB420295
:1018300032F81110259A22F81010FFF72BB800BFCC
:101840000022049B239F022B7A543FF423A827995C
:10185000023000FB01F1289A02EB21210A12002A32
:101860003FF516A822998A424FF00001BFF611A851
:1018700000FB05F3269E06EB23231B12002B3FF5EE
:1018800008A8329EB342BFF604A8339903FB012196
:10189000249A259B32F8112023F81020159A515CC8
:1018A000FEF7F7BF0022049B239F022B7A543EF4DD
:1018B000F1AF2799023000FB01F1289A02EB2121B8
:1018C0000A12002A3EF5E4AF22998A424FF0000145
:1018D000BEF6DFAF00FB05F3269E06EB23231B12AB
:1018E000002B3EF5D6AF329EB342BEF6D2AF33994F
:1018F00003FB0121249B01EB41015A5A1944259B0A
:1019000023F810208978FEF7C4BF00BF259907F897
:1019100000B031F81010414508BF07F800B0FEF7DD
:10192000B9BF00BF07F800B0FEF7B4BF29B0BDE8EB
:10193000F08F000070470000B0B1D0F82CC0BCF1AF
:10194000000F08BF70472DE9F041DDE90A4EDDE9DF
:101950000865DDE90687CDE90A4ECDE90865CDE9E0
:101960000687BDE8F0416047FEE70000416B0029B3
:1019700008BF70470847000010B50121044608F071
:1019800015FC4FF6FF71606A6187012107F08CFD3D
:10199000204620210022BDE8104000F065BC000078
:1019A00070B50C46002637A091F83C10C4E90B0630
:1019B0000020CFF6FF70C4E90D6001F0C0003830A0
:1019C00084F83C0020464FF48061C4E9096607F0C2
:1019D0006BFD43F2AC55C0F60405681C03E000BF84
:1019E0000136A686043010F8011C0A290CD0E1B19A
:1019F00001780A290DD0C1B141780A290ED0A1B1D0
:101A000081780A290FD1EBE70136A68601780A29E9
:101A1000F1D10136A68641780A29F0D10136A68691
:101A200081780A29DCD00029DCD194F83C10701CA4
:101A3000A0860020CA06C4F8360005D4206B18B171
:101A400006F06AF994F83C1041F0100084F83C006C
:101A5000204625630AF096FD606A002818BF0AF048
:101A600091FD204609F056FA014642F69C10C0F658
:101A7000040008F08BFA054608F01AFB65626C62F8
:101A800070BD00BFEF81B80010B5014642F680106E
:101A9000C0F6040008F07AFA044608F009FB204674
:101AA00010BD000010B5486A0C4618B108F0D8FB0C
:101AB0000020606294F83C00C00648BF10BD206B57
:101AC00006F02AF90020206310BD000070B542F630
:101AD0008010C0F604000D4609F09AF8012840F085
:101AE0006280284600F0A4FB0646284600F0B8FBBA
:101AF0000E2E044614D1204609F0A4F901F05EFC34
:101B0000054603F029F903F073F9042840F04B80EF
:101B1000002D29D02046BDE8704000F0E3B900BF99
:101B2000A6F10F00012821D9A6F1080024283AD8EF
:101B3000DFE800F07D3939393940393939393939F7
:101B4000393A393939393939393939393939393904
:101B500039393939391414392E0000BF2046BDE80F
:101B600070400BF091BE00BF208FE086204601211F
:101B700008F01CFB4FF0FF31606A6187012107F01C
:101B800093FC204620210022BDE8704000F06CBB91
:101B9000284600F063FB054620460021572209F045
:101BA0008DFF0089688070BD2846BDE87040ECF765
:101BB0002FBC00BF284600F051FB007800F0FE016A
:101BC00012290DD1606A01210AF096F900287FF4EC
:101BD000A1AFE08EA28E411C9142E4D21BE000BF77
:101BE0000A381128DFD8DFE800F01D0909090909C2
:101BF000090B09090B09090909090927D3E700BFDE
:101C0000606A01210AF078F900287FF483AFE08E42
:101C10000028C8D0411E2046E186BDE8704012F081
:101C200079BE00BF03F0ACF8A04208BF70BD2046EB
:101C3000BDE87040EAF71AB9218F2046E186BDE879
:101C40007040FFF799BE0000016B43F29250C0F65E
:101C50000400002918BF084670470000C08E704776
:101C60002DE9F04782B008460C4600F0E1FA18284A
:101C700024D1204600F0F4FA204600F0F1FA476A39
:101C8000204600F0DBFA0546786AA9686E4600F146
:101C900014023046E6F72CFD002800F0ED80D5F860
:101CA0000880AE603E4636F83A2FB078800673D48E
:101CB0003846294620234FF0200977E0054642F6B2
:101CC0009C10C0F60400214608F0A2FF012840F055
:101CD000DA80204600F0C4FA466A012D72D0092D40
:101CE00068D0082D40F0CF80044603F035F803F0AB
:101CF00073F8002840F0C780646A03F02DF80546A9
:101D000003F076F804280CD1E08E2087204609F0F5
:101D100099F8064601F052FB18B13046002101F057
:101D200023FC284603F064F8012805D0284603F078
:101D30005FF8032840F0B5806946284603F026F88E
:101D4000606A002800F0AA80BDF80260002100252A
:101D500008F07EFF002800F0A280C18A5722761A80
:101D60000021054609F0AAFE0789284600215922CC
:101D700009F0A4FE81B200EBD131384409B200B2BF
:101D800006EB510109B291FBF0F5A18EA8B2884291
:101D900028BF4D1E83E000BFBA463AF8360F824294
:101DA0004ED13846294621234FF02109EBF76AFD31
:101DB0005AE000BF4FF0FF31718702B0BDE8F04735
:101DC0000AF0E0BB044602F0C7FF00285BD00546DE
:101DD00003F00EF8012804D0284603F009F8032880
:101DE00051D16946284602F0D1FF706A00284DD0D3
:101DF000BDF802700021002508F02AFF002846D017
:101E0000C18A5722A7EB01080021054609F056FEBA
:101E1000078928460021592209F050FE81B200EBC3
:101E2000D131384409B200B208EB510109B291FB3B
:101E3000F0F5B18EA8B2884228BF4D1E27E000BF42
:101E4000384629462023EBF71DFD7A8F3846294670
:101E50002023EBF76FFDFA8E3846294601234FF019
:101E60000109EBF70FFD56463288384629464B46A6
:101E7000EBF760FDC5F8088042F69C10C0F6040040
:101E8000214608F0C5FE02B0BDE8F08700252046D7
:101E900075870AF077FB02B0BDE8F0870025E5867C
:101EA00025872046012108F081F94FF0FF31606A53
:101EB0006187012107F0F8FA20462021002200F076
:101EC000D3F9A06A002804BF20460AF05BFBE08E2D
:101ED0006A46009020461C2100F0C6F902B0BDE819
:101EE000F08700002DE9F04182B00121044607F09F
:101EF00029FB656A204609F00DF8014628460CF0DA
:101F000039F9606A4FF0FF310AF00CFD606A012177
:101F100008F00CF920461F2100224FF0000800F0C5
:101F2000A3F9606A18B1002108F092FE8046216B87
:101F3000404605F063F9606A42F2D1710CF040FC52
:101F400040460CF0C5FC606A09F064FF0646204676
:101F500009F060FF86420FDC94F83C0000F00F00AF
:101F6000082818BF042807D1666A204609F052FFE6
:101F7000014630460CF024FC404608F069FF616AD7
:101F8000064608460021322209F098FD616A07469C
:101F900008460021102209F091FD616A05460846B5
:101FA0000021112209F08AFD06EB4701294408446B
:101FB00094F83C1006B201F00F05042D1AD0082D3C
:101FC0002ED1B4F91A008519F6F76AF9F6F7D8F99F
:101FD000854230463BDDB4F91650F6F761F9F6F765
:101FE000CFF9B4F91A10401AA84229DAE08A013868
:101FF0003BE000BFB4F916503046B54235DAF6F78B
:102000004FF9F6F7BDF9B4F91A10401AA8422BDDC2
:10201000F6F746F9F6F7B4F9618B401A17E000BFFE
:10202000606A31460CF05EF8204612F073FC012D18
:1020300004D0022D2CD1132223E000BF102220E077
:10204000F6F72EF9F6F79CF9618BC943084401B203
:10205000606AB142B8BF0E4631460CF043F82046E4
:1020600012F058FC0D220CE0E08A01B2606AB14225
:10207000B8BF0E4631460CF035F8204612F04AFC47
:102080000A22606A002721460023009707F064FBBC
:10209000606A0CF01DFC94F83C0000F00F00013861
:1020A00001281AD8606A09F0DBFE616A0646084614
:1020B00009F0F6FE0746F6F7F3F8F6F761F98742FE
:1020C0000BDB656AF6F7ECF8F6F75AF9F943314499
:1020D000084401B228460CF09FFB226B40460021C9
:1020E00007F038FF0146032818BF0121022808BF66
:1020F000014640460022002302B0BDE8F04107F04F
:10210000FFBA000070B529B1044600204A1CA08621
:1021100005E000BFFEE700BF0130A086043212F8E0
:10212000013C0A2B0CD0E3B113780A2B0DD0C3B1BC
:1021300053780A2B0ED0A3B193780A2B0FD1EBE77B
:102140000130A08613780A2BF1D10130A086537894
:102150000A2BF0D10130A08693780A2BDCD0002B1B
:10216000DCD10130A0860020C4F8360008460D46B8
:10217000DEF70BF9216B013051B194F83C20D20607
:1021800006D40646084605F0C7FD30460021216307
:1021900005F0C4FB206398B12946DEF70BF994F8EB
:1021A0003C0000F0EF0084F83C0020460AF0EAF919
:1021B000606A002808BF70BDBDE870400AF0E2B94F
:1021C000FEE70000C28E8A4208BF7047828E9142AD
:1021D00028BF511E426AC186002A018708BF0AF043
:1021E000D1B910B5044612F095FB2046BDE8104069
:1021F0000AF0C8B910B50C4608464FF4806107F0E4
:1022000095FF2046042107F091FF20464FF400314E
:1022100007F04AF92046012107F046F92046BDE8BB
:10222000104003F031BD0000486A00214162704750
:10223000007A00F07F00704740687047017A1439D7
:10224000052994BF0069002070470000017A013918
:102250000F2994BF00690020704700000069704793
:1022600000687047C06870472DE9F04387B00028C8
:1022700000F0DC8040F65019C2F200098DF8081019
:10228000D9F8001042F2FF78CDE9000000206C463A
:10229000C0F60F38CDE903028DF818000591C9F892
:1022A000004002E001984168019102F055FD68B1DB
:1022B0000068826812B19DF8081090479DF81800D8
:1022C000810700F1B180C00740F0B68001988168B5
:1022D00000291CBF8A7E5FEA826241D101460968FB
:1022E000C9B10A6962B90968A9B10A6942B909683C
:1022F00089B10A6922B9096869B10A69002AEED070
:10230000002508462146039590479DF81800C00710
:1023100040F093800198816800291CBF8A7E5FEAA3
:10232000826251D1416800297ED09DF81820520761
:102330007AD49DF80820233A022AB5D34FF480417D
:1023400009F0DAFD00286FD09DF808001138C0B2FE
:102350001C28A7D228FA00F0C007A3D064E000BF71
:10236000C9680029BAD000250C2700BF0A68CAB185
:1023700091F90830B3F1FF3F14DCDBB2802B05D0BC
:102380009DF8086003F07F03B3420BD148680390C7
:10239000204690479DF81800810745D4C0074BD1CF
:1023A000019800BF816800293FF498AF8A7E01350B
:1023B00002F03F029542BFF491AFCA68D1190C37C1
:1023C000002AD3D18AE700BFC9680029AAD0002516
:1023D0000C2700BF0A68AAB191F90830002B11D46C
:1023E000DBB21BB19DF80860B3420BD14868039083
:1023F000204690479DF81800810715D4C0071BD1CF
:10240000019800BF816800293FF48CAF8A7E0135B6
:1024100002F03F029542BFF485AFCA68D1190C376C
:10242000002AD7D17EE700BF012506E00125284616
:1024300007B0BDE8F08300BF00250598C9F800008B
:10244000284607B0BDE8F083027A132A18BF704708
:102450000069B0F900208A42C8BF11460180704768
:1024600080B500F005F8BDE8804000F001BE000036
:1024700010B540F65D20C0F60100002104F0DEFE3C
:1024800040F2AC14C2F20004208000200EF01CFBCD
:10249000608004200EF018FBA08004200EF014FBD6
:1024A000E08004200EF010FB208104200EF00CFBD5
:1024B000608110BD10B50469092908BF2021EFF71C
:1024C00003F8014600284FF000000BD0628AB0EB01
:1024D000923F18BF10BDD4E9000252F831106FF3DB
:1024E0001F51084410BD000010B14268104700BFE2
:1024F000FEE700002DE9F04740B10C4641B19A4695
:102500009046002781460546276008E0FEE700BFA9
:10251000FEE700BF002F08BF2F466D6975B12E681A
:102520002846214642465346B0470028F5D0A07BB6
:10253000C006EFD401202560BDE8F08757B13E68A2
:102540003846214642465346B04701202760BDE841
:10255000F08700BFB8F1200F07D34FF6FF0080458A
:1025600003D042F20C00804510D100206060B9F821
:1025700008102181A17B002001F0E00111312060D1
:10258000C4F80A00A173BDE8F08700BFB9F80810CD
:10259000022201EBD13000B202EB60024010E08079
:1025A000A280E6E72DE9F04383B00C461146D0F84F
:1025B00010801F4615460646092A08BF2021EEF75F
:1025C00083FF002800F09780D8F80C1041B38146B3
:1025D00030463946EEF778FF20B301463069428A2B
:1025E000C7689004484621D4BA680023B3EB927FB1
:1025F0002CD100EB01203E6843F2995CADF80A0053
:102600000DF10A003146C0F6010C0223CDF800C0DE
:10261000E8F720FBC0B3801B7968401030E000BFB2
:10262000002137E00021484634E000BF7A68135C9F
:10263000002273B3BE68715C59B33A687F7B013B7B
:1026400013FB0722114411F8012C22E002F0404351
:10265000B3F1804F1CD100EB01403E6843F2855C32
:10266000019022F0404201A83146C0F6010C04233B
:10267000CDF800C0E8F7EEFA30B1801B7968801021
:102680000A5C484605E000BF0022484601E000BF62
:10269000002251B2D8F80430B5F10902B8F8107030
:1026A00053F83060B2FA82F24FEA521201FB07F19E
:1026B0004FEA165707FA02F202EB111103EBC002C0
:1026C00001F1080153794FEA1111A1801179238199
:1026D00092F9063092F90720E1806381A281B8F86F
:1026E0001220A37BC2F3432203F0E0031A44A27337
:1026F00004BF4900E180002818BF012003B0BDE8F5
:10270000F08300002DE9F04784B038B115468A46C1
:102710000026E84681460746009603E0FEE700BF34
:102720007F697FB13C683846414652462B46A047F8
:102730000028F5D09DF80E00C0060AD5002E08BF6F
:102740003E46EDE756B137686946304652462B465D
:10275000B847BDF8040004B0BDE8F087BAF1200F17
:1027600008D20020ADF80400BDF8040004B0BDE8B4
:10277000F08700BF42F20C0082454FF00000F1D01C
:102780004FF6FF018A45EDD0B9F80800022100EBB1
:10279000D03000B201EB6000ADF80400BDF80400D9
:1027A00004B0BDE8F0870000B0B5044640680028DA
:1027B00004BF0B20B0BDC268002A04BF0920B0BD11
:1027C000216890476168498859B1A16849B10546B7
:1027D000C86810B105F0A0FAA168084605F09CFA97
:1027E00028460021C4E90011A160B0BDB0B505467E
:1027F000DDF7CBFD80B3014643F292506A1EC0F66E
:10280000040053185C782E2C35D02F2C22D05C2C51
:1028100018BF01291ED0545C2E2C23D02F2C19D088
:102820005C2C18BF022915D013F8014C2E2C1DD09A
:102830002F2C0FD05C2C18BF03290BD013F8023CAF
:102840002E2B17D02F2B18BF5C2B03D0043908BFB9
:10285000B0BDD6E7B0BD00BF43F29250C0F6040051
:10286000B0BD00BF013968180130B0BD0239681829
:102870000130B0BD033968180130B0BD2DE9F04317
:1028800081B0E9B1804640F2AC200C78C2F2000081
:1028900091460F46E7F7B6FA70B140F2AC26014612
:1028A000C2F200060D682878A0420DD03046E7F746
:1028B000D1FA01460028F5D1032001B0BDE8F0832C
:1028C0000B2001B0BDE8F083696839B1284688471C
:1028D000002802BF012001B0BDE8F083AB686BB3F4
:1028E000394611F8010F4A463A2808BF01312846F7
:1028F0009847411C02293EBF0C2001B0BDE8F0837F
:10290000698800294146C1E9000510D0102005F072
:1029100005F8C8F8080078B1102105F063FED8F872
:1029200008004FF0FF316FF00102C0E900120020F3
:1029300001B0BDE8F08300BFFEE700BF092001B091
:10294000BDE8F0832DE9F04F85B01C468946002B89
:102950001CBF00212160934642687AB316698EB38A
:102960005788002102918FB383680190D3E9025800
:1029700019688D4232D35B68AB422FD9681A81B295
:102980005E1B791AB14238BF0E4618FA80F1B34582
:102990005ED94846324605F02BFA01980022D0E96C
:1029A0000010BB45049205695AD909EB0602ABEB4E
:1029B000060304AF0097A8476DE000BF0B2005B0E9
:1029C000BDE8F08F092005B0BDE8F08F016802AFC7
:1029D00010464A465B460097B0476CE0BB4509D9B4
:1029E000016802AF10464A465B460097B047002890
:1029F00061D158E0B8F1000F0AD10646384604F01C
:102A00008DFFB1688046C86000B3726830461669B1
:102A10000023016803930DF10C0C824610464246D8
:102A20003B46CDF800C0B047DAF8081006460D6006
:102A3000039A5019486048464146934538BF5A4664
:102A4000029205F0D5F93046A8BB2CE0FEE700BFA6
:102A500048465A4605F0CCF9CDF808B025E000BF4D
:102A60000DF1100C42463B46CDF800C0A847019935
:102A7000074689684A680A60049B98184860ABEB6F
:102A80000600984238BF03469AB209EB0600414659
:102A900005F0AEF9384604993144594538BF8B46A4
:102AA000CDF808B038B9DDF808B0019880688168C1
:102AB000594481600020002C1CBF0299216005B0A0
:102AC000BDE8F08FB0B582B08446406890B18469AB
:102AD000A4B113460A464188A1B1022B32D0012B82
:102AE00018D05BBBDCF808100B688A609A4219D2D8
:102AF0001BE000BF0B2002B0B0BD00BF092002B038
:102B0000B0BD00BFDCF80010A44602B0BDE8B04084
:102B1000604700BFDCF808108B680D681A44AA42B1
:102B20008A6002D349688A4208D9DCF80010002381
:102B3000A44602B0BDE8B040604700BF002002B02C
:102B4000B0BD00BFDCF8001002236546A047002896
:102B5000D1D1D5E9001001AAC36998470028CAD18C
:102B60000199AA68916002B0B0BD00002DE9F04F54
:102B7000837803FB01F3B2EB232FDCBF0088BDE8B1
:102B8000F08F037A00EB830717F8026C06FB01F65F
:102B9000B2EB262F34DA022B54D3A3F1010EC3F18A
:102BA00000084FF0010C0023002400EB8406B579E7
:102BB00005FB01F5B2EB252F26DD08EB0407BD1C54
:102BC00040D0B57A05FB01F5B2EB252F20DDFD1CC9
:102BD00038D0B57B05FB01F5B2EB252F1EDD3D1D81
:102BE00030D0B57C05FB01F5B2EB252F1CDD04349C
:102BF0000CF1040CA64503F11003D6D122E000BF6E
:102C0000381F0088BDE8F08F03442D12043310E014
:102C100003440CF1010C2D1208330AE003440CF1BB
:102C2000020C2D120C3304E003442D12103304F176
:102C3000040C00EB8C0010F8027C07FB01F1091278
:102C40008D4201D1FEE700BF1F8843F6000B061F2F
:102C5000F80AC0F2080B00FB0BF0A5EB010EC7F35E
:102C6000451500F560504FF00C0A40F20C4307F098
:102C70001F074FF0070840F20719511A4FEA104C8E
:102C800017FB098715FB03A0348809B27D0940EAC8
:102C90005710C4F34517C1EB0121E60A04F01F04E5
:102CA00017FB03A314FB098291FBFEF106FB0BF655
:102CB000540943EA5212C9B281F0FF0306F5605687
:102CC00003FB04F7120A360C03FB02F2000A11FBA5
:102CD000057703FB06F348F2810511FB002007FB93
:102CE00005F711FB0C3100FB05F0C7F384624FF4CC
:102CF000FC6701FB05F107EA10504FF4FC3303EACF
:102D0000D13110440844BDE8F08F00004168B1F1B2
:102D1000FF3FC8BF704704F0FFBF00002DE9F04F30
:102D200085B08246407A10F007000FD040F2981428
:102D3000C2F200049046227840F28027012AC2F2B3
:102D4000000707D1D4F808901CE000BF002005B0B0
:102D5000BDE8F08F38680D4604F0DEFF00204FF02C
:102D6000000904F0DBFD3860606068B3002105F005
:102D700039FCC4F808909AF809100120207001F07D
:102D800007002946022846468AEA610008BF0E4627
:102D90003A686768B9F1000F80EA060C18BF002A8C
:102DA0002AD103204145C8BF884600EB4800B91A24
:102DB00020F0030010300144494507D2796821F022
:102DC0000041796020E100BFFEE700BF484529D9F6
:102DD000E146054604F0A2FD60B10746406840F2B6
:102DE000981440F00041C2F20004CC4628467960B5
:102DF0000EE100BFFEE700BF032310464568AC00AC
:102E0000CFD00468644500F02B81B0F90C5003EB7F
:102E1000450525F0030528441030B842C1D20028EA
:102E2000ECD1BEE74945CDF80C8040F2E5804FF08B
:102E300003086FF00F0ECDE9010C06E03B46811A46
:102E4000194449451F4640F2D880B9F1000F18BF18
:102E5000002AF3D04FF0FF3411464B6833F0404363
:102E60004AD0B1F90C50A34238BF1C4608EB4505C7
:102E700025F003030B4403F11001B9423CD20029B1
:102E80001CBF5D6935F0404536D0B3F91C30A54212
:102E900038BF2C4608EB430323F003030B4403F134
:102EA0001001B94228D200291CBF5D6935F04045A8
:102EB00022D0B3F91C30A54238BF2C4608EB43039F
:102EC00023F003030B4403F11001B94214D200298B
:102ED0001CBF5D6935F040450ED0B3F91C30A542EA
:102EE00038BF2C4608EB430323F003031944103189
:102EF000B94201D20029B0D1154600BF696831F04E
:102F000040419BD0B5F90C30A14208EB430323F0BC
:102F1000030307D0E91801F11005BD428ED2002D40
:102F2000ECD18BE703F1100104912944AEEB030BC4
:102F300040F2981407EB0B038F42C2F20004636067
:102F40003FF47DAF7F1A28463A4604F051FF40F225
:102F50009810C2F200004068854239D0294600BF6F
:102F6000B1F90C208B6808EB42025B4422F00302AB
:102F70000A44103282428B602AD0B2F90C10936856
:102F800008EB410103EB0B0421F00301114401F1B3
:102F90001003834294601BD0B1F91C208C6908EBAC
:102FA00042025C4422F003021A4402F110038342FD
:102FB0008C610DD0B2F91C10946908EB410121F02D
:102FC00003011944103104EB0B0381429361C7D113
:102FD0000499E81905F006FB40F2981440F28021AC
:102FE000C2F20004C2F20001D4E901390A68DDE945
:102FF000010C6FF00F0E22E73B465968DDF80C809C
:1030000021F0004159601F4640F29814C2F20004BA
:103010000122002962F31E013A46C7E900C1A7F860
:103020000C80FE8102D462681118616031B202F135
:1030300010000129B8600FDB002500BF31B22AB2B1
:10304000BC685046FFF792FD24F81500B7F90E0052
:10305000013586B28542F1DB384605B0BDE8F08F18
:10306000691CAA0F62F39F71416005B0BDE8F08F43
:1030700010B541F60160C0F60100002104F0DEF851
:1030800040F2B814C2F20004208004200DF01CFDB0
:10309000608004200DF018FDA08004200DF014FDC8
:1030A000E08004200DF010FD208104200DF00CFDC7
:1030B000608104200DF008FDA08104200DF004FDC6
:1030C000E08104200DF000FD208204200DF0FCFCC6
:1030D000608204200DF0F8FCA08210BDF0B581B034
:1030E000002861D0044608460D4600F079F92046D4
:1030F000E6F788FE48B101460868A84254D0204649
:10310000E6F7A8FE01460028F6D1284607F09AFE09
:10311000C0B3A9688968A9B3C9680968A94231D14F
:10312000077F47F008017A07017711D449F6056156
:1031300049F65562C0F60001C0F600020646EDF7FA
:103140000BFF3146B8B94A69AAB13046012110E0F7
:1031500049F6656149F65D62C0F60001C0F60002FD
:103160000646EDF7F9FE314628B94A691AB13046EC
:10317000002190473146087F07F0080200F0F70071
:1031800010440877A86818B9284606F0CFFDA8684B
:1031900084602046E6F7BEFE40B105600546204645
:1031A000E6F730FEA84203D001B0F0BDFEE700BF55
:1031B000257F45F008006907207711D449F605619D
:1031C00049F65562C0F600012046C0F60002EDF750
:1031D000C3FEB0B96269A2B12046012110E000BF70
:1031E00049F6656149F65D62C0F600012046C0F609
:1031F0000002EDF7B1FE20B9626912B1204600214C
:103200009047207F05F0080100F0F7000844207780
:1032100001B0F0BD10B549F6056149F65562C0F63A
:103220000001C0F600020446EDF796FE002818BF24
:1032300010BD626922B120460121BDE8104010474F
:1032400010BD00002DE9F04381B0002800F094800B
:10325000074607F0F7FD002800F08E800446007F47
:10326000C00740F089802046002100F07DF920460B
:10327000E6F7C8FD002800F07F8005462868B842C0
:1032800008D020462946E6F7E5FD05460028F5D199
:1032900072E000BFE068A8B3D0F80080474531D0A5
:1032A000002001F05FFDF0B1074600264FF0000955
:1032B00007E000BFB9463E46384601F053FD0746D9
:1032C00060B1384601F094FD796DA142F4D1042833
:1032D000F0D002283E46EFD1B94608E0B9F1000F20
:1032E00005D1B1461EB9002001F03CFD81464046A3
:1032F0000F214A46FEF7B8FF01283DD1E06800687B
:1033000009F040F92169E56011B120468847E56878
:10331000D5F80080002001F025FDD0B10746002639
:10332000002506E03D463E46384601F01BFD0746B7
:1033300060B1384601F05CFD796DA142F4D10428FA
:10334000F0D002283E46EFD13D4606E02DB9354685
:103350001EB9002001F006FD054640460E212A4612
:10336000FEF782FF012807D1E068006801B0BDE8E0
:10337000F04309F007B900BF01B0BDE8F0830000D9
:1033800010B549F6656149F65D62C0F60001C0F608
:1033900000020446EDF7E0FD002818BF10BD626989
:1033A00022B120460021BDE81040104710BD0000AA
:1033B00040F24860C2F200000068704700280EBF6B
:1033C0000020007FC0F340007047000020B1C068BB
:1033D00000281CBF0068704700207047E6F718BD42
:1033E0002DE9F04381B0044607F02CFD00285DD0A4
:1033F0000546C06800284AD00068A04243D1287F13
:10340000C1071CBF00F0FE0028772846E6F7FAFC4B
:10341000E968884205D12846E6F724FDE968884234
:1034200058D02E7F46F008007107287710D449F64F
:10343000056149F65562C0F600012846C0F6000253
:10344000EDF78AFDA8B96A699AB1284601210FE013
:1034500049F6656149F65D62C0F600012846C0F68E
:103460000002EDF779FD20B96A6912B12846002102
:103470009047287F06F0080100F0F70008442877FD
:10348000E86820B10068A04204BF0020E860284638
:10349000E6F7B8FC50B106463068A0420AD028468C
:1034A0003146E6F7D7FC06460028F5D101B0BDE865
:1034B000F08300BF28463146E6F750FD304604F061
:1034C0002BFCA0680028F1D00021816001B0BDE88C
:1034D000F08300BFD1F80080002001F043FCF0B180
:1034E000074600264FF0000907E000BFB9463E46F8
:1034F000384601F037FC074660B1384601F078FCE9
:10350000796DA942F4D10428F0D002283E46EFD1CB
:10351000B94608E0B9F1000F05D1B1461EB9002047
:1035200001F020FC814640460F214A46FEF79CFEF2
:10353000E8680028A6D1AAE710B582B0019140B191
:10354000C06830B1046824B12046802108F0E2FC54
:1035500010B1012002B010BD01AA20460D21FEF7D6
:1035600083FE02B010BD00002DE9F041002847D0D5
:103570000546007F012300F0020283EA520291EA2D
:10358000020F3DD100F0FD02E86861F341022A77A5
:10359000B0B3D0F80080B8F1000F08BFBDE8F081EB
:1035A000002001F0DFFBD0B107460026002406E032
:1035B0003C463E46384601F0D5FB074660B13846EA
:1035C00001F016FC796DA942F4D10428F0D002284C
:1035D0003E46EFD13C4606E02CB934461EB90020E9
:1035E00001F0C0FB044640460E212246FEF73CFE99
:1035F000012805D14046BDE8F04108F0C3BF00BF37
:10360000BDE8F081704700000438C0B20A288EBFC0
:10361000002001A1085C7047101810010204080185
:1036200002040800B0B591F83800002500F08000D1
:10363000033081F8380008460C464D6208F0EAFB7A
:10364000A085204607F004FCE0854FF48070E086FA
:1036500094F8380094F8391040F0800084F838006D
:1036600001F0FC0084F83900204602212586A5627D
:10367000C4F8325006F05AFD20464FF48031BDE8C0
:10368000B04005F011BF000010B5014642F6D4105D
:10369000C0F6040006F07AFC044606F009FD204658
:1036A00010BD0000B0B54D6A002D08BFB0BD087C4C
:1036B0000C46012804BF2846FFF776F8E868002882
:1036C00018BF04F029FB2869002818BF04F024FB68
:1036D000284604F021FB00206062B0BD70B584B0C4
:1036E000084614460D4601F0EBFA02283AD00128AC
:1036F0002AD098BB287800F01F00043810282DD855
:10370000284630F801CF224632F8013F867891787A
:103710004CEA064643EA0141B30863F38C010B0C03
:10372000118093700388807803F460436FF35F31F6
:103730001944907011802878217800F01F0001F062
:10374000E00108441FE000BF2846FFF74FF843F2AE
:103750002621C0F60401DCF71FFEC8B1002004B02A
:1037600070BD00BF204630F8011F827841EA024157
:1037700040F6010262F39F0122780180090C8170FA
:1037800002F0E0000B302070012004B070BD00BFDB
:1037900001A829460222FFF771F878B901AD6B46FE
:1037A000284621460422FFF7CDF806462846FEF7B4
:1037B000FBFF002ED2D100980428CFD1207800F052
:1037C0001F00153810F1110FC8D3DDE72DE9F043C4
:1037D00083B0087C0C4688B1012813D16068FFF7DC
:1037E00005F843F22621C0F60401DCF7D5FD0028D8
:1037F00050D0002003B0BDE8F08300BF606880684F
:103800000028F6D0217D01F01F00142818BF0E28D3
:1038100030D1217CB1B3E17DB4F81520142842EAFF
:103820000141C2F38A024FEA513102FB01F14FF02C
:10383000010208BF032202FB01F6304604F06EF8D5
:103840000028D6D0676A0546384604210022FFF7D3
:1038500039F93846294632460023FFF773F8002825
:1038600000F0A680284604F057FA002003B0BDE817
:10387000F08300BF01F01E01042918BF062843D1C0
:10388000207C10B960688068A061012003B0BDE8A9
:10389000F08300BF616868460222FEF7EFFF002850
:1038A000A7D1606A40B9142004F038F8606248B3C8
:1038B000142104F097FE606A9DF8001001709DF8D5
:1038C000011041709DF8021081709DF80310C170C5
:1038D0009DF8041001719DF8051041719DF80610C6
:1038E00081719DF80710C1719DF8081001729DF853
:1038F000091041729DF80A1081729DF80B10C17277
:1039000080E700BFFEE700BFC11F032956D8FFF7BD
:103910007BFE656A80464DB9142003F0FFFF002846
:10392000606243D0142104F05DFE656A022000FA53
:1039300008F003F0F3FFE860A0B3012000FA08F9F3
:10394000484603F0EBFF286170B3E868002855D0C3
:10395000207C01285AD12846042100220027FFF7A5
:10396000B1F86C462846214604220023FEF7EAFF00
:103970009DF801209DF8001002F0FC029DF8023035
:10398000D20042EAD10103F0F802E86841EA0221DC
:1039900020F817109DF803002969C8550137B9456B
:1039A000E0D172E7FEE700BFFEE700BFFEE700BF21
:1039B000A561012003B0BDE8F08300BF0B380328E8
:1039C000FFF463AF656A002D3FF413AF207C01283C
:1039D00004BF2846FEF7E8FEE868002818BF04F098
:1039E0009BF92869002818BF04F096F9284604F0CE
:1039F00093F90020606203B0BDE8F0832146FFF731
:103A000051FE002003B0BDE8F08300BF6068B8F14C
:103A1000020FD0F808C001D2002158E029F0030EAF
:103A2000ACF11003002113F8104FE8685F789A7822
:103A300007F0FC07FF0047EAD40402F0F80244EA6A
:103A400002220CEB810420F81120D8782A69505406
:103A50005A79267902F0FC029F79D200E86842EA9E
:103A6000D60207F0F80600EB410042EA0622428047
:103A70002869DA79084442705E7A1A7A06F0FC0600
:103A80009F7AF600E86846EAD20207F0F80600EBF3
:103A9000410042EA062282802869E27A0844827064
:103AA000A27B5C7B1E7B04F0FC04E400E86844EA33
:103AB000D60402F0F80200EB410044EA0222C28080
:103AC0002869DA7B084404318E45C270ABD1B8F165
:103AD000010F3FF6DAAE0CEB81001CF82160427852
:103AE000877802F0FC02D20042EAD60207F0F8071B
:103AF000EB6842EA072709F0030223F81170C07847
:103B00002B69012A58543FF4C0AE481C0CEB8003CB
:103B10001CF820705E789C7806F0FC06F60046EAF9
:103B2000D70604F0F804D5F80CE046EA0424022A8B
:103B30002EF81040DB782F693B543FF4A6AE881C6A
:103B40000CEB80011CF820604B788F7803F0FC03AD
:103B5000DB0043EAD60307F0F807EA6843EA0723E5
:103B600022F81030C9782A691154012003B0BDE849
:103B7000F08300002DE9F04F85B0087D8A4600F003
:103B80001F010E294FF0000060D8DDE90E84914638
:103B900001228A409B4612F4F06F11D112F4F04FCB
:103BA00030D0B8F1010FC0F27E80BAF80800B8F149
:103BB000040F4FEA102108F003024BD200235FE00C
:103BC0000846FFF721FD9AF8141001F01F0107398C
:103BD000032900F21781DFE801F003CDAFC100BF78
:103BE0000746BAF81500C0F38A000730C60806FB7E
:103BF0000BF000EBE90000F10805072020EA0904BA
:103C000004E100BF01228A4012F0700F1ED09AF822
:103C10001000012840F01681DAF824600846FFF70A
:103C2000F3FCBAF815100546C1F38A01002211FB16
:103C30000B9101FB00F0042101EBE0013046FEF79F
:103C400041FF01460020002900F0A08205B0BDE838
:103C5000F08F00BFC8F38C03002603EB43039F00E3
:103C6000002300BFA519A0550C36B74203F1040389
:103C70006970E8702971A871E9716872A972F1D14F
:103C80006AB103EB4307012A04EB0703E0555970BF
:103C900005D0D870022A19711CBF9871D9719AF891
:103CA000140000F01F0108464646FFF7ADFC9AF8E5
:103CB0001410804601F01F010B3903296CD8DFE88E
:103CC00001F0032B132300BFBAF81500C0F38A00DC
:103CD0000730C70807FB0BF00FF2EC4B00EBE905D0
:103CE000072020EA09045CE0BAF81500C0F38A0056
:103CF0000130470807FB0BF00FF2B84B00EB6905EA
:103D0000042020EA89044CE0BAF815000024C0F32E
:103D10008A0717FB0B9542E0BAF81500C0F38A003A
:103D20000330870807FB0BF00FF2984B00EBA90557
:103D3000062020EA490434E00746BAF815000421B9
:103D4000C0F38A0021EA89040130460806FB0BF023
:103D500000EB690000F1400558E000BF0746BAF8E3
:103D600015000024C0F38A0616FB0B9000F5806551
:103D70004CE000BF0746BAF815000621C0F38A00E0
:103D800021EA49040330860806FB0BF000EBA9008A
:103D900000F110053AE000BF0025002400274FF095
:103DA000000BDAF82490384603F006FE0028029053
:103DB00048D09AF8100078B1291D029D484600228B
:103DC000FEF780FE484629463A460023FEF7BAFD34
:103DD0002F46012E07DAD2E1DAF80400806847198D
:103DE000012EC0F2CC814FF0FF3000FA08F06FEAEC
:103DF0000009C8F1080E042E06F00300019041D21C
:103E00000023AFE00746002500240026DAF824B09E
:103E1000304603F0D1FD0290A0B19AF81010A9B17C
:103E2000291D029D58460022FEF74CFE58462946A1
:103E300032460023FEF786FDAE463B46B8F1010F41
:103E40000EDA9CE1002005B0BDE8F08FDAF804102E
:103E5000896801EB050E3B46B8F1010FC0F28F8176
:103E60004FF0FF31994040466FEA0108C3F1080A5C
:103E7000042800F00301019180F0C4804FF0000994
:103E800033E100BF47F6FC7030400023039000BFD1
:103E900039789AF81460E2B2D14006F01F020E2A77
:103EA00003EB43020F9801EA0901A4EB080618BFCF
:103EB0001BF80110851872B2A970F1B2002A48BF30
:103EC0007646CA099AF81400BA5CF4B200F01F00F2
:103ED000A6EB0806E2400E2870B202EA090C07EBD6
:103EE000D11418BF1BF80CC0F1B200284FEAD11052
:103EF00085F805C048BF7646205C9AF81470F2B287
:103F0000D04007F01F0204EBD117A6EB08040E2ADD
:103F100000EA090260B218BF1BF80220E6B20028CE
:103F20004FEAD6102A7248BF7446385C9AF81420BB
:103F3000E1B2C84002F01F01A4EB08040E2900EA18
:103F4000090160B218BF1BF8011007EBD612002858
:103F5000E0B248BF744602EBD0170398043398428E
:103F6000E97295D10198002800F009813878E1B212
:103F7000C8409AF814100F9A01F01F010E2900EAA8
:103F80000901A4EB080018BF1BF80110951C42B2F0
:103F900003EB43060346002A48BF7346019AA9551E
:103FA000012A00F0EC80C0B207EBD017D9B2387804
:103FB0009AF81420C84002F01F0100EA09000E29F7
:103FC00018BF1BF80000019935440229E87000F081
:103FD000D680A3EB080041B2C2B2D209002958BF73
:103FE0008646B85C5FFA8EF19AF81420C84002F059
:103FF0001F0100EA09000E2918BF1BF80000A87174
:10400000BDE000BFC0F38C01002601EB41014FF081
:1040100000098800039000BF9EF80010E2B2D14072
:10402000DBF80C2001EA080132F811200F9809F1A1
:1040300004098253DBF81020525C81198A70E21A5D
:1040400054B2D7B24FEAD71C002C48BF52461EF8D4
:104050000C40D5B224FA05F5DBF80C4005EA08055A
:1040600034F81540D21AA1F80340DBF810400EEBEB
:10407000D717655DD4B24D7155B2E009002D48BF28
:104080005246385CD5B2E840DBF80C5000EA080034
:1040900035F8105007EBD417CD80DBF810500C36F4
:1040A000285C0872D01A42B2C5B2EC09002A48BF97
:1040B00050463A5DC4B2E240DBF80C4002EA080226
:1040C00034F8124007EBD517A1F80940DBF810408F
:1040D000A25CC41A60B2CA72E1B2002848BF54465A
:1040E000039807EBD11EB04296D1019D0F9F002D82
:1040F00045D09EF80000E1B2C840DBF80C1000EAA1
:10410000080031F8101009EB4902012DB952DBF813
:10411000106007EB0201305C887030D0E71A78B28B
:10412000FEB2002848BF5746F0091EF80000FAB258
:10413000D040DBF80C2000EA080032F81020022DF5
:10414000A1F80320DBF81020105C487117D0F81A92
:1041500042B20EEBD613002A58BF8246C0B2C00945
:10416000185C5FFA8AF2D040DBF80C2000EA080005
:1041700032F81020CA80DBF81020105C0872029818
:1041800003F070FD012005B0BDE8F08FE90801FBE8
:1041900008F5049004AB304621462A46FEF7D2FBD0
:1041A000049969400843B0FA80F0400905B0BDE8C1
:1041B000F08F00BF00112233445566778899AABB5F
:1041C000CCDDEEFF0055AAFF00FF000010B504464D
:1041D000006868B1C268002A1CBF21469047207C55
:1041E000012818BF10BD606803F096FD00206060D4
:1041F00010BD00002DE9F0410C460546084604219B
:1042000004F0F0F965B3284600F05AFD08B9A86833
:1042100030B340F2D020C2F20000E5F7F3FDF8B170
:1042200040F2D02807460026C2F200080AE000BF8C
:1042300040463946E5F70EFE0746002804BFF0B2B7
:10424000BDE8F0813B68002BF2D038462946224673
:10425000984706460128EBD10126F0B2BDE8F0816F
:104260000026F0B2BDE8F0812DE9F04F81B088461C
:1042700028211C461546814604F0B4F9B8F1000F18
:104280001CD0404600F01CFDF0B14F4607F8100F5F
:10429000012827F8085C47F8044C21D14046DCF798
:1042A00074F8013003F03AFBC9F8040020B141462C
:1042B0000097DCF77FF816E0FEE700BF0026F0B2BB
:1042C00001B0BDE8F08F00BFD8F808000026002834
:1042D000F5D04F4607F8106F27F8085C47F8044CF4
:1042E0000097C9F8048040F2D020C2F20000E5F740
:1042F00089FD4FF0000BA8B340F2D024074609F126
:10430000140509F1180AC2F20004002610E000BFEB
:1043100006462846042104F065F9CAE900BBCAE94B
:1043200002BB00BF20463946E5F794FD0746D0B1F1
:104330003B68002BF6D078680028F3D03846414619
:104340002A46984706460128ECD17A6838464946FD
:10435000C9F8007090470128DAD10126F0B201B007
:10436000BDE8F08F0026009800780128A7D1D9F881
:10437000040003F0D1FCF0B201B0BDE8F08F000002
:10438000B0B582B08646006884684CB1069D9C46F4
:1043900013460A467146CDE900C5A04702B0B0BD3C
:1043A000002002B0B0BD000091F8380000F003001A
:1043B0000138012888BF704710B5486A0C4603F0E1
:1043C000ABFC94F838100020606241F0030084F8E0
:1043D0003800BDE8104070472DE9F04F9BB008460B
:1043E0000D46FDF725FF0446152818BF182C55D19A
:1043F0002846FDF735FFA4F111011B2958D80446C2
:10440000DFE811F0E6001C001E0156001C005600FB
:1044100056001C0056005600560056005600560026
:1044200056005600560056005600560056005600DC
:10443000560056005600AC005600BA002846FDF75C
:10444000F7FE07462846FDF70BFF122F804633D1B3
:104450002846FDF703FF0178022929D098F8381083
:104460008A0715D4C1F38401012918BF04290FD18B
:10447000074640460021462207F020FBC0B2FF2835
:1044800040F01F83B8F83000002800F0F381384670
:10449000012101701BB0BDE8F08F00BF42F6D410BF
:1044A000C0F60400294606F0B3FB01283FF4A0AF94
:1044B0001BB0BDE8F08F00BF182F18BF152FF7D124
:1044C000404607F0A7FC8346404606F0C1FC824602
:1044D00040460021322207F0F1FA0646404600210C
:1044E000122207F0EBFA841940460021132207F04C
:1044F000E5FA079040460021102207F0DFFA0896FF
:10450000064440460021112207F0D8FAC14639F886
:10451000321F06900819ADF8680099F80700B9F83D
:10452000021000F00300012801EB060009940A962E
:10453000ADF86A0040F0CA8018A9404606F026FC93
:10454000B8F81400B8F816600B90BDF86000BDF81C
:104550006210BDF86420BDF86630DDE094F83800E4
:1045600000F00300022840F0AB80616A20461BB0D7
:10457000BDE8F04F00F0EABA2846FDF76FFE94F868
:104580003910054601F00301012940F03981B4F9E1
:104590002C10B4F92E20B4F93030E78E04F1320635
:1045A0000CA8CDE90076E4F7B9FDBDF83000BDF800
:1045B0003410BDF83620081ABDF832100130511AF7
:1045C0000131C0EA014028601BB0BDE8F08F00BF98
:1045D0002846FDF743FEA68D0546204607F01AFC47
:1045E00080B2864223D1E68D204606F031FC80B2AF
:1045F00086421CD1E08EB0F5807F40F00781208E8E
:10460000002840F00381A08D618E00EBD03000B215
:10461000C0F34F00814240F0F980E08DA18E00EBA5
:10462000D03000B2C0F34F00814240F0EF800CAEBA
:104630002046314606F022FB2968304613E100BFD0
:104640002846FDF70BFE218E804621B9E08EB0F59D
:10465000807F3FF42DAF204607F0DCFB0646204666
:1046600006F0F6FB0746B4F93030E58E32340CA87C
:1046700031463A46CDE90054E4F750FDBDF930101B
:10468000B8F90000BDF932204942BDF93430BDF916
:1046900036508842C8BF014608B252429042D8BF45
:1046A000114608B29A1B8242A8BF114608B2EA1B03
:1046B0008242A8BF1146A8F800101BB0BDE8F08FD9
:1046C00020461BB0BDE8F04F09F0B0B8B8F9303063
:1046D000B8F836400DF1680C18A859465246CDE995
:1046E000004CE4F71BFDB8F81430BDF86000BDF8CD
:1046F00064201844B8F81660BDF862100B931A4491
:10470000BDF8663031443344ADF86000ADF8621056
:10471000ADF86420ADF86630444624F8140F42F634
:10472000D410B4F804B0B4F806A06180C0F6040058
:104730002946A280E38006F06BFA01287FF4B8AE28
:104740000B98152FA8F81400A8F81660A8F818B050
:10475000A8F81AA07FF4ACAEB8F82E0000283FF4F9
:10476000A7AEB8F82C0000283FF4A2AEB8F8360087
:1047700000283FF49DAE2846FDF760FDB8F81A10FA
:10478000B8F92E200B91B8F92C10B8F93030B8F8E0
:104790003650B8F814A0B8F81670B8F81860834608
:1047A0000CA8CDE90059E4F7B9FCBDF83000BDF81C
:1047B0003410BDF83220BDF83630081A991A98F82E
:1047C0003920451C02F00300012801F101035DD1ED
:1047D00028B2B8F92C10B8F92E20081A19B20130F5
:1047E00000EBD070511A0131AAEB600A01EBD171D4
:1047F000A6EB60020B98A7EB6107A0EB610152E00A
:10480000E06A28601BB0BDE8F08F00BF204607F0CB
:1048100001FB8146204606F01BFBB4F93030E78EE1
:104820000DF13008024604F1320640464946CDE912
:104830000076E4F773FCA08ABDF83010E28ABDF878
:1048400032300144ADF830109918BDF83430ADF86D
:104850003210BDF836101844ADF834008818ADF8A1
:104860003600296840460022E4F732F828711BB070
:10487000BDE8F08F2846FDF7F1FCB8F83610B1F529
:10488000807F40F0E98008F1140114E1BDF8600078
:10489000BDF86410AAEB00004218BDF86200BDF834
:1048A0006610381A014498F83800DDF8289000F0B6
:1048B0000300022880F0BA800591CDE90A73CDE9A2
:1048C000032ADDE907100CAC01EB000A06990F186A
:1048D0002046F4F709F940460021224607F0C8FBBC
:1048E000B8F83600D8F83210ADF83200B8F8300019
:1048F0000D91ADF830009DF8440098F8381000F0A4
:10490000FE0040EAD110BDF860108DF8440009980F
:10491000DBF808600844BDF86210ADF8580001EB00
:104920000900BDF86410ADF85A00A1EB0A00BDF80B
:104930006610ADF85C00C81B16ACADF85E002046F2
:1049400031462246E3F7D4FE00283FF4B1ADCBF860
:1049500008400896B8F92A10B8F92E400A9891FB39
:10496000F4F3484400B203FB1411059A0144D21B2E
:104970000FB216B2B8F92820B8F92C308742C8BF58
:10498000091B08B2ADF8521021440139B0420A9611
:10499000ADF8561080F2D380099F049E92FBF3F489
:1049A00037443FB204FB1322039B3A44A3EB0A03B0
:1049B0000FFA82F90FFA83FAB945A2F1010640F322
:1049C0008F800CAF14AC0BE00B9BC21810B2ADF88B
:1049D00052200A9A19449042ADF8561080F2AF80E6
:1049E000B8F82C20ADF85460A9EB020213B2ADF870
:1049F00050205345E8DA00BFD8F8243058463946ED
:104A00002246F3F707FFBDF85000BDF854102844C4
:104A1000ADF8500000B229445045ADF85410EBDB1E
:104A2000BDF85200BDF85610CEE700BF4ED10CAF16
:104A30003846F4F7CDFB404600213A46002507F002
:104A400071FBD8F824305846394622460095F4F7D1
:104A50005FF81BB0BDE8F08F8146404607F0DAF9F9
:104A60008246404606F0F4F9B8F836400CAE0246ED
:104A700008F13205304651460023CDE90045E4F700
:104A80004DFBB8F81400BDF83010B8F81620BDF88A
:104A900032300144ADF830109918BDF83430ADF81B
:104AA0003210BDF836101844ADF834008818ADF84F
:104AB0003600484631460022E3F74AFE00287FF4DC
:104AC000F7AC012038701BB0BDE8F08F58460021CC
:104AD00022460023F3F79EFE1BB0BDE8F08F00BF17
:104AE000D1452CDA0CAC14AFB8F82C00ADF85090CE
:104AF0003044ADF8540000BFD8F824305846214661
:104B00003A46F3F787FEBDF85000BDF8541028442C
:104B1000ADF8500000B229445045ADF85410EBDB1D
:104B2000BDF852000B9BBDF85610184402B2ADF808
:104B30005200C8180A99ADF856008A42D4DB08988A
:104B4000CBF808001BB0BDE8F08F00002DE9F04362
:104B500085B00E46044607F015FD304600F0B0F86B
:104B6000032815D194F8380000F003010139012918
:104B700004D8606A03F0D0F894F83800002140F0BF
:104B80000300616284F8380005B0BDE8F08300BF1F
:104B9000054604A93046FFF72DFB002D56D0022D07
:104BA0005FD8676AB74218D094F8380000F0030065
:104BB0000138022828BF00273046DBF7E6FB01302A
:104BC00002F0ACFE00283FD03146DBF7F3FB002FAC
:104BD00060621CBF384603F09FF8022D41D1204689
:104BE000002157224FF0000906F068FF804620465A
:104BF0000021582206F062FF074620460021592274
:104C000006F05CFF00B241F6FF713BB2CDE9000156
:104C100003A831464246CDF808900EF0A5FCBDF839
:104C20000C10BDF8110041F6FC7202EA810100F09F
:104C30000300BDF80E20084440EA4230D1088DF848
:104C40001310ADF811000CE0FEE700BF94F8380037
:104C500000F003000138012802D8606A03F05CF814
:104C6000666294F8380005F0030100F08000BDF89A
:104C700011209DF8133008449DF8101042EA0343B8
:104C8000C2F38A0761F38600C2F3C90184F83800D1
:104C9000980BA7855F0BA0862046E785618608F004
:104CA000F3FD208E18B9E08EB0F5807F02D020464B
:104CB00008F0BCFD204607F065FC05B0BDE8F083B8
:104CC000002804BF0320704790F900001F28CEBFC2
:104CD0000120022101EA90107047000010B5202148
:104CE000044603F07FFC0020207040F60A20208359
:104CF0006420E08343F20320C0F29010C4F81A004D
:104D000010BD0000B0B50546006930B9F3F7C8FA28
:104D10000028286104BF0020B0BD40F2A020C2F2EC
:104D20000000E5F7ADF8A8B15C21044603F05AFC99
:104D300060791E2140F00200607144F61D60C0F6EB
:104D40000200224625600EF005F8216848612046E1
:104D5000B0BD00BFFEE7000040F28810C2F20000C4
:104D60000068704730B1014640F2A020C2F2000056
:104D7000E5F770B840F2A020C2F20000E5F742B8B3
:104D800040F28810C2F200004068704750B10268DB
:104D9000127842F00202032A08D102890A8040896F
:104DA0004880704700200880488070474FF0FF30EF
:104DB00008804FF6FF7048807047000050B10168CE
:104DC000097841F00201032902BF90F8440000F085
:104DD0000F0070470020704738B10168097841F032
:104DE0000201032904BF006B7047002070470000D8
:104DF00000280EBF002000680078704700220A607B
:104E000050B10268127842F00202032A18BF7047BC
:104E1000028B0A80408B4880704700002DE9F04FDC
:104E200085B0C06840F28818C2F20008C8F80000D7
:104E300001680A69DAB14279930713D590F8447092
:104E4000002307F0F00702F0FC02C0E90A33036315
:104E50008364C36480F84470C0E90733036442711B
:104E6000C8F80430520702D40969496911B105B084
:104E7000BDE8F08F01AE4FF0000903E0BAF1000F7A
:104E800000F0A4833146E4F725FAD8F800409DF8F5
:104E900013A06079810714D594F8441000F0FC0049
:104EA00001F0F001C4E90A99C4F83090C4F84890C0
:104EB000C4F84C9084F84410C4E90799C4F84090B1
:104EC00060719DF81200C8F804900128207106D086
:104ED00021680A78042A0BD1BDF8100040B10DF00A
:104EE000BFFED8F8004021680B690A78C3F8640156
:104EF000501E032800F2BC82DFE800F002824A74F0
:104F0000BDF80400BDF806200B69A082E2821B6890
:104F10001F69BE0609D51E88C04330445E88D2434F
:104F20003244ADF80400ADF80620022646EA171711
:104F300001AE07F00307032F06D1ADF8060058882D
:104F4000D2431044ADF804000869F3F7C3F92068B0
:104F50000069F3F715FA206DBDF90410BDF90620BC
:104F600068B1238A8FB2BB4203D1638A97B2BB4236
:104F700005D009F07FF9BDF80410BDF806202379AB
:104F8000201D012B2181628142D1EDF711FF41E00B
:104F9000A06D002800F06C820399251D00EB8102B2
:104FA00030F821609DF812005788012808D1208A26
:104FB000B04202D1608AB84202D02846EEF72EF8FD
:104FC0006079800766D4268167819DF812000128E8
:104FD00040F0DC802846EDF7EBFE607901AE8007FB
:104FE00018D543E29DF812006179012803D111F030
:104FF000080240F03D820A0750D4257A56E000BFEF
:105000009DF812106079012908D100070FD52FE211
:10501000EEF704F8A06820612AE200BF010706D578
:1050200000F0F600C4F84890607184F80890656D4F
:10503000002D00F01D822846FEF7C8F90028C8F8A8
:10504000040000F01582802106F064FF029BE168F5
:10505000E3609DF81270227A012F277208BF002AA0
:1050600000F09E80012F80F0010040F0AD8000280C
:1050700000F0AA80012A40F0A7800A2B40F0D080DF
:10508000D8E900200221FDF7EFF86079810740F1AF
:10509000C880EBE1C8F8049001AEE9E1002501F019
:1050A000F600607125729DF81200A564D4F854B022
:1050B00020720298BBF1000FE06000F0D9815846E1
:1050C000FEF784F90028C8F8040000F0D1819DF8AB
:1050D0001200002818BFADF810905846FEF776F978
:1050E0000028C8F8040000F0C3819DF812100129BF
:1050F00008BF002D00F0B280012908BF012D00F08B
:10510000ED80002908BF012D40F0098202990A298B
:1051100040F0FF8107F080FA38B9D8F80400102178
:1051200006F0EAFE002800F0C7815846FEF746F96F
:10513000617900284FEAC17000F0B88128B1584663
:10514000FEF74CF9012800F2DF81D8E900200821A0
:10515000FDF78AF86079800700F18881D8E900209E
:105160000421FDF781F86079800700F17F81D8E99B
:1051700000200721FDF778F86079800700F176813B
:1051800058460A21FEF7D8F9ADE100BF2846EDF7F1
:1051900045FF607901AE80077FF53CAF66E100BF57
:1051A00006460DF05DFD0299A0640B2900F07480A5
:1051B000092940F07B8028460021FEF7D5F92846D2
:1051C000FEF728F801AE51E1002F18BF012780F04B
:1051D0000100384308BF012A40F048810A290291A2
:1051E00040F0CE80D8E900200821FDF73DF8607935
:1051F000810700F13B81C00708D1D8E900200421D4
:10520000FDF732F86079800700F13081D8E900209D
:105210000721FDF729F86079810740F1B28025E187
:105220006079C00740F09380A06C0DF001FD21680B
:105230008A8B6179904240F2878041F00100607171
:1052400002980A2840F012810DF00AFDD8E90021E9
:10525000E06408460521FDF707F807E10DF000FDC1
:105260000299A064A1F10A02112A00F2C780DFE8C6
:1052700002F009C5C5C5C5C5C5C5C5B9BFC5C5C544
:10528000C5C5C593D8F8040007F0C6F9002800F09A
:10529000D7800025DBE000BF28460021FEF764F937
:1052A0002846FEF76DF801AEE0E000BF002E01AE2B
:1052B00040F0DC801B2900F0B5800A2968D128461F
:1052C0000A21FEF739F96079800700F1CF80D8E92B
:1052D00000200121FCF7C8FFC8E000BF6079C007CB
:1052E00069D1A06C0DF0A4FC21688A8B6179904291
:1052F0005ED941F0010060710DF0B2FC0299E064EA
:105300000A2940F0FD80D8F8040007F085F938B983
:10531000D8F80400102106F0EFFD002800F0E88026
:105320005846FEF75BF80228C0F0EA805846FEF7C0
:1053300045F880F001015846FEF716F9D8F8040048
:10534000202104F033FFDBE0C80700F08F80E06C21
:105350000DF06EFC2168C98B884240F287800DF009
:105360007FFC0299E064092954D00B294AD00A290C
:105370000ED1D8E900200621FCF776FF76E000BFC9
:10538000607900F0FE00C4F8489060716EE000BFE4
:105390002846FEF7D1F869E058461B21FEF7CCF805
:1053A0006079800762D4D8E90020202159E000BF4D
:1053B000C80700F0B480E06C0DF03AFC2168C98B9E
:1053C000884240F2AC800DF04BFC0299E064142955
:1053D0000ED0132906D00A2910D1D8E900200621C1
:1053E0003FE000BFBDF810000130ADF8100098E0BC
:1053F000BDF810000138ADF8100092E05846FEF7F5
:105400009BF830E028460021FEF7AEF82846FDF76D
:10541000B7FF2BE028460021FEF7A6F82846FDF747
:10542000F9FE23E028461B21FEF786F86079800705
:105430001CD4D8E900202021FCF716FF16E000BF9D
:10544000D8F80400102106F057FD80F001055846F9
:10545000FDF7B4FF002808BF002D60D0D8E9002078
:105460000121FCF701FF6079800758D5C8F8049046
:10547000D8F8000041798A077FF500AD90F8442004
:1054800001F0FC0102F0F002C0E90A99C0F8309086
:10549000C0F84890C0F84C9080F84420C0E90799C3
:1054A000C0F840904171C8F80490E7E488BB5846C2
:1054B0000121FEF759F82CE0D8E900200821FCF77B
:1054C000D3FE60798107D1D4C10705D1D8E9002086
:1054D0000421FCF7C9FE60798007C7D4D8E9002011
:1054E0000721FCF7C1FE60798007BFD411E000BF3F
:1054F000D8E900200521FCF7B7FE60798007B5D414
:10550000607940F0010009E0D8F80400202104F09F
:105510004DFE6079C4F8489020F001006071BDF83C
:1055200010000004C8F80490A2D05846FDF746FFCA
:10553000BDF81010A0B108B2B0F1FF3F26DD002980
:1055400096D0002558461321FDF7F6FF60798007B5
:105550003FF58CAFBDF9100001358542F2DB87E7DE
:1055600008B2B0F1FF3F21DD00293FF481AF0025F3
:105570005846FDF74FFE607980073FF577AFBDF9DC
:10558000100001358542F3DB72E700BF0025584665
:105590001421FDF7D1FF607980073FF567AFBDF9B2
:1055A0001000013540428542F1DB61E70025584695
:1055B000FDF7E6FE607980073FF558AFBDF91000B2
:1055C000013540428542F2DB52E700BF0020C8E9C6
:1055D000000005B0BDE8F08F70B50C4620B340F276
:1055E00088114279C2F200010B6842F00202834244
:1055F000427104BF00224A6001680978013901291B
:1056000054D8CCB3416BA14204BF00214163816AED
:10561000A14204BF00218162C16AA14218BF70BDCE
:1056200000F12C0540E000BF0020FFF79BFB40F29B
:105630008811C2F2000101F10405A8B314B30026D9
:1056400003E000BFFFF78EFB70B34179026841F0C1
:1056500002014171117801390129F3D8416BA1424E
:1056600008BF4663816AA14208BF8662C16AA1423F
:1056700008BFC662E6E700BF00214163816200F116
:105680002C0511E0002400BF4179026841F00201BD
:1056900041711178013901299CBF4463C0E90A4472
:1056A000FFF760FB0028EFD10020286070BD0000EC
:1056B00010B50446407900F0FE0060710DF0D0FA9C
:1056C000E0640DF0CDFAA06410BD0000002841D0C8
:1056D0000C293BD003293DD12421435AD3B380B5B3
:1056E000006848F21F5C407EC5F2EB1CC0F1640EFE
:1056F000002000BF1EFB03F2184452FB0CF25111B4
:1057000001EBD27211041DD01EFB02F1104451FBBB
:105710000CF14B1103EBD173190413D01EFB03F1F1
:10572000184451FB0CF14A1102EBD172110409D05B
:105730001EFB02F1104451FB0CF14B1103EBD17332
:105740001904D7D1BDE8804000B270472621435AE2
:10575000002BC4D1002000B270470000F0B581B02A
:105760000D460121044606F0C7FB18B1002420466F
:1057700001B0F0BD28686E460090204631460022F8
:10578000012309F065F82046314606F0C9FB0546BD
:1057900004F1140031460022E3F79AF828B92046B4
:1057A0004FF4002106F0A8FBB0B1204605F060FAE6
:1057B000471E6E46002F0FD4A0683146006850F88F
:1057C0002700FFF7CBFF0028A7F10107F2D004461E
:1057D000204601B0F0BD00BF002D08BF2C4620467A
:1057E00001B0F0BD002808BF7047417941F00801C1
:1057F0004171704710B540F6F164C2F200042078A0
:10580000002818BF10BD02F0A1FAE4F767FEE3F725
:1058100075FCE2F7B1FEE3F779FCF3F777F9E4F70B
:10582000DBFC40F29420C2F200004FF4B471E4F7C4
:105830001FFB40F2A020C2F200005C21E4F718FB3D
:10584000E4F71EFEE3F71EFDFCF70AFE01202070C0
:1058500010BD000010B50C460846042104F066FC9B
:1058600094F83D100020A06384F83C0001F0FE0095
:1058700084F83D00204605210022002303F040FF6C
:1058800045F6D901C0F6020120461C22002303F090
:10589000C5FD20460021002208F02CFF94F83C00B2
:1058A00040F21801C2F2000151F820102046F0F732
:1058B00005FA2046BDE8104000F064B910B5014675
:1058C00042F6F010C0F6040004F060FB044604F059
:1058D000EFFB204610BD000070B5FCF7C1FC04468C
:1058E000F0F708F94FF6FF71884200F0B3802046C8
:1058F000F0F700F901462046F0F76CF8002800F0B8
:10590000A98043F25951C0F604010546DAF744FD77
:10591000002867D043F22551C0F604012846DAF783
:105920003BFD002866D02878312806D168782328E6
:1059300003D1A878002800F08F8079A12846DAF7F3
:105940002BFD002866D043F28B51C0F60401284697
:10595000DAF722FD00285DD043F27B51C0F6040146
:105960002846DAF719FD002864D0A66B002E71D006
:105970006CA12846DAF710FD002875D043F28F514C
:10598000C0F604012846DAF707FD00286CD043F280
:105990007F51C0F604012846DAF7FEFC002875D0D6
:1059A00043F28351C0F604012846DAF7F5FC0028DB
:1059B00072D043F28751C0F604012846DAF7ECFCB6
:1059C00000286FD043F20751C0F604012846DAF7E9
:1059D000E3FC00286CD030462946BDE870400CF04E
:1059E00049B900BF40F21801C2F200010968002065
:1059F00006E000BF40F21801C2F200014968012030
:105A000084F83C002046F0F759F92046BDE8704084
:105A100000F0B8B8204620210022FCF725FC012820
:105A200018D1A06BB0B120210022BDE87040FCF776
:105A30001BBC00BF20461F210022FCF715FC0128DB
:105A400008D1A06B30B11F210022BDE87040FCF7E7
:105A50000BBC00BF70BD00BF40F21801C2F20001D4
:105A600089680220CCE700BF30460A210CF02CF8F0
:105A7000A06B0CF0E1FD002808BF70BDA06B1F21DA
:105A80000022BDE87040FCF7EFBB00BF3046BDE828
:105A900070400CF075BA00BF3046BDE870400CF0A5
:105AA00077BA00BF3046BDE870400CF0A3BA00BF23
:105AB00030460CF0BFFDA16B054608460CF0C2FD58
:105AC0000178A06B2B290BD02D2919D101210CF0C5
:105AD000CFFDA06B0CF08EFAA06B2B2108E000BF6D
:105AE00001210CF0C5FDA06B0CF084FAA06B2D21F8
:105AF0000BF0EAFFA06BA9B2BDE870400CF0B8BD96
:105B000000210CF0B5FDA06B2D210BF0DDFFA06B8B
:105B1000012111FA85F1BDE870400CF0A9BD00BF6C
:105B2000EF808D00456E74657200000090F83C2097
:105B30008A4208BF704710B540F21802C2F2000254
:105B400052F8212080F83C1011460446F0F7B6F8D0
:105B50002046BDE8104000F015B80000B0B504467E
:105B6000806B0D4618B12046022104F01FFB002D6A
:105B7000A56308BFB0BD20460221BDE8B04003F0D8
:105B800093BC000090F83D10C90749D1B0B5018E13
:105B900005464900084601F0C1FE95F83C10044650
:105BA00040F21800C2F2000000EB81002A8E416A28
:105BB0005200204602F01CF9298E284639B3211DD7
:105BC000032200BF31F8043C951E23F4806321F8C2
:105BD000043C038E9D421AD231F8023C551E23F438
:105BE000806321F8023C038E9D4210D20B8823F47F
:105BF00080630B80038E9A4209D24B88551C23F494
:105C000080634B80038E043208319D42DAD32146F3
:105C1000F0F746F82046BDE8B04002F07DB800BF7E
:105C200090F83C1040F21802C2F2000202EB81012F
:105C3000496AF0F735B8000010B50C4691F84810E5
:105C400000206064C4E90900C4E90D0001F0A0006F
:105C50004FF0FF324FF6FF7384F8480020460221D0
:105C6000C4E90B22C4E90F3304F060FA2046002196
:105C700001F0C0F902A12046BDE8104001F04ABA87
:105C8000546578740000000010B5014642F60C20FF
:105C9000C0F6040004F07AF9044604F009FA20463C
:105CA00010BD0000B0B50C4691F84810480605D567
:105CB000A06A18B102F030F894F8481001F0BF0063
:105CC00084F8480000250807A56202D4606A02F043
:105CD00023F86562B0BD00002DE9F04391B042F6B3
:105CE0000C20C0F604000C4604F092FF012840F09E
:105CF0007F822046FCF79CFA05462046FCF7B0FA66
:105D0000A5F11301192900F27382DFE811F01B00DD
:105D100071028900710271027102710271027102D5
:105D200071027102710271027102710271027102DB
:105D3000710271027102710271022D00CF007102B5
:105D40003D0100BF0021572205F0B8FEB0F9080060
:105D5000C0F34171084400B28110204611B0BDE883
:105D6000F043FCF771BB00BF90F8481001F0070149
:105D7000012940F00481C16A4A1C00F0008140F210
:105D80006C02C2F200021368426A03398046104670
:105D9000984798F8483008F1280C5B0601464046C1
:105DA000634648BFDCF80030476A7E5C7D18002EF1
:105DB0004FF0000700F0CB800026DF5D2F70446AB3
:105DC00046F00105EFB20C44E25D54FA85F5002A75
:105DD00000F0BD80DA5D2A70456A46F00202D7B253
:105DE0000D44EC5D55FA82F5002C00F0B080DA5DD0
:105DF0002A70456A46F00302D7B20D44EC5D55FAAD
:105E000082F5002C00F0A380DA5D04362A70426A25
:105E1000F7B20A44D45D52FA86F5002CCDD196E053
:105E20002046FCF71DFA05462046FCF707FA044613
:105E30000FA9284604F040FF95F848000021C0F360
:105E400001172846012205F039FE80B242F2D171D5
:105E5000884203D1688C000558BF043707AE30462E
:105E6000F3F7B6F9686C0021CDF8320028463246C7
:105E70008DF8397006F056F99DF838004FF6FF712D
:105E8000002804BF01208DF83800D5E90F208A4290
:105E90000892099018BF884240F0C68095F84800E3
:105EA00000F00601022900F0DB80FDE090F84810C8
:105EB00001F00701012962D1C16A4A1C5FD040F29A
:105EC0006C02C2F200021368426A0339804610462F
:105ED000984798F8483008F1280C5B060146404680
:105EE000634648BFDCF80030476A7E5C7D184FF09F
:105EF000000766B30026DF5D2F70446A46F0010597
:105F0000EFB20C44E25D54FA85F502B3DA5D2A7013
:105F1000456A46F00202D7B20D44EC5D55FA82F5AF
:105F2000ACB1DA5D2A70456A46F00302D7B20D447F
:105F3000EC5D55FA82F554B1DA5D04362A70426A96
:105F4000F7B20A44D45D52FA86F5002CD3D1D95D5C
:105F5000297090F84830590608D5DCF8001029B1AE
:105F6000084601F0D9FE98F84830404603F0BF01DA
:105F700080F8481000214FF0FF32C0E90A1211B03A
:105F8000BDE8F04300F03EBD00215722064605F073
:105F900095FD804630460021582205F08FFD814650
:105FA00030460021592205F089FD96F84810054633
:105FB0003046C1F3011704F0CDFE30460021012226
:105FC00005F07CFD80B242F2D172904206D1708C15
:105FD0003146000502D441F6FF7003E0304604F07C
:105FE000B9FE31462AB2496A0FFA89F3CDE9002099
:105FF00007A8424602970DF0B7FA2046FCF72EF9A3
:10600000B0F90010BDF91C30B0F90220BDF91E70C6
:106010009942C8BF0B460380BA42C8BF17464780A3
:1060200011B0BDE8F08300BF28464FF4802155220F
:1060300005F044FD024628464FF48021E4F700F8BD
:10604000ADF82A0028464FF48021202205F036FDC5
:10605000ADF82C0095F8480000F00601022923D184
:106060009DF8381001F0FE0102291DD1BDF92E0066
:10607000696A079ABDF9303041F6FF76CDE900062E
:1060800005A802970DF070FABDF83C00BDF840106D
:10609000BDF91420081A013000B28242C4BF0120A9
:1060A0008DF8380095F8480000F00700032809D063
:1060B000BDF83E00BDF84210081A013000B2B0F53C
:1060C000806F03DA4FF0000802E000BF05F13008EE
:1060D000A26805AE0FA93046E2F70AFB002800F0DF
:1060E000878095F8480041070DD1284605F0BAF899
:1060F000404202B20FA80021EEF710FB698B95F821
:106100004800ADF8421000F0060002280CD1D4F887
:106110000890A6606B6A07A90FAA2046CDF80080F8
:10612000F2F7F6FC0AE000BF6B6A07A90FAA204647
:10613000CDF80080F2F7ECFCD4F80890A66095F852
:10614000480000F00700032850D1BDF92E00696A0D
:10615000079ABDF9303041F6FF76CDE9000604A874
:1061600002970DF001FABDF83C00BDF84020BDF9E2
:106170001010101A013000B2814218DDB5F8442029
:106180000798561820212022FCF7BCFA00EB4000AB
:106190006B6A3044ADF83200B5F8460007A9ADF897
:1061A00034000FAA2046CDF80080F2F7B1FCBDF80C
:1061B0003E10BDF84220BDF91200511A013109B25A
:1061C000884213DDB5F84410B5F84620ADF832101A
:1061D0000799104409896B6A0844ADF8340007A98F
:1061E0000FAA2046CDF80080F2F792FCC4F8089080
:1061F00011B0BDE8F0830000002900F08D802DE98A
:10620000F04F91B0B1F800A00D46002112220446D3
:1062100005F054FC69880590099120460021102260
:1062200005F04CFC08900FA9204604F045FD606A7B
:10623000BDF83C800790BDF8405020460021572211
:1062400005F03CFC064620460021592205F036FCAC
:10625000074620460021582205F030FC94F84810EB
:106260000A96B6F908B0C1F301168146204600210E
:10627000012205F023FC80B242F2D171884203D1A1
:10628000608C000558BF0436626A2046002103F086
:1062900061FE079A0696117800293FD0DDE90831A2
:1062A000CDE9020AA5EB08000130C91A00B209B213
:1062B00009904846A1EB0B090BFA87F15FFA86FAC1
:1062C00006B200244FF000080891049015190A99AD
:1062D000099B2846934632460027CDE9007AE4F729
:1062E00065F90FFA88F1071949453DDA1BF80700EF
:1062F000089A002801EB02083C465A46E6D1DDE93F
:10630000020ADDF81090069E02EB070B3C460328BC
:10631000A04609D142E000BFFEE700BF002493463B
:1063200000270328A04639D002281BD10FFA89F391
:106330000A9A391BF6B2584600960DF085F9BDF859
:106340003C10BDF8402083B2511A01318AB200EBF3
:10635000D33001EBD23100B209B2079A4910A1EB58
:1063600060062CE000262AE040F27400C2F2000031
:1063700002680EA958460E9790470A2804D01BF8C9
:106380000700002808BF0137DDF81090069EDDE900
:10639000020A5A46AB460328A046C5D10FFA89F334
:1063A0000A9A391BF6B2584600960DF04DF9BDF821
:1063B0003C10BDF840200844101A079A461C0021E2
:1063C000002F8DF837100E9118BF474510D840F2B6
:1063D0007004C2F2000422685846904722680446BE
:1063E000079841469047204411B0BDE8F08F00BFA8
:1063F000059802EB0804AAEB00000FFA80FA069851
:106400000025C00723D100BF58460CA90BAA0EAB2C
:10641000E4F7AEF8DDE90A020C99FCF773F900B273
:1064200000FA86F0504539DC0E9901EB0802BA42B9
:1064300034D0635D93B300EB0906BA420D46E3D353
:10644000C5E700BF0E9901EB0800B842BFD258461D
:106450000CA90BAA0EABE4F78BF80E981BF80010F2
:106460000DF13700E4F7BCFB0028EBD1DDE90A02AF
:106470000C99FCF747F900B200FA86F252450DDCA0
:106480000E9901EB0800B84208D0635D33B102EB0E
:1064900009060D46B842DAD399E700BF0E952946A2
:1064A00095E70000002A69D02DE9F04F8FB0456ACA
:1064B0001746894600212A460646002403F04AFD75
:1064C000297800295CD006900DA93046089704F081
:1064D000F3FBBDF83480BDF838A0304600215722C8
:1064E00005F0ECFA074630460021592205F0E6FA9D
:1064F000049030460021582205F0E0FA96F8481042
:106500003A89C1F3011103920C91044630460021EF
:1065100001220B9705F0D2FA80B242F2D171884283
:1065200005D1708C00050C9858BF04300C9040F2D7
:106530006C00C2F20000026828464946CDF81C9063
:106540009047297806464FF00007059441B3AAEB1F
:106550000800013003B222B20B99B0460C9E2846C7
:10656000CDE90923CDE90076E4F720F846468346D5
:1065700080451BD20024B6BB49E000BFFEE700BF48
:1065800003287C8000F09C80022800F08D80012888
:1065900040F08680002038800FB0BDE8F08F00BF4B
:1065A00000244FF0000BF6B931E000BFDDE9031025
:1065B0000027002401EB000915F80B00DA4618B398
:1065C000DDE90923DDE90B1605EB0A0000244F4441
:1065D000CDE90046E3F7EAFF00EB0A0B4646D84553
:1065E0005446E9D29EB1A81910F8011CDDF814A098
:1065F0000D2918BF0A290CD1007850B9DDE9031024
:1066000034460844074404E0D346002EEBD1DDF8BD
:1066100014A00FFA8AF805EB04090B9A0C9D311BA4
:106620004846434600950DF00FF805460798A042EE
:1066300018BF5544069803281ED002282DD10B9A66
:106640000C9EABEB04014846434600960CF0FCFF61
:10665000BDF83410BDF8382083B2511A01318AB226
:1066600000EBD33001EBD23100B209B2A5EB6000F0
:1066700000EB610511E000BF0B9A0C9EABEB04012F
:106680004846434600960CF0DFFFBDF83410BDF8D5
:1066900038200844281A1044451C08980580478073
:1066A0000FB0BDE8F08F00BF304604F053FB81B25D
:1066B00000EBD13000B2400838800FB0BDE8F08F59
:1066C000304604F047FB38800FB0BDE8F08F000083
:1066D00090F84800C0F3001070470000406A70470F
:1066E000006C7047C06B70472DE9F04142B304461F
:1066F00090F84800000748BFBDE8F08120461546E5
:10670000884605F03FFF666A3046D9F73EFE0746E9
:106710002846D9F73AFE3844411C304601F026FBA2
:10672000606278B14FF6FF7290450DD140F278016A
:10673000C2F2000109688847626A0146104604E017
:10674000FEE700BFFEE700BF41462A46E4F7B0F986
:1067500020460021BDE8F04100F0DCBC2DE9F04FFF
:1067600091B00029099100F097800FA9064604F026
:10677000A3FA706ABDF83C800890BDF840A030468E
:106780000021572205F09AF904463046002159228B
:1067900005F094F9074630460021582205F08EF99D
:1067A000B4F90810726A07910546304600210A9430
:1067B00003F0D0FB96F848100490C1F30114304662
:1067C0000021012205F07AF980B242F2D1718842AB
:1067D00003D1708C000558BF0434DDF82090059576
:1067E00099F80000002859D0AAEB08000130214692
:1067F00004B207982DB200FA87F05FFA81F84FF0E3
:10680000000B4FF0000A0690039100BF09EB0B0646
:106810000A9930462A4623460027CDE90078E3F757
:10682000C5FE0999079AB1F9021002FA8AF200EB43
:106830000B078A420CDA0FFA8AF019F80710069A49
:10684000002900EB020ABB46E0D109EB0706BB4674
:10685000DDF81490039C0498032827D0022839D12E
:106860000FFA89F30A9AA7EB0B01E5B230460095BF
:106870000CF0EAFEBDF83C10BDF8402083B2511A7E
:1068800001318AB200EBD33001EBD23100B209B250
:106890004910A1EB600A1FE0FEE700BF4FF0000BBC
:1068A0004E460027A94604980328D7D10FFA89F34A
:1068B0000A9AA7EB0B01E5B2304600950CF0C4FE36
:1068C000BDF83C10BDF840200844101A00F1010A40
:1068D00002E000BF4FF0000A089800218DF83B103D
:1068E000CDE90C1B0B912FB1E107A7F1010805D1F0
:1068F000C34539D94FF0000A64E000BF0020089F6B
:10690000079050460DF130090BAC0DAD0DF13B0673
:10691000824600BF0D98404520D838464946224659
:106920002B46E3F725FE0D98395C3046E4F758F91D
:106930000028EFD1DDE90A020C99FBF7E3FE099983
:10694000504400B2B1F90010814257DB0599DDF8DF
:1069500034B00844CDF81CA0DAE700BFDDF81CA075
:10696000DDF814902EE000BF0CA90BAA0DABE3F7E5
:10697000FFFDDDE90A020C99FBF7C4FE09995044BA
:1069800000B2B1F9001081421ADB0CAC0BAF0DAEB6
:10699000DDF834B0C34515D800EB090A0898214644
:1069A0003A463346E3F7E4FDDDE90A020C99FBF7CA
:1069B000A9FE0999504400B2B1F900108142E7DA0A
:1069C000CDF834B0DDE90A020C99FBF79BFE0146D5
:1069D00009980FFA89F20FFA8AF7B0F90030B81A5D
:1069E00098424FF0000005DC3A44114401319942CD
:1069F000A8BF012011B0BDE8F08F00BFDDF81490F2
:106A0000DEE700002DE9F04F99B00446406A002807
:106A100000F0F3814FF0FF30206317A9204604F007
:106A20004BF9BDF85C00BDF860105722081A013020
:106A300005B22046002105F041F88346204600219A
:106A4000592205F03BF8804620460021582205F0E7
:106A500035F894F848100746C1F301162046002186
:106A6000012205F02BF880B242F2D171884203D1A5
:106A7000608C000558BF04360FFA88F0616A3BB29B
:106A8000CDE9000516A85A4602960CF06DFD204689
:106A900006F0FAFE94F8480000F00700012800F024
:106AA000B38003285AD0022840F0A4812046002158
:106AB000662205F003F8804600040BD1204604F05E
:106AC0006BF9F1F7F3FB45F2565100FB01F0010CB5
:106AD00001EBD07805A8ECF799FF4FF0FF30ADF847
:106AE0005400BDF85C00BDF86010BDF95870081A7C
:106AF000013006B24FF49672B74205941292149286
:106B000040F3AE800021F01BCDE90D1147F6550191
:106B10000F90C0F6030120460691ECF747FF0028CE
:106B200000F0F880016B109A914280F2FE8090F89C
:106B300042209DF85600119100F0FE0192078DF859
:106B4000561040F1F28000F0FC0002308DF8560043
:106B50000F980D990D900F91E7E000BF204600219E
:106B6000642204F0ABFF804620460021662204F038
:106B7000A5FF824600040BD1204604F00DF9F1F781
:106B800095FB45F2565100FB01F0010C01EBD07A68
:106B900005A8ECF73BFFBDF85C00BDF86010BDF93F
:106BA0005860081A013007B24FF0FF30BE4205941A
:106BB000ADF8540046DD584620212022FBF7A2FD07
:106BC000A0EB800047F65509821B1FFA8AF00025CA
:106BD000C0F603090021CDE90D550F92CDF81890AC
:106BE000ECF788FF109020464946ECF7DFFE0028BE
:106BF00018BF056BB8F1000F40D0D8F83000D8F8B6
:106C00003C101190149143E0BDF85E10BDF8622075
:106C1000BDF95A00511A013109B288420DDDBBF9A4
:106C20000810884209DD40F27800C2F200000168D5
:106C3000606A8847032800F2E3804FF0FF30E0628B
:106C4000D8E000BF47F65501C0F603012046ECF737
:106C5000B7FD0020A4F84400BE421FDDA8E000BF3D
:106C600047F65501C0F603012046ECF7A9FD0020C8
:106C7000A4F84400B74265DD9AE000BF1098854251
:106C800006DA9DF85600119500F0FE008DF85600CA
:106C900005A8ECF73DFFBE4200F38A80BDF85E1008
:106CA000BDF86220BDF95A00511A013109B288427B
:106CB0007EDDBBF9081047F65D05084442421FFA25
:106CC0008AF00026C0F603050021CDE90D660F927B
:106CD0000695ECF70FFF109020462946ECF766FE6C
:106CE000002818BF066BB8F1000F07D0D8F83000A5
:106CF000D8F83C101190149179E000BF10988642AA
:106D000075DA9DF85600119600F0FE008DF85600D9
:106D10006DE000BF1098012807DB9DF85610002099
:106D2000119001F0FE008DF856001FFA88F00D99C1
:106D30000F9AECF7DFFE1090139005A8ECF7E8FE31
:106D4000B74235DCBDF85E10BDF86220BDF95A00CF
:106D5000511A013109B288422ADDBBF908201044DA
:106D6000081A0021CDE90D1147F65D010F90C0F61C
:106D7000030120460691ECF719FE28B3016B109A27
:106D800091422CDA90F842209DF85600119100F0C3
:106D9000FE0192078DF8561021D500F0FC0002305C
:106DA0008DF856000F980D990D900F9117E000BFC8
:106DB00047F65D01C0F603012046ECF701FD002017
:106DC000A4F8460016E000BF1098012807DB9DF8E4
:106DD00056100020119001F0FE008DF856001FFAA9
:106DE00088F00D990F9AECF785FE1090139005A886
:106DF000ECF78EFE204605F0C5FB19B0BDE8F08F1C
:106E0000BDF85C50BDF8606058462E212E22FBF77D
:106E100079FC4FF0FF3138440239721B00FB01202E
:106E2000BDF85E100130BDF86220ADF81400501AB4
:106E3000BBF90810013002B201FA88F392FBF3F7B4
:106E400007FB1322871A0F4408EB02038A42B8BFDC
:106E5000C71A05A92046ADF81670FFF7CDF9666A86
:106E600005463046D9F791FA40F26C01C2F20001B2
:106E70000A688146304629469047C71C4F45049012
:106E800012D940F2740AC2F2000A0DF1100800BFD4
:106E9000DAF80020606A41469047049E013DF71CE5
:106EA0004F45F5D801E000BF064640F2600AC2F245
:106EB000000A606ADAF800103044884740F2640B38
:106EC000C2F2000B626ADBF80030804604A910466B
:106ED0009847B8F1030F3AD80498484537D8616A03
:106EE000DAF80020084490478044DBF80020606A0C
:106EF00004A95FFA88FA9047BAF1030F27D80498DB
:106F000040F260024845C2F2000220D8616A12686D
:106F1000084490478044DBF80020606A04A95FFAC7
:106F200088FA9047BAF1030F11D8049840F2600232
:106F30004845C2F200020AD8616A126808449047C4
:106F4000626ADBF80030804404A910469847606A02
:106F50005FFA88F28119204600F012F800283FF409
:106F600049AF606A2E218155606A30444170606A81
:106F700030448170606A0021C155E81C5FE6000062
:106F8000F0B581B090F848300446154658060E46D4
:106F900005D5A06A18B100F0BFFE94F84830002172
:106FA000274647F8281F03F0BF00052D87F820006B
:106FB00018D3681C00F0B2FC0146386000284FF07E
:106FC000000015D0084631462A46002700F010FF81
:106FD000A06A475594F8480040F0400084F8480003
:106FE00005E000BF384631462A4600F001FF012087
:106FF00001B0F0BD2DE9F041884647F65501C0F6D5
:1070000003010446ECF7DCFB47F65D01C0F6030123
:107010002046ECF7D5FB94F848100020A8F10202B6
:10702000606401F0DF00032A38BF203001F007015F
:10703000012984F8480060D1E16A4A1C5DD040F221
:107040006C00C2F200000268606A0339904794F84D
:10705000481004F1280C4906E64648BFDCF800E079
:10706000616A0B5C0D18002B4FF0000330D000213B
:107070001EF803302B70666A41F00105EBB206443E
:10708000F75C56FA85F51FB31EF8033041F002078E
:107090002B70666AFBB20644F25C56FA87F5BAB109
:1070A0001EF803202A70656A41F00302D3B205443A
:1070B000EE5C55FA82F55EB11EF8032004312A70A9
:1070C000626ACBB20244D65C52FA81F5002ECFD16F
:1070D0001EF80300287094F84810480606D5DCF81E
:1070E000000018B100F018FE94F8481001F0BF003D
:1070F00000214FF0FF32C4E90A1208F0070100F046
:10710000F8000144204684F84810BDE8F041FFF73C
:1071100079BC0000B0B50D46044605F033FA606A4C
:10712000014615B1A842294614D194F848200D46CD
:1071300012070FD40546D9F728F9411C284600F05C
:1071400015FE606220B12046BDE8B040FFF75ABC92
:10715000FEE700BF38B194F84810090703D400F0E7
:10716000DBFD002060622846D9F70FF9013000F0FE
:10717000D5FB606270B12946D9F71CF994F8480034
:1071800000F0F70084F848002046BDE8B040FFF763
:1071900039BC00BFFEE7000082B0B0B582B00692F5
:1071A000079309B30D46044605F0ECF9606A38B15F
:1071B00094F84810090703D400F0AEFD0020606287
:1071C00006A928460191E3F727FD94F8481060626C
:1071D00001F0F70084F848002046FFF713FC02B0E6
:1071E000BDE8B04002B07047FEE70000016405F062
:1071F000C9B90000C16305F0C5B9000090F8482086
:1072000012070DD4426A5AB1B0B5044610460D4675
:1072100000F082FD2946204600226262BDE8B040AF
:10722000002908BFFFF7EEBB90F84820416242F00A
:10723000080280F84820FFF7E5BB0000F0B581B0F8
:1072400040F6EC66C2F200060C46316840F2702748
:10725000C2F200070546013138683160C90000F00C
:1072600085FD386060B1316800EBC10040F8085C12
:10727000386800EBC102084642F8044C01B0F0BD8A
:10728000FEE7000010B508460C460BF0BDFCA084DC
:10729000FF2084F8260010BD2DE9F04FABB0084662
:1072A0000C46FAF7C5FF0546173810F1030F0FD843
:1072B00042F62820C0F60400214603F0A9FC01286C
:1072C00040F0BD8120462BB0BDE8F04FFAF7C8BFB3
:1072D0002046FAF7C5FF152D40F0B1811DAD0646D9
:1072E0000A902846F3F7F0FC304600212A4604F0C5
:1072F000D3FFBDF8780007224FEAD029C0F3451329
:1073000000F01F00099440F20714BDF87A8010FBCA
:107310000420BDF87E10089008F01F0010FB042028
:107320000391079001F01F00BDF8A05010FB04204E
:1073300005F01F01BDF89270069011FB042007F0C4
:107340001F06BDF898E0049016FB04200EF01F06FF
:10735000029016FB04204FF00C0B059043F6000042
:10736000C0F2080009FB00F4C7F3451040F20C4AD4
:10737000CEF3451110FB0AB013FB0AB9039B009032
:1073800011FB0AB0C8F34512019004F56050000CDF
:10739000089C00EB400049EA541143F6000900EB59
:1073A00054104FEAD824C0F20809C1F3072104FBA6
:1073B00009F400EB810804F5605112FB0ABCC3F329
:1073C0004512090C0798DB0A01EB410103FB09F3A5
:1073D0004CEA501412FB0AB201EB501103F5605352
:1073E0000698C4F307241B0C03EB430342EA501234
:1073F00001EB8401EC0AC5F3451603EB5013C2F30D
:10740000072204FB09F516FB0AB64C4603EB82097A
:1074100005F560520498120C02EB420246EA501342
:10742000FE0A02EB5012C3F3072306FB04F6C8F36F
:10743000451002EB830A06F56056029A009F04236A
:10744000360C03EB800006EB460647EA5215DDF8E2
:1074500028C0A04606EB5216BCF82440C208C5F36B
:10746000072004EB044506EB800B4FF61F00C0F22B
:10747000E07005EA000602FB06F54FEADE2202FB99
:1074800008F2C1F3451102F56052059F019C03EB20
:107490008101120C02EB420244EA5714C90802EBC4
:1074A000571201FB06F7C4F30721C9F3451402EB99
:1074B000810203EB8401CAF34514C90801FB06FAF3
:1074C000CBF34511C2F3451203EB810103EB8404B6
:1074D00003EB8203C908E40801FB06F2D9086FF048
:1074E0001F0E04FB06F401FB06FB4FF61F060EEA17
:1074F000555806EA55119CF826C0414401EB01415C
:107500000EEA57590CF1040506EA5717ED08014039
:1075100001FB05F14F4407EB074700EA5111074013
:1075200041EA114107FB05F7ADF8781000EA571161
:107530000EEA5A5741EA114106EA5A13ADF87A1099
:10754000F91801EB01410EEA525306EA52120140CA
:1075500001FB05F11A4402EB024200EA511102401C
:1075600041EA114102FB05F2ADF87E1000EA52112A
:107570000EEA545241EA114106EA5413ADF8921052
:10758000D1180EEA5B5206EA5B1301EB01411A4483
:1075900002EB0242014001FB05F1024002FB05F251
:1075A00000EA511100EA521041EA114140EA10404C
:1075B000ADF8A010BDF9A210BDF9A820ADF8980053
:1075C000ACF1500000FB01F100FB02F047F29132F8
:1075D000C5F69F5251FB02F150FB02F08A0902EB03
:1075E000D171820902EBD070ADF8A210ADF8A800FD
:1075F0000998FAF723FE07460DF12C084046394654
:1076000002F0CCFE42F628210A9DC0F604010C913E
:10761000002105F114060D911DAC189128461A2180
:1076200042460E960F94FAF71FFE38462146324620
:10763000F3F730FB28461B214246FAF715FE2BB024
:10764000BDE8F08F084690F82A20002101854162AC
:1076500002F0FE02022180F82A2002F067BD00003D
:107660002DE9F04F89B042F64420C0F604000D46E3
:1076700003F0CEFA012840F0B1802846FAF7D8FD91
:1076800006462846FAF7ECFD2C2E834600F08E8045
:10769000152E15D0132E40F0A18058460021492206
:1076A00004F00CFA044606B22846FAF7D7FDB0F902
:1076B0000010B14280F29280048009B0BDE8F08FE2
:1076C0002846FAF7BBFDBBF82810002900F0868099
:1076D0000446DBF82400002800F0808007A9584603
:1076E00003F054FBBDF81C50584603F0C3FDBDF831
:1076F0001E608046584603F0C5FD8146584603F09B
:10770000A7FB0DF1120782463846F1F7E7FD584610
:1077100000213A4604F060FDBBF8280002285DD342
:10772000A6EB0906A5EB080706EB0A054FF00008D3
:107730000DF10A0A4FF0000920E000BF691AADF808
:107740001010C088281AADF80C0020460DF1120167
:107750000DF10E025346F1F7B1FD9DF81B0009F142
:10776000010900F0FB008DF81B00BBF828001FFA90
:1077700089F10138884208F104082FDDDBF8240084
:107780009BF82A2030F8081040443944ADF80E1018
:107790008188CB19D1074188ADF80A30CED1314468
:1077A000ADF81010C0883044CDE700BFBBF828000A
:1077B000A0B1DBF8240088B12846FAF74FFDBBF8EA
:1077C0002820804672B1DBF82490042A02F00300DE
:1077D00001900BD200220027002644E009B0BDE84A
:1077E000F08F00BF0026002769E000BF6FF00C009B
:1077F00000EA820E09F1080A00250022002700266F
:1078000039F905103FB209EB0500B942C8BF0F4670
:1078100036B2B0F90210B0F90430B0F90A40B0F94C
:107820000CC0B142C8BF0E460AEB050131F9021C7B
:10783000BB42C8BF1F463AF90530B142C8BF0E4629
:10784000BB42C8BF1F46B442C8BF2646B0F90E00AF
:10785000BC45C8BF6746B042C8BF06461035AE45F6
:1078600002F10402CCD1019B4BB309EB820039F940
:1078700022103FB2B0F9022036B2B942C8BF0F465B
:10788000B242C8BF1646012B19D03FB2B0F904105E
:10789000B0F9062036B2B942C8BF0F46B242C8BFDF
:1078A0001646022B0BD03FB2B0F90810B0F90A000F
:1078B00036B2B942C8BF0F46B042C8BF06465846A6
:1078C0000021492204F0FAF839183044A8F80010D1
:1078D000A8F8020009B0BDE8F08F0000DDF800C094
:1078E0008A42A8BF904217DA884203DC8A4201DB51
:1078F000184670478A42D8BF90420DDD884201DBAE
:107900008A42F5DDACEB030C401A0CFB00F0511A77
:1079100090FBF1F000EB030C60467047002802BFBB
:1079200040F2AC00C2F200007047B0B540F2E8256A
:10793000C2F200050446286821460BF0CBFC002863
:1079400004BF0020B0BDD5E901122144914288BF97
:107950000A46C5E90112B0BD2DE9F04140F6F465D3
:1079600040F2AC0840F2E8270024C2F20005C2F25F
:107970000008C2F2000700260EE000BF05EBC600BB
:1079800045F836408179848001F0FE01817101362D
:10799000102E08BFBDE8F08155F836100029F6D04A
:1079A0004145EBD038680BF0CDFB7968081A38BF39
:1079B00020467860E2E700002DE9F041002804BF8E
:1079C0000020BDE8F08140F6F468FF220021C2F2F9
:1079D0000008002307E000BF2A4600BF0433102B35
:1079E00001F120015ED008EBC304A579EE070DD1AB
:1079F000A688B0420AD871D055B2002D1ED4D5B297
:107A000008EBC505AD88AE4238BF1A46A57BEE0728
:107A100018D1A689B04215D868D055B2002D03F10F
:107A2000010523D4D7B208EBC707BF88BE4238BFD1
:107A30002A46A57DEF0708D020E000BF1A46A57BA7
:107A4000EE07E6D0A57DEF0718D1A68AB04215D87B
:107A500056D057B29D1C002F0ED4D7B208EBC707E3
:107A6000BF88BE4238BF2A4608E000BF2A46A57D2F
:107A7000EF07EAD002E000BF2A4600BFA57FEF076C
:107A8000ACD1A68BB042A9D844D057B2DD1C002F90
:107A9000A2D4D7B208EBC707BF88BE4238BF2A4678
:107AA0009CE700BF51B2B1F1FF3F0BDDD0B208EB54
:107AB000C00158F830008A7942F001028A71BDE8AD
:107AC000F08100BF98F80610C90700F09B8098F875
:107AD0000E10C90728D108F1080893E0414408684E
:107AE00045F001028A71BDE8F08100BF08EB01009A
:107AF00000F10801086845F001028A71BDE8F081D3
:107B000008EB010000F11001086845F001028A71DC
:107B1000BDE8F08108EB010000F11801086845F0AC
:107B200001028A71BDE8F08198F81610C90703D1E7
:107B300008F1100866E000BF98F81E10C90703D1CD
:107B400008F118085EE000BF98F82610C90703D1B5
:107B500008F1200856E000BF98F82E10C90703D19D
:107B600008F128084EE000BF98F83610C90703D185
:107B700008F1300846E000BF98F83E10C90703D16D
:107B800008F138083EE000BF98F84610C90703D155
:107B900008F1400836E000BF98F84E10C90703D13D
:107BA00008F148082EE000BF98F85610C90703D125
:107BB00008F1500826E000BF98F85E10C90703D10D
:107BC00008F158081EE000BF98F86610C90703D1F5
:107BD00008F1600816E000BF98F86E10C90703D1DD
:107BE00008F168080EE000BF98F87610C90703D1C5
:107BF00008F1700806E000BF98F87E10C9072FD181
:107C000008F1780840F2E825D8F80010C2F2000523
:107C100040F2AC020446C2F200022868914205D04C
:107C200022460BF071FB68B918E000BF21460BF04B
:107C300051FB98B1D5E901122144914288BF0A460F
:107C4000C5E9011298F80610A8F8044041F00101B6
:107C500088F80610C8F80000BDE8F081FEE700BF14
:107C6000FEE7000040F6F461C2F200010A688242B9
:107C700050D00A4652F8083F834246D00A4652F88E
:107C8000103F834241D00A4652F8183F83423CD00D
:107C90000A4652F8203F834237D00A4652F8283F1E
:107CA000834232D00A4652F8303F83422DD00A46F2
:107CB00052F8383F834228D00A4652F8403F834268
:107CC00023D00A4652F8483F83421ED00A4652F853
:107CD000503F834219D00A4652F8583F834214D08D
:107CE0000A4652F8603F83420FD00A4652F8683F76
:107CF00083420AD00A4652F8703F834205D051F8B9
:107D0000782F82420A4618BF7047907900F0FE0033
:107D1000907170470A46F8E7014640F2AC00C2F2A3
:107D20000000814218BF002900D1704710B540F211
:107D3000E824C2F2000420680BF004FA6168081A13
:107D400038BF00206060BDE81040704780B540F645
:107D50007470C2F200004FF440410BF09DF940F204
:107D6000E821C2F20001086080BD0000B0B50C46F9
:107D70000029014610D040F2E825C2F2000540F289
:107D8000AC02C2F20002286891420FD02246BDE840
:107D9000B0400BF0B9BA00BF40F2AC00C2F2000034
:107DA000814218BF002911D1B0BD00BF21460BF0A0
:107DB00091FA002804BF0020B0BDD5E9011221448A
:107DC000914288BF0A46C5E90112B0BD40F2E824DD
:107DD000C2F2000420680BF0B5F96168081A38BFD8
:107DE0000020606040F2AC00C2F20000B0BD0000B4
:107DF00070B500F0030401F00303A3420AD1002C84
:107E000018BF002A58D1944686460B46BCF1210F74
:107E100070D294E2212AC0F09780A2F1210C5FEA8F
:107E20008C6300F197800B78203A03704B78437095
:107E30008B788370CB78C3700B7903714B79437166
:107E40008B798371CB79C3710B7A03724B7A43724E
:107E50008B7A8372CB7AC3720B7B03734B7B437336
:107E60008B7B8373CB7BC3730B7C03744B7C43741E
:107E70008B7C8374CB7CC3740B7D03754B7D437506
:107E80008B7D8375CB7DC3750B7E03764B7E4376EE
:107E90008B7E8376CB7EC3760B7F03774B7F4377D6
:107EA0008B7F8377CB7F2031C37700F12003BCF138
:107EB000200F55D258E100BF0B4613F8016B8646E0
:107EC0000EF8016B032CA2F1010C18BFBCF1000FDE
:107ED0000CD04B7800F1020E43708B1C022CA2F1E7
:107EE000020C18BFBCF1000F40F0B682BCF1210FAC
:107EF000C0F02582ACF12101012202EB511212F0F7
:107F0000030200F0B0811C68012ACEF800405C68D2
:107F1000CEF804409C68CEF80840DC68CEF80C40EF
:107F20001C69CEF810405C69CEF814409C69CEF80C
:107F30001840DC69CEF81C4040F03C810EF1200E68
:107F40002033ACF1200C8EE1002A034640F00C8176
:107F500081E200BF0346BCF1200FC0F0058100BFE5
:107F600011F8405B403A03F8405B202A11F83F5C6F
:107F700003F83F5C11F83E5C03F83E5C11F83D5C91
:107F800003F83D5C11F83C5C03F83C5C11F83B5C89
:107F900003F83B5C11F83A5C03F83A5C11F8395C81
:107FA00003F8395C11F8385C03F8385C11F8375C79
:107FB00003F8375C11F8365C03F8365C11F8355C71
:107FC00003F8355C11F8345C03F8345C11F8335C69
:107FD00003F8335C11F8325C03F8325C11F8315C61
:107FE00003F8315C11F8305C03F8305C11F82F5C59
:107FF00003F82F5C11F82E5C03F82E5C11F82D5C51
:1080000003F82D5C11F82C5C03F82C5C11F82B5C48
:1080100003F82B5C11F82A5C03F82A5C11F8295C40
:1080200003F8295C11F8285C03F8285C11F8275C38
:1080300003F8275C11F8265C03F8265C11F8255C30
:1080400003F8255C11F8245C03F8245C11F8235C28
:1080500003F8235C11F8225C03F8225C11F8215C20
:1080600003F8215C11F8205C03F8205C11F81F5C18
:1080700003F81F5C11F81E5C03F81E5C11F81D5C10
:1080800003F81D5C11F81C5C03F81C5C11F81B5C08
:1080900003F81B5C11F81A5C03F81A5C11F8195C00
:1080A00003F8195C11F8185C03F8185C11F8175CF8
:1080B00003F8175C11F8165C03F8165C11F8155CF0
:1080C00003F8155C11F8145C03F8145C11F8135CE8
:1080D00003F8135C11F8125C03F8125C11F8115CE0
:1080E00003F8115C11F8105C03F8105C11F80F5CD8
:1080F00003F80F5C11F80E5C03F80E5C11F80D5CD0
:1081000003F80D5C11F80C5C03F80C5C11F80B5CC7
:1081100003F80B5C11F80A5C03F80A5C11F8095CBF
:1081200003F8095C11F8085C03F8085C11F8075CB7
:1081300003F8075C11F8065C03F8065C11F8055CAF
:1081400003F8055C11F8045C03F8045C11F8035CA7
:1081500003F8035C11F8025C03F8025C11F8015C9F
:1081600003F8015C3FF6FCAE12F00304A2F1010C2F
:108170000ED08E461EF8016B1D4605F8016B012CD2
:108180000CD12B466246BCF1030F3DD263E100BF28
:108190008E46BCF1030F37D25DE100BF4E78022C52
:1081A0005E7027D1023301F1020E023ABCF1030FD7
:1081B0002AD250E11C6A022ACEF820405C6ACEF82E
:1081C00024409C6ACEF82840DC6ACEF82C401C6B18
:1081D000CEF830405C6BCEF834409C6BCEF8384023
:1081E000DC6BCEF83C4021D10EF1400E4033ACF1B7
:1081F000400C38E08E7801F1030E9E700333033A91
:10820000BCF1030FC0F02781AEF10401043B00BFB5
:1082100011F8046F043A03F8046F4E785E708E789C
:108220009E70CE78DE70F3D115E100BF1A6CACF110
:10823000600CCEF840205A6CCEF844209A6CCEF8F0
:108240004820DA6CCEF84C201A6DCEF850205A6DCA
:10825000CEF854209A6DCEF85820DA6D6033CEF8FF
:108260005C200EF1600E602969D300BF1968ACF183
:10827000800CCEF800105968BCF1200FCEF8041025
:108280009968CEF80810D968CEF80C101969CEF8A4
:1082900010105969CEF814109969CEF81810D969E0
:1082A000CEF81C10196ACEF82010596ACEF82410A6
:1082B000996ACEF82810D96ACEF82C10196BCEF82E
:1082C0003010596BCEF83410996BCEF83810D96B4A
:1082D000CEF83C10196CCEF84010596CCEF8441012
:1082E000996CCEF84810D96CCEF84C10196DCEF8B8
:1082F0005010596DCEF85410996DCEF85810D96DB4
:10830000CEF85C10196ECEF86010596ECEF864107D
:10831000996ECEF86810D96ECEF86C10196FCEF841
:108320007010596FCEF87410996FCEF87810D96F1D
:1083300003F18003CEF87C100EF1800E96D8BCF1CC
:10834000050F13D3ACF10501012202EB910212F0EB
:1083500003050FD01C4654F8046B724642F8046BB8
:10836000012D0DD1ACF1040C1FE000BFBCF1000FDA
:1083700037D170E01C4672460C29234619D230E0F2
:108380005A68022DCEF8042006D10EF1080203F13E
:108390000804ACF1080C08E09A6803F10C04CEF86C
:1083A00008200EF10C02ACF10C0C96460C29234669
:1083B00017D32346964600BF1968ACF1100CCEF8CF
:1083C00000105968BCF1040FCEF804109968CEF87B
:1083D0000810D96803F11003CEF80C100EF1100E3E
:1083E000EAD81CF00304ACF101010BD01A4612F8D4
:1083F000016B754605F8016B012C05D1AE468C4624
:1084000016E000BF1A4613E05A78022C8EF80120BD
:1084100006D10EF1020E9A1CACF1020C08E000BF6E
:108420009A78ACF1030C8EF802200EF1030EDA1CE0
:10843000032938BF70BD111FAEF1040211F8043FCB
:10844000BCF1040C02F8043F4B7853708B789370A6
:10845000CB78D370F2D170BD8B7800F1030E8370AE
:10846000CB1CA2F1030CBCF1210FBFF443AD66E7B6
:108470002DE9F04110F00303884618BF002A07D108
:108480004FF0013108FB01F1212A15D25FE000BF56
:10849000571E83F00304A74238BF3C46661C314692
:1084A00042460546D7F737FFA8193A1B4FF001316E
:1084B00008FB01F1212A4AD3A2F12103012707EB8E
:1084C000531717F003061BD0012EC0E90011C0E9B5
:1084D0000211C0E904118161C16105D12030203A47
:1084E000602B0FD233E000BF022EC0E90811C0E9B3
:1084F0000A11C0E90C118163C16349D14030403A8F
:10850000602B24D3803AC0E90011C0E90211C0E910
:108510000411C0E90611C0E90811C0E90A11C0E957
:108520000C11C0E90E11C0E91011C0E91211C0E927
:108530001411C0E91611C0E91811C0E91A11C0E9F7
:108540001C11C0E91E11202A00F18000DAD8052A8A
:108550003ED3531F012707EB930717F0030509D0FC
:10856000064646F8041B012D08D1043A30460C2B70
:1085700023D231E006460C2B1FD22DE0022D4160A4
:1085800014D100F10806083A30460C2B15D223E02E
:10859000C0E91011C0E91211C0E91411C0E91611A7
:1085A0006030603A602BADD2D1E700BF00F10C061D
:1085B0000C3A816030460C2B0ED33046103AC0E99D
:1085C0000011C0E90211042A00F11000F6D803E0FE
:1085D000002A08BFBDE8F08111464246D7F79BFE4E
:1085E000BDE8F081F0B581B0044610F0030018BF7B
:1085F000002917D1212924D205290BD3481F20F0A7
:108600000306351D20460F462946D7F78BFEB81BBB
:108610002C44011F00291CBF2046D7F783FE01B060
:10862000F0BD00BF4E1E80F00307BE4238BF374684
:108630007D1C20462946D7F775FE2C44F11B2129C5
:10864000DAD3A1F1210020F01F0606F12005204613
:108650000F462946D7F766FEB81B2C44A0F120012F
:108660000529CBD2D6E70000F0B581B0044610F062
:10867000030018BF00290BD1212919D2052929D2BD
:1086800019B12046FF22D7F746FE01B0F0BD00BF6A
:108690004E1E80F00307BE4238BF37467D1C204681
:1086A0002946FF22D7F737FE2C44F11B2129E5D3B9
:1086B000A1F1210020F01F0606F1200520460F46FB
:1086C0002946FF22D7F727FEB81B2C44A0F1200132
:1086D0000529D5D3481F20F00306351D20460F4637
:1086E0002946FF22D7F717FEB81B2C44011F00298B
:1086F000C7D1CAE7F0B581B00546F9F799FD07285B
:108700000CD12846F9F7ACFD04462846F9F7AAFD36
:10871000416B8C4204D0816C8C4237D001B0F0BDEB
:10872000826C90F86010944280F86110F6D00229B3
:10873000F4D300F1540507462846E1F763FB0646EB
:1087400028463146E1F786FB0028E7D00446284654
:108750003146E1F703FC3046FFF7DEFA97F8600098
:108760002146013887F860002846E1F7F7FB97F8C3
:1087700060002168013887F86000384600F034F95D
:10878000204601B0BDE8F040FFF7C6BA90F860108F
:1087900080F8611001B0F0BD70B540F2AC10C2F2CB
:1087A000000002880C460846114605F0B1FC204640
:1087B0000021002605F072FC94F86200042100F00C
:1087C000F00084F8620004F15400A4F86060E1F75E
:1087D0004FFB204601F036FD0121606200F064FE8F
:1087E00042F6EC20C0F604002146C4E90F66C4E955
:1087F0001166E66401F0CAFB054601F059FC284603
:1088000042F2640105F06EFC2846012105F058FC97
:108810002846012105F042FC28464FF4804100F033
:1088200043FE2846022101F081FC42F60830C0F6E2
:1088300004002946A56201F0A9FB054601F038FCB9
:10884000284642F2640142F2D17205F087FD2846C3
:10885000002105F023FC284600210222022305F016
:10886000FBFB2846022101F061FC28464FF48041C1
:1088700000F01AFE28462563ECF74CFC48F2F5613F
:10888000C0F6020107222346054600F0C7FD284630
:108890004FF4804100F008FE2846002105F0FEFB61
:1088A00028466563FAF7F0FE43F27F51C0F60401F3
:1088B000FCF74CF9206BFDF7E7F90121054600F0C4
:1088C000F3FD48F6E521A563E662C0F60201204605
:1088D0001C2223462665BDE8704000F09FBD0000C5
:1088E00010B50C460846002105F0D8FB20460021B3
:1088F0000222022305F0B0FB20460221BDE8104011
:1089000001F014BC01F15400E1F74ABA10B5084671
:108910000C4602F0F9FA416A204605F02BFC20468D
:10892000012105F0BBFB204600210222022305F0B5
:1089300093FB20464FF48041BDE8104000F0B4BDE9
:10894000486A002808BF704710B50C46FFF7E4F9E5
:1089500000206062BDE8104070470000B0B50446DA
:10896000006B88B1E16A002908BFB0BD94F86210BD
:10897000C1F341010125DFE801F00A03091000BF3E
:108980000021002503E000BFB0BD00BF012103F0BE
:10899000C9FFE06A294605F093FB206B04F014FB45
:1089A000E06A04F011FB206B05F092FF206B02F0EF
:1089B000B5F90146206B29B10121BDE8B04001F0B5
:1089C000B5BB00BF0121BDE8B04000F06DBD0000A7
:1089D00010B50C460846012105F060FB2046022137
:1089E000BDE8104001F0A2BBB0B50446C06A8842A1
:1089F00008BFB0BD0D4610B1616A05F0BBFB04F1C4
:108A000054009DB1E1F73CFA70B194F86010056034
:108A1000481CA16A84F86000284605F0ABFB206D75
:108A2000E56258B90FE000BFFEE700BFE1F7B8F913
:108A3000002084F86000206DE56220B1216CC9B18E
:108A4000012100F07FFD206CD0B194F86210C807BE
:108A500009D0A06C09071FD4012100F025FDA06CEE
:108A6000022101F063FB94F86010606B02291FD2B1
:108A700026E000BF012101F099FB206C0028E4D121
:108A800094F86000012805D894F86200000701D42A
:108A9000606B15E0606B0BE0012101F047FBA06CFF
:108AA000022100F001FD94F86010606B022907D3E9
:108AB000012101F03BFB606B022100F0F5FC06E0B8
:108AC000012100F0F1FC606B022101F02FFB204638
:108AD0001C210022F9F7C8FB2046BDE8B040FFF793
:108AE0003DBF000010B5F9F7BDFBC16A044649B1AE
:108AF000A06B38B1496AD9B1FEF70CFBA06B01211C
:108B000001F014FB216CC9B1E06C002808BF10BD56
:108B1000496A39B1FEF7FEFAE06C0121BDE8104068
:108B200001F004BB0121BDE8104000F0BDBC00BF56
:108B3000012100F0B9FC216C0029E5D110BD000035
:108B400010B50C4601F124002421E1F791F904F15C
:108B500030001C21BDE81040E1F78AB910B501F1E1
:108B600030000C46E1F71CF904F12400BDE8104088
:108B7000E1F716B92DE9F04FDBB042F6B039C0F697
:108B8000040948460C4602F043F8012840F04184AD
:108B90002046F9F74DFB05462046F9F761FB152DF8
:108BA00040F0378406462046F9F748FB054612A9EF
:108BB000304602F081F80DF1F4084046EFF72CFC46
:108BC00030464FF4A021512202F078FF002818BF50
:108BD0000120BDF84820BDF84C309DF801119B1ACA
:108BE00001339FB201F0FB0141EA800003EBD73172
:108BF0008DF801010CB2BDF84A0002EB640100EBF4
:108C00006400ADF86C10ADF86E003046002100270E
:108C100002F018FF119049A829460A9501F0BEFB01
:108C20004FF400300B96303656903046CDF84481E4
:108C3000CDE94A97E1F716F900285DD0DDF82C80E0
:108C400005466010109006E030462946E1F706F927
:108C50000546002850D028790328F5D1288B69795A
:108C6000ADF8F400288A119AADF8F60001FB02F085
:108C7000FD29114698BF010A8DF800112C68A868DB
:108C8000D4E90512B4F92030E78B1F440097FEF7B2
:108C900025FED4E90512B4F92030E78B8146E86857
:108CA0001F440097FEF71AFE0446688B10990DF5D5
:108CB000927B0844ADF860010DF16C0A40461A2120
:108CC0005A46ADF8F890ADF8FA405A95CDF848A15B
:108CD000F9F7CAFABDF86031A7B21FFA89F40A9809
:108CE0003DA95246CDE90047EFF780FB40461B21E6
:108CF0005A46F9F7B9FAA7E7BDF84800BDF84C1095
:108D0000BDF84A20BDF84E30091A01319B1A8FB2C6
:108D100001339DB201EBD73703EBD5353FB22DB20E
:108D20007F100996B7EB650FB8BF0B4699B20DF5EA
:108D30008B7903EBD1310DB200EB650002EB6501DD
:108D4000ADF820014846ADF82211F0F7C7FA0B9CA8
:108D50004FF4C02120464A464FF4C02803F03CFAA5
:108D60009DF81F013DAF40F010008DF81F013846FF
:108D7000F0F72EFA20464FF4C0213A4603F0D2F91C
:108D80000A9F49A8394601F009FB42F6B030C0F607
:108D900004004A9003204B9004F12400CDF8588140
:108DA000CDF83C910690E1F75DF8002800F0D28103
:108DB00069100446481E049008468229D8BF8220C4
:108DC00008440DF1DC080DF1C4090DF1AC0A059160
:108DD00008901AE00DF1DC084046F0F7FDFC0DF1BB
:108DE000C4094846F0F7F8FC0DF1AC0A5046F0F71C
:108DF000F3FC0C9800B2F1F739FF06982146E1F731
:108E00002DF80446002800F0A5815A94A088DDF8CA
:108E100014B0A189BDF82021ABEB0000BDF82231D0
:108E2000ABEB0105111AADF8A410191AADF8A61094
:108E300011181844ADF8A810ADF8AA00404629A9A9
:108E400047F6FF720123F1F7B7FBBDF82001BDF82B
:108E50002221411BADF89C10511BADF89E10691EDC
:108E60000844ADF8A0005018ADF8A200484627A964
:108E700047F6FF7201230795F1F79EFBBDF820012D
:108E8000BDF82221A0EB0B01ADF89410A2EB0B0171
:108E9000ADF89610049900230844ADF898005018D6
:108EA000ADF89A00504625A947F6FF72F1F784FB0A
:108EB00050460021F0F71EFA61880C90002989D0F5
:108EC00060894FF0000A451E002808BF4FF6FF7565
:108ED00030E000BFDDF82C8000200DF5927B4E9035
:108EE000549040461A215A46F9F7BEF90A9F37A80E
:108EF0000F9D0021F0F7FEF9044638460DF58B7101
:108F000024AA3346F0F7DAF92046F1F7AFFE4046DF
:108F100016215A46F9F7A8F910980AF1010AADF896
:108F20001801B9F8021011988A454C46ADF816019F
:108F3000BFF450AF2746D7E9053C66894FF0FF30B4
:108F40006C1C10FA81F2A51B504618BF2546002163
:108F50000F95CDF800C0FEF7C1FC05465990384684
:108F6000CDE90D46B44208BF0830B0F800804FF09C
:108F7000060008BF0E20DDF824B03C463F5A584694
:108F8000E0F770FF0028CDE9107845D0DDE91078D2
:108F9000814605E058464946E0F760FF8146D8B370
:108FA00099F804000228F5D1D9F808108D42F1DBB8
:108FB000D9F80C209542EDDCB9F81280B9F814000C
:108FC000B9F8103080451F44E4D099F8160000230A
:108FD000C00708BFD4E905122846FF260096FEF711
:108FE0007DFCB9F81410B9F8122001EB014102EB35
:108FF00002424FF61F0300F0FC00C0F2E0730430A1
:109000001A401940C008891A01FB00F002EB501009
:10901000184040EA1048BDE7E08B61880AFB00F089
:10902000B4F9202000EB80000139400090FBF1F002
:1090300002EB8201A14600EB4104BDF82001089932
:10904000ADF818710844BDF8221124AF48AEADF850
:109050009000ADF89210384621464FF480723346A6
:10906000ADF8168105F088FCDDE90D10CDE95267F9
:109070003DAFCDF85CA181424E977FF42BAF0C98A9
:1090800000B2F1F7F3FDB9F81000079ABDF820110E
:10909000101A0844BDF82211ADF88C00ADF88E10FE
:1090A00023A821464FF48072334605F065FC1BACC3
:1090B000204639462022FEF79BFE4E9417AC2046F0
:1090C0001021D5A22B4607F083F8DDF82C800DF592
:1090D000927B40461A215A465494F9F7C5F8BDF9D7
:1090E0007E0054991B9ABDF98030009041F6FF70C4
:1090F000019016A8002402940AF036FABDF8580030
:10910000BDF85A3000EBD03203EBD337BDF88C10EA
:1091100012B2BDF88E503FB2A1EB6201A5EB67021F
:1091200008440A9FADF85010ADF85400D0184E997D
:10913000549BADF85220ADF85600384614AA00945E
:10914000EFF7E6FC2BA80021F0F7D4F80C9031A83B
:10915000CEE600BFBDF84800BDF84C101BAD091AA3
:1091600001318AB201EBD2310FFA81F8BDF84A1011
:1091700000EB680001EB6801ADF8C4002846ADF8CB
:10918000C610F0F7ABF80B9C4FF4A02120462A46FE
:1091900003F022F83DAD2846EFF7A6FC20464FF439
:1091A000A0212A4602F064FF2046002102F04AFC7A
:1091B000814649A8394601F0F1F842F6B030C0F6D0
:1091C00004004A9031A8099E52904FF40030569006
:1091D0003046E0F747FE002800F0D68004464FEA0C
:1091E000680011902BA801300DF592780DF1DC0B81
:1091F00010900CE028461B214246F9F735F830461E
:109200002146E0F72BFE0446002800F0BD802568CB
:109210005A94207900285DD00128F0D1D5E90512B3
:10922000B5F92030EF8BE0681F440097FEF756FB3E
:10923000A98B05461198628A014428B28F180AF05A
:1092400063F910FB07F140F2030AC8F2010A51FB6F
:109250000AF110FB0710810B01EBD070BDF8C610AE
:10926000014405F15A0000B2ADF8DE100AF04CF9E5
:1092700010FB07F1424651FB0AF110FB07101BAF30
:10928000810B01EBD070BDF8C4100844A18AADF881
:10929000DC00ADF86C10208A6179ADF86E0001FB3E
:1092A00009F0FD29494698BF010A01200B9D4B900A
:1092B00031A88DF87410529028461A214F97CDF896
:1092C0004CB1F8F7D1FF529A0A9839465B46EFF74E
:1092D000F5FF8FE72069002891D0D5E90512B5F98F
:1092E0002030EF8BE0681F440097FEF7F7FA216902
:1092F000824608462BA9FAF77DFF109FBDF8C410DF
:10930000BB783F88A08ABDF8C620E58A47EA0343B8
:10931000C7F38A07091A521BADF8DC10394402EB77
:1093200053330139ADF8E010591EADF8E210617900
:10933000ADF8DE2001FB09F2FD29494698BF110A6C
:109340008DF8FF100AEB8A01ADF8F8004800BAF575
:10935000B47F4FF2F012C8BF02EB4100ADF8FA50F3
:109360000B9DADF8F40002204B903DAF28461A212A
:1093700042465097F8F778FF23690A9839465A46CB
:10938000EFF748FA36E700BFBDF84800BDF84C10CB
:109390000DF59278091A01318AB201EBD231BDF88C
:1093A0004A2009B200EB6106404602EB6105F1F785
:1093B0008BFC0B9C4FF400312046424602F06CFFC0
:1093C00020464FF40031012202F078FB81B20422E2
:1093D00000EBD1304FF4003107B2204602F06EFBB3
:1093E00081B200EBD130A6EB670100B2ADF8F4100A
:1093F000A5EB600205EB600006EB6701ADF8FA0033
:109400000A98ADF8F620ADF8F8103DAA4146F1F7FC
:1094100041FC5BB0BDE8F08F25640000F0B581B081
:109420001C4615460E46074600F080FCB868817E53
:109430004A1C02F03F0201F0C00111448176B86875
:10944000817EC06801F03F0101EB41018900FEF718
:109450008DFCB968C86028B38A7E02F03F0202EB37
:10946000420200EB820242F80C6C8A7E02F03F025C
:1094700002EB420200EB820202F8045C8A7E02F0F8
:109480003F0202EB420200EB820242F8084C897E66
:1094900001F03F0101EB410100EB81000C3801B00C
:1094A000F0BD00BFFEE70000F0B585B00D460446F4
:1094B00003F0D2F8E907064604D1E0692843E061E9
:1094C00016E000BF204603F05DF8E069218C2843D8
:1094D0008907E0610CD5A06850B1876847B138466C
:1094E000F9F798FE3846F9F771FF08B103F04AF82A
:1094F000204603F0B1F815F0C07F08BF90EA0600DF
:1095000004D1E8060CD405B0F0BD00BF204601F040
:10951000FBFC03F0D5F8204603F0D2F8E806F2D5BC
:1095200003AD01AE20462946324601F0B3FE204687
:10953000294603F057F82046314603F053F805B0AA
:10954000F0BD0000028C11438A4208BF704704F04E
:109550002DBF00002DE9F04381B00546408C00F49A
:109560007C70B0F57C7F04BF01B0BDE8F08391460C
:109570008846284611464FF6FF720023002713F055
:10958000A9F8B5F822C0E868CCF305120AB3534233
:10959000002700EBC706F479A4071AD0DC19611C78
:1095A0000FD0F17B89070FD0A11C0AD0F17D89076C
:1095B0000CD0E11C05D0F17F890709D00437D919F7
:1095C000E7D1174605E000BF013702E0023700E0AF
:1095D00003370CF1100101F47C722CF47C731A44F3
:1095E0004FF4FC7303EA51016A84FEF7BFFB698CF8
:1095F000E860C1F30513591EB94268D9F84318440D
:10960000DA1B10F0030EA2F1020C13D0EE68BEF1CB
:10961000010F06EBC30406EBC10054E9044246F80F
:109620003140A3F1020642600AD13046BCF1030F7B
:109630002AD24BE008461946BCF1030F24D245E07C
:10964000E868BEF1020F00EBC10100EBC60451E96E
:10965000041240F83610A3F10301626006D10846F7
:109660003146BCF1030F0FD230E000BFE86800EBD9
:10967000C60200EBC10452E9042640F83120181F4D
:109680006660BCF1030F21D3C20000BFEB6803EB9F
:10969000C1019C1851E9041699506660E9681144AB
:1096A00051E9043641E90236E968114451E90636C8
:1096B00041E90436E9688B1853E90864C11E04388F
:1096C000B842A2F1200243E90664DFD8E86800EB63
:1096D000C7000821FEF786FFE868494600EBC7038C
:1096E00040F837804FEA1940987128464FF6FF72CC
:1096F000A3F8049001B0BDE8F04304F0F7B800000F
:1097000070B582B0164600221C46054604F0ECFFF8
:109710006A4628460721002301F0D0FB20B101282A
:1097200007D10098B04204D028463146002205F007
:109730003BF801AA28460821002301F0BFFB20B115
:10974000012807D10198A04204D0284621460022D2
:1097500005F030F802B070BD2DE9F04F87B04CF63F
:109760007877C2F2000716463A780D46834604938E
:109770009AB901203870584601F0CCFB0446408C61
:10978000410708D520F0040060842046E9F7A8FFCF
:10979000608C4107F6D4002038701DB9584601F09E
:1097A000B3FB0546584601F0AFFB0021322282464A
:1097B0004FF0000902F082F90446504600211222BF
:1097C00002F07CF9204401905046002110220394BD
:1097D00002F074F9029028460021322202F06EF95C
:1097E000044628460021122202F068F980462846E5
:1097F0000021102202F062F9152E00F23782A044F7
:1098000000EB0409DFE816F016003D02E6001F0039
:109810007E004A0184010602E401AA00DA01680020
:1098200098007C014C00D60042001201C8013602AB
:109830003001760128460021162202F03FF9C0B21D
:10984000012840F01E8228460021122202F036F93B
:10985000009028460021132202F030F906462846DF
:109860000021322202F02AF9009FA98A3E442A8B65
:10987000314401EB4000BBF8143008EB0201BBF8A7
:109880001840081A1844A0EB0408FAE1BBF81800C5
:10989000BBF81410C04301EB00084FF00009F0E1E1
:1098A000A88A298BBBF81420081A013081B2BBF8B2
:1098B000183000EBD130991A01318AB200B201EBB5
:1098C000D231EA8A09B26B8B4010A0EB6108981A7A
:1098D00000F10109D5E100BFA88A298BBBF8182047
:1098E000081ABBF814100130511A83B201318AB240
:1098F00000EBD33001EBD23100B209B24010A0EB43
:10990000610823E028460021102202F0D7F80090D9
:1099100028460021112202F0D1F8074628460021EE
:10992000322202F0CBF8009EE98A6A8BBBF816302F
:10993000BBF81A403E4425E1A88A298BBBF81420C5
:10994000BBF81830081A1044A0EB0308BBF81A0043
:10995000BBF81610C04301EB000992E12846002134
:10996000122202F0ABF8044628460021132202F02E
:10997000A5F8064628460021322202F09FF8A98A5F
:10998000A31919442A8B01EB4000BBF81410101ADC
:10999000BBF81820013083B2511A01318AB200EBB2
:1099A000D33001EBD23100B209B208EB6000A0EB7A
:1099B00061082FE1A88A298BBBF81420081ABBF88C
:1099C00018301044E98A6A8BA0EB0308501A00F1A2
:1099D000010956E128460021122202F06FF80446E0
:1099E00028460021132202F069F806462846002185
:1099F000322202F063F8A98AA31919442A8B01EBD9
:109A00004000BBF81410101ABBF81820013083B2C4
:109A1000511A01318AB200EBD33001EBD23100B2DE
:109A200009B208EB6000A0EB61082AE1E88A698BC3
:109A3000BBF81620081A013081B2BBF81A3000EBCF
:109A4000D130991A01318AB2BBF8183001EBD2310A
:109A500000B2BBF8142009B2DB434010A0EB61094F
:109A600002EB03080DE100BFA88A298BEA8A6B8B01
:109A7000081A991ABBF81620BBF81A3001319A1A45
:109A80008EB2013293B201EBD63102EBD33209B27E
:109A900012B24910A1EB6209F1E000BF2846002193
:109AA000122202F00BF8044628460021132202F08D
:109AB00005F8064628460021322201F0FFFFA98A58
:109AC000A31919442A8B01EB4000BBF81410101A9B
:109AD000BBF81820013083B2511A01318AB200EB71
:109AE000D33001EBD23100B209B208EB6000A0EB39
:109AF00061082FE0A88A298B081A00F1010852E0BA
:109B0000E88A698B4FF00008081A00F10109B8E0F3
:109B100028460021122201F0D1FF009028460021A2
:109B2000132201F0CBFF074628460021322201F024
:109B3000C5FF009EA98A3E442A8B314401EB4000B8
:109B4000BBF8143008EB0201BBF81840081A18449F
:109B5000A0EB040828460021102201F0AFFF0746C1
:109B600028460021112201F0A9FF064628460021BF
:109B7000322201F0A3FFE98A6A8BBBF81630BBF8EA
:109B80001A403E44314401EB400009EB0201081A3F
:109B90001844A0EB040974E0BBF81800BBF81410DB
:109BA000C04301EB0008E88A698BBBF81620BBF8BC
:109BB0001A30081A1044A0EB030962E0BBF81A003F
:109BC000BBF81610C04301EB00094FF0000858E045
:109BD00028460021122201F071FF00902846002142
:109BE000132201F06BFF064628460021322201F0C5
:109BF00065FF009FA98A3E442A8B314401EB400057
:109C0000BBF814C008EB0201BBF81840081A604406
:109C1000A0EB040828460021102201F04FFF044663
:109C200028460021112201F049FF0646284600215E
:109C3000322201F043FFE98AA31919446A8B01EB30
:109C40004000BBF81610101ABBF81A20013083B27E
:109C5000511A01318AB200EBD33001EBD23100B29C
:109C600009B209EB6000A0EB61090AE04FF00008BF
:109C700007E000BFA88A298B4FF00009081A00F1FD
:109C80000108109C50460021162201F017FFA98AF6
:109C9000049BBAF814201944019BC0B21A4401284D
:109CA000A1EB0206504603D101F05AFA02E000BFD0
:109CB00001F0DAF93044404406B2ED8ABAF8167081
:109CC000504601F0CFFADDE902211144611A4944FE
:109CD0002944C91B0C1858460121002204F004FD38
:109CE00005AA58460721002301F0E8F820B1012811
:109CF00007D10598B04204D058463146002204F0FE
:109D000053FD06AA58460821002325B201F0D6F8D3
:109D100020B1012807D10698A84204D05846294608
:109D2000002204F047FD07B0BDE8F08F10B50446EF
:109D30008068002818BF10BD4CF67470C2F2000095
:109D40000168013101601C20FDF7E8FDA06068B1E9
:109D50001C21FEF747FCA068417E41F00F014176CF
:109D6000A068017E41F00301017610BDFEE700000E
:109D7000F0B583B00C460121054602F0BDF818B1DC
:109D80000027384603B0F0BD284601F0C3F8064668
:109D900001F002F80746EEF7D7FA86420ED03846B1
:109DA000EEF7DCFA864209D03846EEF7B5FA86427D
:109DB00004D03846EEF7A6FA864253D128464FF42F
:109DC000002102F0A1F8C0B92846E0F707F9A98AF6
:109DD000EA8A2B8B6F8B091AADF80010111AADF8B7
:109DE000021019183844ADF80410ADF806006A46A0
:109DF00020462146DEF77CFCA0B3284621460122FE
:109E00000023012701F088FF284601F07DF8002893
:109E1000B7D005466E46002705E000BF284601F092
:109E200073F8054610B32846012102F065F8C8B959
:109E300028464FF4002102F067F80028EED1D5E95A
:109E4000050101220023CDE900012846314601F039
:109E500063FF204621463246DEF74AFC0028DDD16A
:109E60008FE700BF0027384603B0F0BD0127384612
:109E700003B0F0BD2DE9F04140220C46054601F04B
:109E80001DFE0646000433D028462146452201F037
:109E900015FEC0B203282BD3B0B2214606EBD0305A
:109EA000432206B2284601F009FE00EB5608284678
:109EB0002146412201F002FE064607B2284621460D
:109EC000422201F0FBFD01B286EAE73280EAE1308E
:109ED000A2EBE732A0EBE13091B280B2814288BFC1
:109EE00008464044013000B220EAE07701E000BFBC
:109EF000002728462146352201F0E0FD06460004F1
:109F000012D028462146372201F0D8FDC0B20328DE
:109F10000AD328462146382201F0D0FD00B200FACB
:109F200086F0B842C8BF074628462146692201F09C
:109F3000C5FD06B2284621466A2201F0BFFD00B2E7
:109F40008642C8BF304620EAE070384400B2BDE81F
:109F5000F081000070B55B220C46054601F0AEFDB5
:109F6000C6B228462146162201F0A8FD012E98BF50
:109F70000126304670BD000000280FBF0020006899
:109F8000401AB0FA80F018BF40097047F0B581B0B0
:109F900006460D46C8B14FF6F070C0F20F003246CB
:109FA0009169014232D112687AB1916901422DD191
:109FB000126852B19169014228D112682AB191699F
:109FC000014223D11268002AEAD100273846FDF762
:109FD000A5FC10B339460446FEF704FBC4E900654E
:109FE00005B3A96891B30868B8B34A6801324A60FA
:109FF0009100FDF7BBFEA9684A68086000EB820289
:10A0000042F8044C204601B0F0BD00BFC1F30F1769
:10A010003846FDF783FC0028DCD10024204601B03F
:10A02000F0BD00BFEEF73CF920B30546C06848B369
:10A03000696A013169628900FDF798FE696AE86022
:10A0400000EB810141F8044C23E000BF2846FFF7F4
:10A050006DFEA96808680028C7D10420FDF75EFCE2
:10A06000A96808600460A86801214160204601B029
:10A07000F0BD00BF2046FDF74FFE0024204601B092
:10A08000F0BD00BF0420FDF749FCE860046001203A
:10A09000686200206061EEF71DF90138208300201E
:10A0A000EEF76EF901386083204601B0F0BD000084
:10A0B000B0B5044602F004FB002000F077F920461A
:10A0C00008F01CFD204600F079F8012000F06EF940
:10A0D00020464FF470214FF6FF7203F007FC204634
:10A0E00003F0D2FBF9F764F958B12146096841B190
:10A0F0008A6912F00C02F9D0042A04BF2146F8F74D
:10A10000EDFF204600F000FF002808BFB0BD22216F
:10A1100022460546F8F7A8F8284623212246F8F7F4
:10A12000A3F82046BDE8B04002F02CBA2DE9F0417A
:10A1300084B00D46044602F08FFAE90680460ED53B
:10A1400002AF6E4620463946324601F0A3F820465B
:10A15000394602F047FA2046314602F043FAE069F8
:10A16000E90720EA0500E0610ED0204602F00AFA75
:10A17000204602F071FA38B1204600F0C5FE02F028
:10A180009FFA204602F09CFA204602F065FA15F08C
:10A19000C07F08BF90EA080004D0204600F0B4FE5B
:10A1A00002F08EFA04B0BDE8F0810000028C22EAD1
:10A1B00001018A4208BF704704F0F8B8B0B50568DD
:10A1C0000446286818B120602046FFF7F7FF6A6848
:10A1D0002560002A08BFB0BD28462146BDE8B04032
:10A1E000104700002DE9F0414D680C4625B3284684
:10A1F00000F03AFF8046284601F034F8EE8A074620
:10A2000028460021102201F059FCF11B0844E0828D
:10A210000138AE8A608328460021122201F04EFCEC
:10A22000A6EB08010844A082013820834BF6763063
:10A23000E061BDE8F08100BF41F67600E061BDE875
:10A24000F081000010B5014642F60440C0F604005B
:10A25000FFF79CFE0446FFF72BFF204610BD0000D1
:10A260002DE9F04381B0044602F08CF9A4B1656891
:10A2700095B1204609F070FF284603F0C3FE28463A
:10A2800022210022F7F7F0FF28462421002201B006
:10A29000BDE8F043F7F7E8BF40F29420C2F20000B7
:10A2A000DFF7B0FD00283DD040F294280546C2F209
:10A2B000000805E040462946DFF7CCFD054688B397
:10A2C000686A0028F6D0D5F80C90C0F1000C09F1AE
:10A2D0000C03A0F1010E002753F80C1CA14219D069
:10A2E000BE45E7D009EB87025668A64212D00CEBB8
:10A2F0000706B11CDED09168A1420BD0F11CD9D069
:10A300001968A14206D00437B84203F11003E3D123
:10A31000D0E700BF2E69204609F01EFFA64204BF09
:10A320000020286101B0BDE8F083000010B50846A8
:10A330000C46DEF7CBFE002000F038F84FF6FF7237
:10A340002046C0F20F02002103F0D0FB012000F0F4
:10A350002DF820460021E9F733FAA068E0B18168C2
:10A3600031B12046F9F73CF8A068002808BF10BDBD
:10A37000016829B10846FDF7CFFCA0680021016003
:10A38000C16829B10846FDF7C7FCA0680021C1607B
:10A39000FDF7C2FC0020A06010BD0000B0B50C4667
:10A3A00048210546FEF71EF92C60B0BD40F2A4011D
:10A3B000C2F20001087070472DE9F047A4B00846CA
:10A3C0000D46F7F735FF04462846F7F735FF611EBF
:10A3D000292900F246810446DFE811F0E600430136
:10A3E000EC0043014301430143018A0058015E012F
:10A3F00043014301A600F2001C01430143012A006E
:10A400007E0043012A00430143012A004301430126
:10A4100043014301430143014301430143015A0006
:10A42000430150004301430143014301220146011E
:10A430002846F7F7FDFE06462846F7F711FF182EC7
:10A44000044600F0D181152E00F04681122E40F016
:10A4500008812846F7F702FF05460078022800F039
:10A46000008120460021172201F028FB002800F07F
:10A470004B820220287024B0BDE8F087608C40F049
:10A4800002012046618424B0BDE8F04702F018B90B
:10A4900020460021012201F011FB05462046002143
:10A4A000042201F00BFB064620460021092201F0A0
:10A4B00005FB0746204600210A2201F0FFFA0004AE
:10A4C00004BFF8B2002800F0FB81204624B0BDE8AC
:10A4D000F04702F0F5B800BF20460021FFF7CAFCA4
:10A4E0000146284624B0BDE8F047F7F7ADBF00BFEE
:10A4F000208C20F0200188421CBF204603F056FF2C
:10A500002846F7F7A3FEFAF767FC002840F0A98079
:10A51000207F000740F1A580208CC10740F0E48136
:10A5200040F00101E4E100BFE069010700F1AA8108
:10A5300000F40160B0F5016F40F09380204602F016
:10A540006BF8002840F08D80204600F08DFD074616
:10A55000204600F005FE06462846F7F77FFE007805
:10A560001138032800F27D80DFE810F03C0302037D
:10A5700004001E03204600F045FD800700F0F8822D
:10A58000002FD8BF002E40F3F382204600F072FE69
:10A590000546204601F03EFCC0F34171084400B27C
:10A5A00005EB900016E300BF208C40F020018842AC
:10A5B00057D07EE1208C20F02001884251D078E1F4
:10A5C000607F400703D52046012103F0C9FCA06845
:10A5D000002814BF80680020F8F7F0FE0646FAF75E
:10A5E000BBFB002804BF2846F7F730FEFAF700FC53
:10A5F0000238022110F0FD0F08BF0621208C002E2A
:10A6000041EA000100F04A8141F00801884228D067
:10A610004FE100BF208C20F00E01884221D048E19C
:10A6200020460021092201F049FA05462046002172
:10A630000A2201F043FA80B2E9B208431CBF204667
:10A6400002F03EF8204600F013FB50B1054600260C
:10A65000A068006850F8260002F032F80136B542D2
:10A66000F6D124B0BDE8F087204600F001FB0028B9
:10A67000F7D00546002600BFA068006850F8260005
:10A6800002F01EF80136B542F6D1EAE7208C40F020
:10A6900040018842E5D00CE1208C20F04001884246
:10A6A0001CBF204603F082FE204601F0A5F90228D7
:10A6B000D7D16D4612AE20462946324600F0EAFD5B
:10A6C0002046294601F08EFF2046314601F08AFFE0
:10A6D00024B0BDE8F08700BF2846F7F7AFFD0DF1C5
:10A6E000480A80465046F0F7EFFA2046002134220F
:10A6F0004FF0000901F0E2F928B19DF86B0040F03D
:10A7000001008DF86B0020460021524601F0C4FD87
:10A7100020460021692201F0D1F90546204600219A
:10A720006A2201F0CBF9264636F8141F238BE28A01
:10A73000678B491BADF888105919ADF88C10111AA8
:10A7400038446D46ADF88A10ADF88E002846414673
:10A75000FFF724FE42F60440C0F60400CDE90109EB
:10A7600022A8039020461A212A46CDF810A0CDF841
:10A770003490F7F779FD20460021172201F09EF969
:10A7800028B3BDF8480010B3169F4FF0000912A976
:10A7900022AA4046CDF85890F0F77CFA1820FDF731
:10A7A0000BF9BDF94820314600230546EFF704FFB9
:10A7B00004F590712846EEF79DFD6FB18DF84B9032
:10A7C0008DF86A908DF872908DF87E90169712A988
:10A7D00022AA4046F0F75EFA6A4620461B21F7F7A8
:10A7E00043FD24B0BDE8F0872846F7F727FD0DF1BB
:10A7F0008808814620AA2046414600F04BFD40468D
:10A80000E9F760FF28B920A8E9F75CFF002800F00D
:10A81000478112AF3846F0F757FA20464FF480319F
:10A82000212201F04BF9C1B203298DF84B0007D367
:10A8300020464FF48031202201F040F9ADF84C0061
:10A8400020464FF48031312201F038F9C1B203299A
:10A850008DF86A00C0F0938020464FF48031322298
:10A8600001F02CF901B2ADF868000129C0F2848032
:10A8700020464FF48031302201F020F9ADF8660017
:10A880007DE000BF2846F7F7E9FC007800F0FD0105
:10A89000112921D1208C40F0010127E0884203D00A
:10A8A000204603F083FD208C20F0080188423FF40D
:10A8B000D8AE204624B0BDE8F04703F077BD00BF16
:10A8C000A9B242F2D17081423FF4FFADB1B28142F0
:10A8D0007FF4C7AEF9E500BF0A283FF4C2AE1428E2
:10A8E00018BF122807D1208C20F00101884202D025
:10A8F000204603F05BFD20461C21002224B0BDE869
:10A90000F047F7F7B1BC00BF204600210B2201F051
:10A91000D5F8804620460021692201F0CFF807468D
:10A92000204600216A2201F0C9F8A18A238BE28A1D
:10A93000668BC91BADF80010D919ADF80410111AB7
:10A940003044ADF8060068680FFA88F2ADF80210DE
:10A950006946DDF7FDFE48B1204600212122002690
:10A9600001F0ACF8C0B2FD2880F0108101262E70F5
:10A9700024B0BDE8F08700BF00208DF86A002046B3
:10A980004FF48031452201F099F8C1B203298DF8C6
:10A990007E001ED320464FF48031402201F08EF815
:10A9A00001B2ADF87600012910DB20464FF480316A
:10A9B000432201F083F8ADF87C0020464FF480314B
:10A9C000442201F07BF8ADF8740002E000208DF81D
:10A9D0007E0020464FF4803101F034F89DF84B1092
:10A9E000FD280DD201FB00F1090A01FB00F08DF8F2
:10A9F0004B10000A02468DF86A008DF87E0003E0D5
:10AA00009DF86A209DF87E00002908BF002A45D0E5
:10AA100020464FF480310B224FF4803501F04EF880
:10AA2000ADF8480068464946FFF7B8FC42F60440D6
:10AA3000C0F604000190022022AE02903046049736
:10AA40000D95E9F73FFE80B16F4620461A213A4640
:10AA50000396F7F709FC12A948463246F0F71AF9AF
:10AA600020461B213A46F7F7FFFB20AE3046E9F7B8
:10AA700029FEA8B16F4620461A213A460396F7F7F9
:10AA8000F3FB12A9484632460396F0F703F9204635
:10AA90001B213A46F7F7E8FB02E000BF0028B7D1D8
:10AAA00020460021172201F009F850B104F59070FA
:10AAB000F0F734F828B10646EEF78EFE3046FDF783
:10AAC000D1F8204600213422002500F0F7FF0028AD
:10AAD0003FF4C7AD0DF1480A5046F0F7F5F82046AF
:10AAE000002152468DF84B508DF862508DF872500F
:10AAF0008DF87E5001F0D0FB20460021692200F045
:10AB0000DDFF0646204600216A2200F0D7FFA18A19
:10AB1000238BE28A678B891BADF888109919ADF8F1
:10AB20008C10111A38446E46ADF88A10ADF88E00BC
:10AB300030464946FFF732FC42F60440C0F60400B6
:10AB40000190012002A981E8010520461A21324620
:10AB50000D95F7F789FB484651464246F0F79AF8BB
:10AB600020461B213246F7F77FFB24B0BDE8F08773
:10AB7000204600F087FB0546204600F069F9C0F347
:10AB80004171084400B205EB900038E020460021F6
:10AB9000602200F093FFC0B2FD2838BF01262E705E
:10ABA00024B0BDE8F08700BF204600F02BFA8007F4
:10ABB00018D0002FD8BF002E14DD204600F05AFB1D
:10ABC0000546204601F026F9C0F34171084400B261
:10ABD000A5EB900001B22046002224B0BDE8F0476A
:10ABE00003F0DCB9204600F04DFB0546204600F09E
:10ABF0002FF9C0F34171084400B2A5EB900001B2F7
:10AC00002046002224B0BDE8F04703F0E1B900007F
:10AC100010B5002808BF48680068B8B1026962B979
:10AC2000006898B1026942B9006878B1026922B936
:10AC3000006858B10269002AEED00023CB600C46B0
:10AC40009047207E012121EA000010BD012010BDA7
:10AC5000806858B14268B1F1FF3F01DC891805D422
:10AC6000914203D2006850F82100704700207047DD
:10AC70008068002814BF40680020704710B58368C2
:10AC8000B0F814E0B0F816C0048B408B002BA1F88C
:10AC900000E0A1F802C08C80C88008BF10BD9B8A6C
:10ACA000AEEB03020A801A198A80ACEB0302184447
:10ACB0004A80C88010BD0000B0B50C460021322289
:10ACC000054600F0FBFE69694042AA69216001B2B5
:10ACD000626020460A46E9F711FD2846002112224B
:10ACE00000F0ECFE21881322084420802846002131
:10ACF00000F0E4FEA1881022081AA0802846002156
:10AD000000F0DCFE618811220844608028460021A2
:10AD100000F0D4FEE188081AE080B0BD70B50021D3
:10AD20001022044600F0CAFE0546204600211122EA
:10AD300000F0C4FE064620460021322200F0BEFE8E
:10AD4000E18AAB191944628B01EB4000101A013003
:10AD500000B270BD70B500211222044600F0AEFEB4
:10AD6000054620460021132200F0A8FE0646204694
:10AD70000021322200F0A2FEA18AAB191944228BD5
:10AD800001EB4000101A013000B270BD42698069C9
:10AD90000A604860704700002DE9F04381B04168C7
:10ADA00071B100BF4168054659B148680D4640B1D0
:10ADB0004168054629B148680D460028F2D100E0F7
:10ADC000054640F29420C2F20000DFF71BF898B36A
:10ADD00040F294280146C2F2000804E04046DFF742
:10ADE00039F8014640B3486A0028F7D0D1F80C90F2
:10ADF000C0F1000C09F10C04A0F1010E002754F879
:10AE00000C2CAA4219D0BE45E8D009EB87035E6836
:10AE1000AE4212D00CEB0706B21CDFD09A68AA42F1
:10AE20000BD0F21CDAD02268AA4206D00437B8420E
:10AE300004F11004E3D1D1E70021084601B0BDE8D8
:10AE4000F08300008068002814BF806800207047ED
:10AE5000C18A408B401A013000B27047002804BFFD
:10AE60000020704780B586464068002804BF002057
:10AE700080BDD0F808C0BCF1000F1BD0DCF8043056
:10AE8000C3B100200DE000BF9A423ABFDCF80010C9
:10AE900051F822200022724508BF80BD0130834254
:10AEA00008D0B0F1FF3F0246EEDC1A18ECD50022C4
:10AEB000F1E700BF4FF0FF3080BD000010B5B0F8E3
:10AEC00022C0CCF3051CBCF1000F1BD0C06800F100
:10AED000070E04E0BCF1010C0EF1080E12D09EF832
:10AEE0000000C007F6D01EF8010C3EF8034C44EAFF
:10AEF00000408342EED15EF8070CBDE8104005F03B
:10AF0000AFBC00BF002010BD002814BF4068002067
:10AF100070470000014607E04A680846002A08BF5B
:10AF200070475168104651B1002904BF0020704796
:10AF30004A6808461AB1516810460029ECD170479A
:10AF40002DE9F04F81B083464EF20109FFF790FEE4
:10AF50004EF20106E0B140F2010805460024C0F2BD
:10AF6000040802E00134A54212D0DBF80800414693
:10AF7000006850F82470384600F0C6FF0028F1D170
:10AF800030B2B7F91A60B042C8BF0646EAE700BF60
:10AF900058460021102200F091FD804658460021BD
:10AFA000112200F08BFD824658460021322200F02B
:10AFB00085FDB1B20746494506D0BBF81A0006EB3D
:10AFC0000A013944A1EB0009584600F01DFD054671
:10AFD0005846FFF73DFF0AEB080202EB4702DBF899
:10AFE00008102A44101A002914BF498A0021084475
:10AFF00000B20FFA89F18142C8BF084601B0BDE82E
:10B00000F08F0000806800280EBF0F20407E00F007
:10B010000F007047B0B50C4647F2AD61C0F60301B2
:10B020000546E8F7C3FC08B1008D02E0A868A8B1A6
:10B03000008A404247F2FD612080C0F603012846A5
:10B04000E8F7B4FC20B1008D40426080B0BD00BF85
:10B05000A86828B1408A40426080B0BD0020E9E77E
:10B0600000206080B0BD00002DE9F04F83B00021CA
:10B070001622044600F022FDC0B201283AD14EF259
:10B08000010B204600211322CFF6FF7B00F016FDB6
:10B09000064620460021122200F010FD07462046F9
:10B0A0000021322200F00AFD82462046FFF7E0FD33
:10B0B000D0B30546CDE9017641F6FF784FF000099F
:10B0C0000BF5842604E000BF09F101094D451BD0B2
:10B0D000A0683146006850F82970384600F014FF27
:10B0E0000028F1D10FFA88F0B7F914804045B8BFB5
:10B0F0008046E9E7A06800280EBF0020008A404291
:10B1000000B203B0BDE8F08FDDE901761FFA88F0E8
:10B1100041F6FF71884207D0A08A0AEB0701A1EB34
:10B12000080108440FFA80FB204600F07BFC05462E
:10B13000204600F06FFEB91901EB4A01A2682944CC
:10B14000081A002A1ABF128A52420022104400B282
:10B150008345C8BF584600B203B0BDE8F08F000079
:10B160002DE9F04700211622824600F0A7FCC0B26C
:10B17000012809D1DAF8080000280CBF0020008A55
:10B1800000B2BDE8F08700BF50464EF20109FFF75C
:10B190006FFD4EF20106E8B140F2010805460024B9
:10B1A000C0F2040803E000BF0134A54212D0DAF86F
:10B1B00008004146006850F82470384600F0A4FEAC
:10B1C0000028F1D130B2B7F91860B042C8BF0646C6
:10B1D000EAE700BF50460021132200F06FFC05464D
:10B1E00050460021122200F069FC804650460021A2
:10B1F000322200F063FCB1B20746494505D0BAF8E7
:10B20000180071193944A1EB0009504600F00AFCFE
:10B210000646504600F0FEFD790008EB0503194490
:10B22000DAF808203144081A002A14BF128A0022D2
:10B23000104400B20FFA89F18142C8BF084600B23B
:10B24000BDE8F087806800280EBF0020007EC0F3B4
:10B2500081007047806800280EBF0020007EC0F388
:10B2600001107047806800280EBF0020408A4042CD
:10B2700000B27047806800280EBF0020008A40425C
:10B2800000B27047806800280EBF0020408A40420C
:10B2900000B270472DE9F04F91B0934605464FF04C
:10B2A000FF3910910846002100224FF0FF33CDF8FE
:10B2B0000090E9F743FA5846002100224FF0FF338F
:10B2C000CDF80090E9F73AFA2846102100F014FE74
:10B2D000002800F08D83A868F0B1007E10F0030410
:10B2E00000F0868300204FF0000AF9F73BFD022CA6
:10B2F000074618D1002F00F07B8300BF3846F9F7CE
:10B300006BFDA84200F036813846F9F72BFD074661
:10B310000028F3D16CE300BF00204FF0000AF9F7DA
:10B3200021FD07460324A86800281ABF408A40422E
:10B3300000200C902846FFF703FE0E902846FFF7EA
:10B3400093FE0A902846FFF70BFFA9680D9049B1BC
:10B35000487E00F00F08B8F1040F1FD3012C05D16F
:10B3600015E000BF4FF00F08012C10D0032C06D1C0
:10B370000C9800B200280ADC0E98002807DCBAF10D
:10B38000000F0BD03846F9F719FD0C2806D1012023
:10B390000F905FEA887006D122E000BF00200F9076
:10B3A0005FEA88701CD0012C20D0032C08D10A98A9
:10B3B00000284FF0010009901ADC0D98002817DCD6
:10B3C000BAF1000F0CD03846F9F7F8FC0338B0FAA0
:10B3D00080F041090F980991084300F0098307E0C4
:10B3E0000F98002800F00483002000E0012009905D
:10B3F00028464FF48031162200F060FB8246284632
:10B400004FF48031102200F059FB069028464FF48B
:10B410008031112200F052FB079028464FF4803112
:10B42000122200F04BFB089028464FF48031132283
:10B4300000F044FB804628464FF48031012200F0A2
:10B440003DFB0B902846FFF703FD0746284600F01A
:10B45000E1FC044628464FF48031212200F02EFB07
:10B4600010F0FE0F09D128464FF48031312200F050
:10B4700025FB10F0FE0F00F0BB820E980C9905948E
:10B4800044180B9AE01981B212B200290C9218BF2D
:10B4900001210F9A5FFA8AFA11400129CDE903A828
:10B4A00040F01F81E98A0FFA80FCABF80210698B2B
:10B4B000BAF1010FABF8061006D1A98A08980A184C
:10B4C0000B988118013905E0298B0B98A1EB080135
:10B4D0000A1A0132079BDDF824801EB2069B0C98E5
:10B4E00006FA83F3B8F1000F029618BF8046434472
:10B4F000A7EB030A0AFB07F3ABF8002093FBFCF071
:10B50000ABF8041007B20020ECF7D0FE182815DBCA
:10B510000020ECF7CBFE00EB8000502101EB400057
:10B5200046F26761C6F2666150FB01F0811101EBE2
:10B53000D07024B2874205DD21E000BF012024B293
:10B5400087421CDC0020ECF7B1FE182816DB002037
:10B55000ECF7ACFE00EB8000502101EB400046F21E
:10B560006761C6F2666150FB01F0811101EBD07793
:10B5700005E000BF02244FF0010AD4E60127002CA9
:10B5800034DD0E99AAEB070011FB00F1069A91FB3E
:10B59000F4F1EB8A401A99180144ABF802100FFA43
:10B5A00082FCB5F9163078180FB20CEB03010138A4
:10B5B000B942ABF806004FDD00200CB2ABF8021028
:10B5C000ECF774FE182821DB0020ECF76FFE00EB8F
:10B5D0008000502101EB400046F26761C6F26661CF
:10B5E00050FB01F0811101EBD07010E0E88A069960
:10B5F00008440799ABF80200688B4144C9430844EA
:10B60000DDF81080ABF806006BE000BF0120BBF94D
:10B6100006102044884219DDBBF802400020ECF7F8
:10B6200045FE182814DB0020ECF740FE00EB8000FC
:10B63000502101EB400046F26761C6F2666150FBA3
:10B6400001F0811101EBD07003E000BF88B203E08C
:10B6500001202044ABF80600029A01B2B5F91A00A5
:10B660004244801ADDF8108088423ADA04B2ABF81E
:10B6700006000020ECF71AFE18280FDB0020ECF77C
:10B6800015FE00EB8000502101EB40004FF0993196
:10B6900050FB01F0811101EBD07001E04FF0FF3061
:10B6A000BBF90210204488421BDABBF80640002098
:10B6B000ECF7FCFD18280FDB0020ECF7F7FD00EBA2
:10B6C0008000502101EB40004FF0993150FB01F018
:10B6D000811101EBD07001E04FF0FF302044ABF856
:10B6E00002000D980A99059F4618F01981B20029A9
:10B6F00018BF0121099A1140012940F07981698B15
:10B70000079ADDF840B0891A0B9AABF80610891A2F
:10B710000FFA88F8089A0F9B08FA82F20131DDF8D7
:10B7200030A0ABF80210A98A002B08BF9A465244F9
:10B73000BC1A00B204FB07F2ABF8001092FBF0F069
:10B74000298B07B20020ABF80410ECF7AFFD1828E6
:10B7500014DB0020ECF7AAFD00EB8000502101EB88
:10B76000400046F26761C6F2666150FB01F081114C
:10B7700001EBD07036B2874204DD1CE0012036B206
:10B78000874218DC0020ECF791FD182812DB00201E
:10B79000ECF78CFD00EB8000502101EB400046F2FD
:10B7A0006761C6F2666150FB01F0811101EBD07751
:10B7B00001E000BF0127002E38DD0D98E21B10FBD1
:10B7C00002F0089C90FBF6F3039E21B2A88A012E9A
:10B7D000A2EB03023CD151440A440244ABF80020DE
:10B7E000B5F91430D01912B2194401388A42ABF8B5
:10B7F000040080F2AD8000200CB2ABF80010ECF732
:10B8000055FD18285CDB0020ECF750FD00EB8000B4
:10B81000502101EB400046F26761C6F2666150FBC1
:10B8200001F0811101EBD0704BE000BF0399A88AB1
:10B83000012937D10899514408440138298BABF8C4
:10B8400000000498081AABF8040011B0BDE8F08FAE
:10B8500022440244ABF80020B5F91430B81812B2F3
:10B86000194401389142ABF8040040F37D80002078
:10B870000CB2ABF80010ECF719FD182840DB0020E3
:10B88000ECF714FD00EB8000502101EB400046F284
:10B890006761C6F2666150FB01F0811101EBD07067
:10B8A0002FE000BF089908440499ABF80000288BEA
:10B8B0005144C9430844ABF8040011B0BDE8F08F0F
:10B8C0000120BBF904102044884239DDBBF8004058
:10B8D0000020ECF7EBFC182836DB0020ECF7E6FC48
:10B8E00000EB8000502101EB400046F26761C6F298
:10B8F000666150FB01F0811101EBD07025E000BFC3
:10B900000120BBF90410204488421BDDBBF8004035
:10B910000020ECF7CBFC182822DB0020ECF7C6FC5B
:10B9200000EB8000502101EB400046F26761C6F257
:10B93000666150FB01F0811101EBD07011E000BF96
:10B9400088B205E088B20FE001202044ABF8040083
:10B95000B5F9181002B2A1EB0800904248DA0BE0EA
:10B9600001202044ABF8040001B2B5F918000AEB3D
:10B970000802801A88423BDA109D04B2A880002099
:10B98000ECF794FC18280FDB0020ECF78FFC00EBA1
:10B990008000502101EB40004FF0993150FB01F045
:10B9A000811101EBD07001E04FF0FF30B5F90010CC
:10B9B000204488421CDA109D0020AC88ECF776FC0D
:10B9C00018280EDB0020ECF771FC00EB8000502102
:10B9D00001EB40004FF0993150FB01F0811101EB78
:10B9E000D07909EB0400288011B0BDE8F08F00BFCA
:10B9F00011B0BDE8F08F0000806800280EBF032062
:10BA0000007E00F00300704780B582B04EF2010165
:10BA1000019101AA2C21F6F727FCBDF9060002B01E
:10BA200080BD000080B582B00021CEF201010191FD
:10BA300001AA2C21F6F718FCBDF9040002B080BD64
:10BA4000008C704770B560220D46044600F036F851
:10BA5000C0B2032827D34FF0FF36FD28C0EB0021EA
:10BA600038BF0E0A15B134B91AE000BF2046FFF7FF
:10BA70004BFA0446A4B1002520460021602200F0C4
:10BA80001DF8C0B2032816D3F1B200FB01F1FD2866
:10BA900038BF0E0A2046FFF737FA04460028EBD1DC
:10BAA000F0B2032802D20025E8B270BDFC2888BF9E
:10BAB0004FF0FF363546E8B270BD00002DE9F04F7B
:10BAC00087B0054610460E460592DEF7E1FC002DD4
:10BAD00000F0D680C0070390CDE901650598DEF738
:10BAE000D1FC2A8C698C0492012211F47C7F02FA29
:10BAF00000F929D008072FD44FF0000B042708E0E5
:10BB0000698CC1F305100BF1010B834507F10807A0
:10BB10005AD2E86800EBCB02D279920754D5C21909
:10BB20009278B6EB024FECD150F83B00827919EADB
:10BB3000020FE6D0059906AA04F092FE012800F053
:10BB4000A3800228DCD17AE04FF0000BC1F305108E
:10BB500083457AD23CE000BFC1F3051CEA68BCF122
:10BB6000010F4FF0010098BF8446CCF100034FF065
:10BB7000000B02EBCB07FC79A40725D503EB0B04E4
:10BB8000601C11D0F87B800714D5A01C0CD0F87D68
:10BB9000800717D5E01C07D0F87F800766D50BF12A
:10BBA000040B13EB0B00E4D1E346C1F3051083450E
:10BBB0004BD20DE00BF1010BC1F30510834544D2CC
:10BBC00006E000BF0BF1020BC1F3051083453CD228
:10BBD00004994FF6FF7081EA000A4FEACB00071D77
:10BBE0004FF0FF340CE000BF0498444640454BD072
:10BBF000688C0BF1010BC0F305100837834521D287
:10BC0000E96851F83B00827919EA020FF0D0CA19AD
:10BC1000C95B927841EA024101F47F029642E7D182
:10BC20001FFA81F818EA0A0FE2D14445E0DA0599D3
:10BC300006AA04F015FE0128D6D00228D8D100208B
:10BC400004E000BFB4F1FF3F1EDC01200399F9B10D
:10BC5000002E314618BF012108420FD12846FFF7B8
:10BC600053F9054600287FF439AF09E00BF1030BC7
:10BC7000C1F305108345E8D2AAE700BF00262DE7EF
:10BC800000213EBB07E000BF069807B0BDE8F08F7B
:10BC9000DDE90161F6B90598042802D0059801286C
:10BCA00018D1096881B30598012819D1888A78BB11
:10BCB000096849B3888A58BB096829B3888A38BBA0
:10BCC000096809B3888A18BB096800200029EDD1EA
:10BCD00003E000BF059804F0A1FE07B0BDE8F08FB7
:10BCE000C88AA8B9096879B1C88A88B9096859B1F8
:10BCF000C88A68B9096839B1C88A48B90968002092
:10BD00000029EDD1E9E700BF002007B0BDE8F08FC2
:10BD100000B207B0BDE8F08F2DE9F04784B00746C8
:10BD200008880C461D4616464A88ADF80000E38890
:10BD3000ADF80400A088ADF802206946ADF80630E1
:10BD4000ADF80800ADF80A20ADF80C00ADF80E30E3
:10BD5000384632462B4601F1040801F1080901F189
:10BD60000C0A02F075FD3846414632462B4602F079
:10BD70006FFD3846494632462B4602F069FD38468B
:10BD8000514632462B4602F063FDBDF90020BDF955
:10BD90000430BDF90860BDF90C109A421F46BDF988
:10BDA00002C0BDF90600B8BF17468E420D46B8BFA7
:10BDB0003546AF42B8BF3D469A422580C8BF1346BC
:10BDC0008E42C8BF31468B42C8BF1946BDF90A2012
:10BDD000BDF90E70A18084450146B8BF6146BA42E4
:10BDE0003B46B8BF13469942B8BF0B4684456380B3
:10BDF000C8BF6046BA42C8BF1746B842C8BF074668
:10BE0000204605210522E780E8F778FC04B0BDE86C
:10BE1000F0870000818A008B401A013000B2704721
:10BE20002DE9F0410446FFF76FF8A78AA8B1B0F8F2
:10BE300014800446FFF71EFA054620460021122210
:10BE4000FFF73CFE0646204600213222FFF736FE71
:10BE500008EB0602791910440F1A38B2BDE8F081D8
:10BE60002DE9F0410446FFF74FF8E78AA8B1B0F892
:10BE700016800446FFF706FA0546204600211022E8
:10BE8000FFF71CFE0646204600213222FFF716FE71
:10BE900008EB0602791910440F1A38B2BDE8F08198
:10BEA0002DE9F04381B00446FFF72EF8E68AC8B1C9
:10BEB000B0F816900546FFF7E5F9804628460021C0
:10BEC0001022FFF7FBFD0746284600213222FFF72C
:10BED000F5FD09EB070206EB08011044E68A081A93
:10BEE00001E000BF3046618B801B0844013000B286
:10BEF00001B0BDE8F0830000C0690840401AB0FA04
:10BF000080F0400970470000C069084018BF012058
:10BF100070470000008C084018BF012070470000E7
:10BF200070B584B00D4602210446FFF7E5FF48B125
:10BF300020468021FFF7EEFF50B1002606F00100F9
:10BF400004B070BD002606F0010004B070BD00BF53
:10BF5000A668A18AE08A228B638BADF80810ADF841
:10BF60000A00ADF80C20ADF80E3066B1B68A891B18
:10BF7000801BADF80810B118ADF80A00F018ADF844
:10BF80000C10ADF80E0002A8294600220026DCF7AE
:10BF90009FFC0028D2D020464FF48031FFF7ACFF41
:10BFA00000284FF00106C9D06A46204611210095AD
:10BFB0008DF80460F6F758F99DF8046006F001006A
:10BFC00004B070BD70B5144650220D460646FFF70A
:10BFD00075FD0104608008D0304629465322FFF7E2
:10BFE0006DFDC1B20329207300D270BD30462946D1
:10BFF000FFF728FD022803D80020207370BD00BF82
:10C00000217BFC2803D801FB00F0010A21730329DE
:10C01000EBD3304629465222FFF750FD0246304608
:10C020002946DEF70DF82080304629465422FFF7D6
:10C0300045FDA060304629465122FFF73FFD617B58
:10C04000002818BF012001F0FB0141EA8000002D0B
:10C05000607308BF70BD304629466822FFF72EFD89
:10C06000617B00F0030001F0FC010844607370BDC7
:10C0700070B5144646220D460646FFF71FFDC1B2B5
:10C080000329E07200D270BD30462946FFF7DAFC82
:10C09000022803D80020E07270BD00BFE17AFC28BE
:10C0A00003D801FB00F0010AE1720329EBD34FF042
:10C0B00080702060B08A318BF28A081A013081B218
:10C0C000738B00EBD130991A01318AB200B201EBC7
:10C0D000D231400809B2A0804808E08030462946A5
:10C0E0004822FFF7EBFC0106A0720AD03046294631
:10C0F0004722FFF7E3FC024630462946DDF7A0FF62
:10C100002081002D08BF70BD304629466822FFF708
:10C11000D5FC217B00F00F0001F0F00108442073F2
:10C1200070BD000070B5144656220D460646FFF756
:10C13000C5FCC1B20329A0764DD330462946FFF78E
:10C1400081FC022802D80020A07670BDA17EFC28C8
:10C1500003D801FB00F0010AA176032938BF70BDA6
:10C16000304629465522FFF7A9FC024630462946AB
:10C17000DDF766FFA081304629465822FFF79EFC76
:10C18000A082304629465922FFF798FC608230464B
:10C1900029465A22FFF792FCA17F00F0070001F028
:10C1A000F8010844A07755B1304629466822FFF7C8
:10C1B00085FCA17F01F0C70160F3C501A17730467E
:10C1C00029465722FFF77AFC2060304629465B2239
:10C1D000FFF774FC207770BD70B514464E220D46F3
:10C1E0000646FFF76BFCC1B20329207200D270BD76
:10C1F00030462946FFF726FC022803D8002020728B
:10C2000070BD00BF217AFC2803D801FB00F0010AB1
:10C2100021720329EBD3304629464922FFF74EFC11
:10C2200001046080E3D0304629464D22FFF746FCEA
:10C23000024630462946DDF703FF20803046294676
:10C240004A22FFF73BFC0104A08005D03046294676
:10C250004B22FFF733FCE080304629464C22FFF7A3
:10C260002DFC617A002818BF012001F0F30141EA9A
:10C27000C001002D41EA8000607208BF70BD3046E9
:10C2800029466822FFF71AFC617A00F0030001F0EA
:10C29000FC010844607270BDF0B581B014460E46D2
:10C2A0000746FFF7CFFB054656B1022D08D8002000
:10C2B000E070A07684F8220084F82A005DE100BFD7
:10C2C0002EB1384631466822FFF7F8FBA070384699
:10C2D00031460B22FFF7F2FBE178208000295FD086
:10C2E000384631462122FFF7E9FBC1B20329E0704D
:10C2F00056D3384631462022FFF7E0FB0246384647
:10C300003146DDF79DFEA080384631462622FFF7F4
:10C31000D5FB00281EBF0146407A5FEA40703BD142
:10C32000384631462322FFF7C9FBE17B10F00700B6
:10C3300001F0F8010844E07321D03846314620224C
:10C34000FFF7BCFB024638463146DDF779FEE08058
:10C35000384631462222FFF7B1FB024638463146C5
:10C36000DDF76EFE6081384631462422FFF7A6FBDA
:10C370002072384631462522FFF7A0FB207338464D
:10C3800031462722FFF79AFBE17B01F0C70160F3FA
:10C39000C501E17304E000BFA01D0A22FBF728FDE0
:10C3A000384631463222FFF789FB0104208424D02D
:10C3B00094F8220008B3384631463122FFF77EFB5D
:10C3C000C1B2032984F8220017D3384631463322FC
:10C3D000FFF774FB94F82310302201F0C10160F3E1
:10C3E000450184F8231038463146FFF767FB0246C3
:10C3F00038463146DDF724FEE083384631463522A3
:10C40000FFF75CFB0104E0841DD094F82A00D0B152
:10C41000384631463722FFF751FBC1B2032984F871
:10C420002A0010D3384631463822FFF747FB2085D3
:10C43000384631463622FFF741FB02463846314640
:10C44000DDF7FEFDA084A07E002841D038463146AD
:10C450002822FFF733FB2061D0B33846314629222A
:10C46000FFF72CFBC1B20329A07631D32069F8F77E
:10C4700027FC022812D1384631465722FFF71EFB0F
:10C480006061384631465522FFF718FB02463846B0
:10C490003146DDF7D5FD20831AE000BF384631462E
:10C4A0002A22FFF70BFB024638463146DDF7C8FD6E
:10C4B0002083384631462B22FFF700FBE0763846D2
:10C4C00031462C22FFF7FAFA002818BF0120207706
:10C4D00094F8360090B3384631464022FFF7EEFA22
:10C4E0000104E0852AD094F83600032826D3384684
:10C4F00031464522FFF7E2FAC1B2032984F836003B
:10C500001CD3384631464122FFF7D8FA20863846F8
:10C5100031464222FFF7D2FA60863846314643223E
:10C52000FFF7CCFAA086384631464422FFF7C6FA18
:10C53000024638463146DDF783FDA085FC2D1ED826
:10C54000E078A17E00FB05F094F8222001FB05F1C4
:10C55000000AE070080A02FB05F194F82A30A07680
:10C56000080A94F8361084F8220003FB05F001FB5A
:10C5700005F1000A84F82A00080A84F8360001B0A0
:10C58000F0BD00002DE9F04383B00446DDF726FD41
:10C59000B4F81480B4F81690268B678B05462046B5
:10C5A000FEF7FAFBEBF704FFC0B178197119A9EB9C
:10C5B0000502A8EB0503ADF80810ADF80A0001A9C3
:10C5C0002046ADF80430ADF80620FDF7D1FB28B1C8
:10C5D0002046FEF7E1FB01A9DDF774FB03B0BDE8DF
:10C5E000F0830000B0B582B00D460446FEF7D4FBE0
:10C5F000EBF7DEFE70B1286869680090019169462A
:10C600002046FDF7B5FB28B12046FEF7C5FB69467D
:10C61000DDF758FB02B0B0BD0068D8B1816911F0F8
:10C62000030111D10068A8B1816911F003010BD198
:10C63000006878B1816911F0030105D1006848B143
:10C64000816911F00301E7D0481EB0FA80F040097B
:10C65000704700BF0020704710B50121C0F20601ED
:10C660000446FFF751FC68B92046FEF74DFC48B17F
:10C6700000210A22FFF722FA80B2002818BF012009
:10C6800010BD00BF002010BD10B582B00446DDF71C
:10C69000A5FCA18AE28A238BB4F81AC0091AADF866
:10C6A0000010111AADF8021019186044ADF804100A
:10C6B000ADF8060069462046FDF75AFB02B010BDF2
:10C6C00080B5418C41F001014184FEF723FC418C8F
:10C6D00041F004014184FEF75FFB4068002808BF79
:10C6E00080BDBDE8804006F035BC00002DE9F04378
:10C6F00081B01E4614460D468046FEF7B9FA002862
:10C7000041D0814626B3002703E000BF0137B94579
:10C7100039D0D8F808004FF48021006850F827601D
:10C720003046FFF7E9FB0028F0D1B08AF18A2844AF
:10C73000B0820819318BF0824819718B3083081947
:10C7400070833046294622460023FFF7CFFFDDE7FE
:10C75000002600BFD8F808000023006850F8260023
:10C76000818AC28A294481821119028BC18251199E
:10C77000428B01831119418329462246FFF7B6FFF8
:10C780000136B145E6D101B0BDE8F0832DE9F047AF
:10C7900084B04468054692460E466CB3204600219C
:10C7A0001222FFF78BF98146204600211022FFF765
:10C7B00085F9804628464FF48021FFF79DFBA18A2A
:10C7C00001EB090710B1E08A40440AE02046FEF779
:10C7D00051FDE18A3F1A20468844FEF753FDA8EB3D
:10C7E00000003E4400EB0A07204600213222FFF7FA
:10C7F00065F9064407EB000AA94639F8141FB2B2DE
:10C800008A42B9F8020007D11FFA8AF2824203D1A4
:10C8100004B0BDE8F08700BFAAEB0000711A07B2B0
:10C8200028460FFA81F8FFF7ADFE6869A969002C68
:10C830000290039143D0204600213222FFF73EF9B7
:10C8400061694042A269009101B26E460192304690
:10C850000A46E7F753FF204600211222FFF72EF980
:10C86000BDF8001013220844ADF800002046002156
:10C87000FFF724F9BDF804101022081AADF80400DF
:10C8800020460021FFF71AF9BDF8021011220844D2
:10C89000ADF8020020460021FFF710F9BDF80610A0
:10C8A0000022081AADF8060002A83146DBF750FF57
:10C8B00010B1012604E000BF204601F0A3FB0026D2
:10C8C000A88AE98A4044A882C819298BE88201EB2A
:10C8D0000800698B2883C8196883284641463A4670
:10C8E0000023FFF703FFBCB1204622212A46F5F7BB
:10C8F000BBFC2846FFF746FE694648460022DBF7A8
:10C9000027FF3043C0073FF483AF204601F07AFB96
:10C9100004B0BDE8F08700BF2846FFF733FE04B03F
:10C92000BDE8F087F0B581B0B1F1FF3F28DDA8B3D5
:10C9300044687CB3D4F808C0BCF1000F1AD0DCF80E
:10C940000430BBB100260BE09A423ABFDCF800503D
:10C9500055F82220002282420ED00136B34209D07F
:10C96000B6F1FF3F3246EFDCF218EDD500228242ED
:10C97000F3D101E04FF0FF36002911D564E000BF8C
:10C9800042689268002A14BF526800221144446829
:10C99000002CCFD10026002902D555E00024002626
:10C9A000A268002A14BF52680022B1424CD09142C2
:10C9B0004ADAB1424ADA721ACD4312F0030306EBA7
:10C9C000050C19D0A268012B126802EB860555F8F8
:10C9D000045C42F82650A6F101020CD0A568022B97
:10C9E000D5F800E00EEB820555F8045C4EF82250B5
:10C9F000A6F1020240D11646BCF1030FC0F08480BC
:10CA0000B30000BFA268043E12688E4202EB030727
:10CA100057F8047CD750A26812681A4452F8087C70
:10CA200042F8047CA26812681A4452F80C7C42F85E
:10CA3000087CA26812681A4452F8107CA3F1100313
:10CA400042F80C7CDEDC5FE001B0F0BD8E425BDAC8
:10CA50008A1BF34312F0030E01EB030C2DD0A268E6
:10CA6000731C1268BEF1010F52F8235042F8265091
:10CA700010D11E4621E000BFA368033E1B6803EBF4
:10CA8000820555F8045C43F82250BCF1030F3BD3F8
:10CA9000B6E700BFA268B51C1268BEF1020F52F8DB
:10CAA000257042F8237001D12E4606E0A2680336B5
:10CAB000126852F8263042F82530BCF1030F23D318
:10CAC000A1EB060CB2000023A7683F68174407EBF0
:10CAD0008306766847F82360A7683F68174407EB2A
:10CAE0008307BE687E60A7683F68174407EB83072B
:10CAF000FE68BE60A7683F68174407EB83070433EE
:10CB00003E699C45FE60DFD1A268126842F82100B0
:10CB1000204622210022F5F7A7FB204601B0BDE800
:10CB2000F040FFF72FBD0000F0B581B004468068EB
:10CB30000D4668B1017E11F0300F1ED1408A464289
:10CB40002046FEF7FDF9B0F1FF3F08DD15E000BF1C
:10CB500000262046FEF7F4F9B0F1FF3F0DDC31B2BC
:10CB600001290ADBB1B24042814238BF084602B215
:10CB7000204600212B4601F08BF8A06830B1007EE2
:10CB800010F00C0F02D001B0F0BD00BF2046FEF740
:10CB90006BFA06462046FEF7E3FA074620460021D8
:10CBA0001622FEF78BFFC0B2012805D1B6F1FF3F78
:10CBB000E9DC012F09DAE6E7B7F1FF3FE3DC012EFC
:10CBC000E1DB7842864228BF064631B22046002289
:10CBD0002B4601B0BDE8F04001F05AB82DE9F0470E
:10CBE00086B002AF0446D0F808A00E460846394683
:10CBF000FEF7CCF83046DDF7F1F9014638460A4633
:10CC0000E7F77CFD0DF11008404651463A46DBF748
:10CC10006FFD28B930464FF40021FFF76DF998B148
:10CC2000304614212246C4F80880F5F71DFB304633
:10CC300015212246F5F718FB304616212246F5F756
:10CC400013FB4FF0010901E04FF0000930464FF4AB
:10CC50000021FFF751F938B1DAF80400DAF80010D2
:10CC6000CDE9001007E000BF06F114026846514606
:10CC7000DBF73EFD90B16846A0603046FDF7F8FF57
:10CC800060B10746002500BFB068006850F8251065
:10CC9000204609F01DFF0135AF42F5D1B9F1000F73
:10CCA00010D0304617212246C4F80880F5F7DCFA88
:10CCB000304618212246F5F7D7FA30461921224688
:10CCC000F5F7D2FAC4F808A006B0BDE8F087000076
:10CCD0002DE9F04F83B00121C0F206010446FFF7B1
:10CCE00013F960B92046FEF70FF940B100210A227E
:10CCF000FEF7E4FE00041CBF03B0BDE8F08F204641
:10CD0000FEF702F90546204600210722FEF7D6FE6F
:10CD10008046204600210822FEF7D0FE002D8146E5
:10CD200000F04781284600211222FEF7C7FE064682
:10CD3000284600211322FEF7C1FE0746284600219F
:10CD40003222FEF7BBFEA98AF31919442A8B01EBA4
:10CD500040000021101A00F1010A28461022FEF7B7
:10CD6000ADFE0646284600211122FEF7A7FE074623
:10CD7000284600213222FEF7A1FEE98AF319194460
:10CD80006A8B01EB400008F4C041B1F5005FA2EBF3
:10CD9000000018D10FFA88F121F4C041B1F5FA6F03
:10CDA00011DC0FFA8AF2B1F57A7FC8BFC1F57A714A
:10CDB00001FB02F148F21F52C5F2EB1251FB02F1E6
:10CDC0004A1102EBD17809F4C041B1F5005F00F1DE
:10CDD0000101CDE9011A17D10FFA89F020F4C04002
:10CDE000B0F5FA6F10DC09B2B0F57A7FC8BFC0F5B4
:10CDF0007A7000FB01F048F21F51C5F2EB1150FBB5
:10CE000001F0411101EBD079204600216B22FEF7A1
:10CE100055FE0646204600216C22FEF74FFEA18AF1
:10CE2000228B06F4C043A2EB010AE18A628BB3F5C0
:10CE3000005F0AF10103A2EB010716D131B221F420
:10CE4000C041B1F5FA6F10DC1AB2B1F57A7FC8BFF4
:10CE5000C1F57A7101FB02F148F21F52C5F2EB12E3
:10CE600051FB02F14A1102EBD17600F4C041B1F559
:10CE7000005F07F1010B009317D101B221F4C0410B
:10CE8000B1F5FA6F11DC0FFA8BF0B1F57A7FC8BFFC
:10CE9000C1F57A7101FB00F048F21F51C5F2EB11A8
:10CEA00050FB01F0411101EBD07008EB0601484442
:10CEB0000FFA81F80FFA80F9204600210922FEF7C7
:10CEC000FDFDC1B2092900F274806FEA0A06F84339
:10CED000DFE801F00612280E594856385E1A00BFE6
:10CEE000284600211622FEF7E9FDC0B2012803D131
:10CEF0000298304480445CE0204641464A4603B0F4
:10CF0000BDE8F04FFFF742BC029A009B90B299B285
:10CF100002EBD03003EBD13100B209B24010A0EBEC
:10CF2000610037E0029A009B90B299B202EBD030D8
:10CF300003EBD13100B209B24010A0EB6100804494
:10CF400037E000BF019A1FFA8BF190B20BEBD131A1
:10CF500002EBD03009B200B24010A0EB6100814476
:10CF600027E000BF029B009F99B2BAB203EBD13118
:10CF700007EBD23209B212B24910A1EB620101E013
:10CF800002993144884401990844814411E000BF6A
:10CF900002983044019B1FFA8BF299B20BEBD2320C
:10CFA00003EBD13112B209B280444910A1EB620106
:10CFB00089440FFA88F10FFA89F2204603B0BDE8E0
:10CFC000F04FFFF7E3BB00002DE9F04F8FB00446B0
:10CFD000408C00F44060B0F5406F00F09C83204628
:10CFE000FDF792FF002800F0968383462046FEF767
:10CFF0003BF8618C4DF62F0509058246CFF6FF758B
:10D0000000F1BE80204600210122FEF757FD0646B2
:10D010001FFA80F815FA80F000210A905846122273
:10D02000FEF74CFD0746584600211322FEF746FD49
:10D030000546584600213222FEF740FDBBF8141089
:10D040007B191944BBF8182001EB400042F2D17162
:10D05000101A884500F1010940F09A80204600210D
:10D06000002200F09BFF204600213222FEF726FD21
:10D070000546204600211322FEF720FD46192046D2
:10D0800000211222FEF71AFD284409900020CEF25A
:10D0900001000D900DAA20462C21F5F7E5F8BDF80A
:10D0A000340008902046FDF7E3FD074620460021A6
:10D0B0001622FEF703FDC0B2012840F09B80002F2E
:10D0C00000F02481CDE906A930B240F20109C0F296
:10D0D0000409CDE90406701C4FF0000809F5003A78
:10D0E0004EF2010503900EE0B4F91800B6F91410E1
:10D0F0002DB2401A0130A842C8BF054608F1010808
:10D10000474500F0ED80A0684946006850F8286067
:10D110003046FEF7F9FE0028F0D130465146FEF7C2
:10D12000F3FE48B93046FDF7EFFE28B100210A2290
:10D13000FEF7C4FC0004D7D1304600210922FEF7D7
:10D14000BDFCC0B2082806D8012101FA00F040F267
:10D1500049110842C8D1304600210722FEF7AEFC33
:10D160000004CBD1B08A318B049B081A411C2AB22F
:10D1700003FA81F191420399A8BF0D18BEE700BFE1
:10D18000A08A218B4FF00008081A00F1010931E153
:10D1900006F4C040B0F5005F40F0CF8030B20A9F87
:10D1A00020F4C045B5F5FA6F00F3C880BBF8220043
:10D1B000000500F18180584600210122FEF77EFC27
:10D1C00080B242F2D171884276D1204600213222CB
:10D1D000FEF774FC0546204600211222FEF76EFC85
:10D1E0000646204600211322FEF768FC06EB4501A7
:10D1F0000E18A3E0002F00F089800998CDF81C904C
:10D2000040F2010901B2C0F20409CDE9056A01301A
:10D21000002509F5003A4EF20108049103900DE053
:10D22000B6F91800B4F914100FFA88F8401A013052
:10D230004045C8BF80460135AF425DD0A068494631
:10D24000006850F825603046FEF75EFE0028F2D1F7
:10D2500030465146FEF758FE50B93046FDF754FEB1
:10D2600030B100210A22FEF729FC0004D8D100BF0A
:10D27000304600210922FEF721FCC0B2072805D85C
:10D28000012101FA00F010F0930FC9D130460021BE
:10D290000822FEF713FC0004CDD1B08A318B049B29
:10D2A000081A411C0FFA88F203FA81F1914203999E
:10D2B000A8BF01EB0008BEE70FFA89F0B5F57A7F49
:10D2C000C8BFC5F57A7505FB00F048F21F51C5F2DD
:10D2D000EB1150FB01F0411101EBD0762EE000BFC5
:10D2E000DDE9056AA8B24EF20101DDF81C90884222
:10D2F0000CD0099AA81812E0DDE9056A1FFA88F037
:10D300004EF20101DDF81C90884205D10998089978
:10D3100030440A9F461811E0099A08EB0600089B62
:10D3200032441A4401B216B280B2B142C8BF0E46AE
:10D330004EF20101884208BF16460A9F204600218E
:10D340000222B7FA87F5FEF7B9FB0746204600210F
:10D350000322FEF7B3FB07F4C041B1F5005F17D11C
:10D3600039B221F4C041B1F5FA6F11DC0FFA89F23C
:10D37000B1F57A7FC8BFC1F57A7101FB02F148F2BD
:10D380001F52C5F2EB1251FB02F14A1102EBD177A9
:10D3900000F4C041B1F5005F4FEA55181CD101B24D
:10D3A0004DF62F0521F4C041B1F5FA6FCFF6FF75A8
:10D3B00016DC0FFA89F0B1F57A7FC8BFC1F57A7132
:10D3C00001FB00F048F21F51C5F2EB1150FB01F0D8
:10D3D000411101EBD07003E04DF62F05CFF6FF753C
:10D3E0000FFA80F930B239B24845B8BF8146494595
:10D3F000C8BF89462046FDF735FF618C02464905C6
:10D4000000F1AE80CDE90928204600210422FEF774
:10D4100055FB06461FFA80F815FA80F000210890A7
:10D4200058461022FEF74AFB0546584600211122B5
:10D43000FEF744FB0746584600213222FEF73EFB2A
:10D44000BBF81610EB191944BBF81A2001EB400089
:10D4500042F2D171101A884500F10100079040F0A6
:10D460008B80204600210022CDF818A04EF2010545
:10D4700000F0AEFD204600213222FEF71FFB0646DB
:10D48000204600211022FEF719FB03960644204691
:10D4900000211122FEF712FB01900DAA20462C213B
:10D4A0000D95F4F7E1FEBDF8360000902046FDF73B
:10D4B000DFFB0028029600F09180074630B24FF063
:10D4C000000A0590701C0126C0F204064EF2010508
:10D4D00004900DE0B8F91A00B4F916102DB2401AF4
:10D4E0000130A842C8BF05460AF1010A574577D066
:10D4F000A0683146006850F82A804046FEF704FDD7
:10D500000028F1D106F500314046FEF7FDFC48B990
:10D510004046FDF7F9FC28B100210A22FEF7CEFAB9
:10D520000004D7D1404600210922FEF7C7FA10F0C7
:10D53000FC0FCFD0404600210822FEF7BFFA0004BE
:10D54000D2D1B8F81600B8F81A10059B081A411C79
:10D550002AB203FA81F191420499A8BF0D18C3E7DA
:10D56000E08A618B081A451C002148EA0100C007C7
:10D5700040F0B980BCE000BF06F4C040B0F5005FE9
:10D5800043D130B2DDF8288020F4C045089FB5F5BE
:10D59000FA6F51DCBBF8220040053BD4584600210D
:10D5A0000422FEF78BFA80B242F2D171884231D167
:10D5B000204600213222FEF781FA0546204600214E
:10D5C0001022FEF77BFA0646204600211122FEF7C4
:10D5D00075FA06EB45010E182EE000BF4EF201056C
:10D5E00003980199009A084402990144114428447F
:10D5F0000EB200B2AAB2B042C8BF06464EF2010057
:10D60000824208BF0E46DDF818A0DDF82880089F8A
:10D6100012E000BF0798B5F57A7FC8BFC5F57A75E7
:10D6200000B248F21F5105FB00F0C5F2EB1150FBB0
:10D6300001F0411101EBD076204600210522B7FA16
:10D6400087F5FEF73BFA0746204600210622FEF743
:10D6500035FA07F4C041B1F5005F17D139B221F4B2
:10D66000C041B1F5FA6F11DC079AB1F57A7FC8BFF6
:10D67000C1F57A7112B201FB02F148F21F52C5F2F4
:10D68000EB1251FB02F14A1102EBD17700F4C041D9
:10D69000B1F5005F4FEA551117D102B222F4C04232
:10D6A000B2F5FA6F11DC0798B2F57A7FC8BFC2F500
:10D6B0007A7200B202FB00F048F21F52C5F2EB1280
:10D6C00050FB02F0421102EBD07005B230B23AB218
:10D6D000A842B8BF0546AA42C8BF1546099A48EAFB
:10D6E0000100C00704D020465146002300F008FC8A
:10D6F000264636F8140FB188081A013080B21FFA96
:10D7000089F188420CD1E08A618B081A013080B21D
:10D71000A9B2884204D100200FB0BDE8F08F00BF4D
:10D720002046FEF72FFF6069A1690D900E915846C3
:10D7300000213222FEF7C2F9DBF814104042DBF878
:10D7400018200B9101B20BAF0C9238460A46E6F74F
:10D75000D5FF584600211222FEF7B0F9BDF82C1073
:10D7600013220844ADF82C0058460021FEF7A6F914
:10D77000BDF830101022081AADF8300058460021CC
:10D78000FEF79CF9BDF82E1011220844ADF82E00CA
:10D7900058460021FEF792F9BDF832100022081A0F
:10D7A000ADF832000DA83946DAF7D2FF0028074657
:10D7B00004BF584600F026FCE08A002128440138C6
:10D7C000608320461622FEF779F9C0B2012805D100
:10D7D000208BA0EB09000130A08203E0A08A48441E
:10D7E000013820830DAA20462921F4F73DFD584633
:10D7F00022212246F4F738FD2046FEF7C3FE608C56
:10D800000BA940F00200608430460022DAF7A0FF46
:10D810003843C0071CBF584600F0F4FB204600F018
:10D8200005F801200FB0BDE8F08F0000B0B582B060
:10D83000816804460020002914BFCD8A0025ADF878
:10D8400006000DF1060220461321F4F70DFDBDF888
:10D850000600A8421CBF2046FEF794FEA168BDF852
:10D86000060031B970B12046FCF760FABDF8060039
:10D87000A168C882A8421CBF2046FEF783FE02B002
:10D88000B0BD00BF0020F5E7B0B50021012204467D
:10D89000FEF714F90546204600210422FEF70EF992
:10D8A0004DF62F01CFF6FF7111FA85F211FA80F0D3
:10D8B000B2FA82F2B0FA80F05109400941EA00055B
:10D8C000012D11D1608C40F0010060842046FDF7ED
:10D8D00021FB418C41F004014184FDF75DFA406871
:10D8E000002818BF05F036FB2846B0BD2DE9F04FE3
:10D8F00081B0164640F2A402C2F200021278012A58
:10D9000040F09C800D460446FEF73CFE304605F490
:10D910007F05DCF7BDFD82463046DCF7B9FD814668
:10D920003046DCF7B5FD80463046DCF7B1FD5FEAF6
:10D930004A7107460DD5002D18BFB5F5702F40F080
:10D94000818020462A210022F4F78EFC2046FEF733
:10D95000B7FEB5F5702F4FF6FF7B18BF002D45D1F0
:10D960005E4502D01AF0040006D02046FDF7CCFA3E
:10D97000002818BFFEF7A4FEB5F5702F18BF002DC4
:10D9800034D1F80632D5204600216E22FEF796F8F3
:10D9900000041DD1204600216D22FEF78FF880B2D1
:10D9A000B0F5807F14D1204600216122FEF786F871
:10D9B000C0B2FF285CD1204600216822FEF77EF825
:10D9C000C7B2002F18BF0127A06848B903E000BF05
:10D9D0000227A06820B94FB12046FCF7A7F9A0683C
:10D9E000817E01F03F0141EA871181765E4507D0D3
:10D9F00019F0020004D12046FEF7C4FD08E000BF84
:10DA00002046FFF713FF2046FEF7BCFD5E4505D01C
:10DA10005FEAC87012D05FEA897009D5B5F5803F1A
:10DA20000CD0204601B0BDE8F04F09F09BBB00BF11
:10DA3000B5F5803F18BF1AF00400F2D101B0BDE87F
:10DA4000F08F00BF204600210422FEF737F880B295
:10DA500042F2D17B58453FF474AF204600210122A9
:10DA6000FEF72CF880B258453FF46BAF71E700BF6A
:10DA70000127A0680028B3D1ADE7000070B5438C42
:10DA8000C3F3051CBCF1000F18D0C668F51D0026B5
:10DA900007E000BF0136B44505F1080504BF0020CA
:10DAA00070BD2C78E407F5D015F8014C35F8033C2F
:10DAB00043EA04439A42EDD101E000BF00266645E7
:10DAC00004BF002070BD0546C068144650F83600FB
:10DAD0000E4603F03FF8002804BF002070BD284622
:10DAE00021463246FFF702FF012070BD2DE9F04FBD
:10DAF00081B0894604464FF6FF7B69B199F80780EB
:10DB00004046B8F1000F1CBF01204FF0FF38618C78
:10DB100011F47C7F08D18DE001204FF6FF78618CF5
:10DB200011F47C7F00F086800090E06897B202F4E8
:10DB30007F064FF0000A4FF0000C05E00AF1010AE1
:10DB4000C1F30512924566D200EBCA035F459D7989
:10DB50009A8842EA054502D0AAB2BA42EED1B6F599
:10DB6000702F1CBF05F47F029642E7D1B9F1000F78
:10DB700003D050F83A209145E0D1D9798A070AD5E7
:10DB8000204631464FF6FF7200230EF0A3FDE068F9
:10DB900000EBCA01C97989070CD050F83A0003F0AC
:10DBA0007BF8E06850F83A00FAF7B6F8E068002130
:10DBB00040F83A10618CC1F30512013A924514D233
:10DBC0006FF0070000EBCA00524600BFE168013267
:10DBD0000144D1E904350830C1E90235618CC1F353
:10DBE0000513013B9A42F1D3E06801F57C7202F41F
:10DBF0007C7321F47C710B444FF4FC7101EA5201F7
:10DC00006384FAF7B3F8618C4FF0010CE060C1F364
:10DC10000512924598D3009800EA0C00012809D11A
:10DC20001FFA88F22046314601B0BDE8F04FFFF7F9
:10DC30005DBE00BF01B0BDE8F08F000040F2A4015E
:10DC4000C2F200010978012918BF704770B5044677
:10DC50000020EAF76BFBB8B1054604E02846EAF776
:10DC600065FB054680B1686A0028F7D0002600BF32
:10DC7000E86850F82610204609F094FA686A0136E0
:10DC80008642F5D3EAE700BFBDE870407047000068
:10DC90002DE9F04391B00E46114300F0AD801546DA
:10DCA0000446012B70D12046FDF776F88146684680
:10DCB000E5F7ACFE47F2353043F67D28C0F60300A9
:10DCC000C0F601080094039066B34846EAF702FBE9
:10DCD0004010002132460027E5F70CFFC82898BF06
:10DCE000C820A168B0F5C87F28BF4FF4C8700B905A
:10DCF00011B1088A404207B27842CDE9080047F2E4
:10DD0000AD60F11BC0F603000A9101906A462046FF
:10DD10000921CDF81C80F4F7A7FA01286CD16846D8
:10DD2000E5F7F6FE002D67D04846EAF729FB4010DC
:10DD300000212A460026E5F7DDFEC82898BFC82046
:10DD4000A168B0F5C87F28BF4FF4C8700B9011B11F
:10DD5000488A404206B27042CDE9080047F2FD60B1
:10DD6000A91BC0F603000A9101906A4620460921CA
:10DD7000CDF81C80F4F778FA01283DD16846E5F724
:10DD8000C7FE11B0BDE8F08347F2FD61C0F60301A4
:10DD90002046E5F715FD47F2AD61C0F603012046C8
:10DDA000E5F70EFD204609210022F4F75DFA01286F
:10DDB00022D12046FBF7BAFFA0680123018A428ADC
:10DDC0003144018251194182204631462A46FEF7EC
:10DDD0008DFC20460B210022F4F746FA01280BD1D6
:10DDE0002046FEF7CFFB20460A21002211B0BDE8F5
:10DDF000F043F4F739BA00BF11B0BDE8F08300007A
:10DE00002DE9F0470F4611432CD09846164605469B
:10DE100000F05EFDA868002100281ABF008AC0F14A
:10DE2000000A4FF0000AA7EB0A0004B228461622A7
:10DE30000027FDF743FEC0B2012815D1012C55DBA8
:10DE40002846FDF711F907462846FDF789F93844B9
:10DE500000B2A042B8BF044624EAE477A868D8B963
:10DE600048E000BFBDE8F087002C48BF2746B4F16A
:10DE7000FF3F0FDC28463CB2FDF7F6F88146284606
:10DE8000FDF76EF9484400B220EAE0704042844257
:10DE9000B8BF0746A86868B3408A811909B24442EE
:10DEA00000290E4658BF0026B1F1FF3F0CDC284682
:10DEB0000FFA86F9FDF744F8204400B220EAE0703A
:10DEC00040428145B8BF064607EB0A01301941EAD6
:10DED0000002120408BFBDE8F08709B202B228466A
:10DEE0004346BDE8F047FFF7D3BE00BF0027A86850
:10DEF0000028D1D10024002E58BF2646E4D5D6E70D
:10DF0000F0B581B00F4647F2AD61C0F603011C4683
:10DF100016460546E5F754FCA868002200281ABFFB
:10DF2000008A40420020C01B01B228462346002739
:10DF3000FFF766FF47F2FD61C0F603012846E5F7EB
:10DF40003FFCA868002100281CBF408A4742B81B3C
:10DF500002B22846234601B0BDE8F040FFF750BFAB
:10DF6000F0B581B00C46054600F0B2FC00200090F0
:10DF70002846FCF7C9FF78B1294614356E4600BF24
:10DF8000074628463246234609F0E2F93846FCF7B0
:10DF9000BBFF00283946F3D101B0F0BD70B50D4686
:10DFA00047F2AD61C0F6030114460646E5F708FCEA
:10DFB000B168304600291ABF098A49420021491B2D
:10DFC00009B200222346BDE87040FFF719BF0000E8
:10DFD00070B50D4647F2FD61C0F6030114460646D2
:10DFE000E5F7EEFBB168304600291ABF498A49427D
:10DFF0000021491B0AB200212346BDE87040FFF70B
:10E00000FFBE0000B0B584B002AD6A4629460446A2
:10E01000FDF740F92846E6F755FB18B96846E6F7DC
:10E0200051FB78B102A8E6F74DFB18B102A92046D2
:10E03000FEF7D8FA6846E6F745FB18B16946204670
:10E04000FEF7D0FA04B0B0BDB0B50C460546FBF7FC
:10E050006DFEA8688482B0BDF0B581B040F2AC1707
:10E06000C2F2000715460A46B9881C460023064638
:10E0700000F06AF8F98830462A46002300F064F878
:10E08000398930462246002300F05EF83988304650
:10E09000002201B0BDE8F04000F04ABBB0B540F24C
:10E0A000AC15C2F200050A4669880023044600F058
:10E0B0004BF8298820460022BDE8B04000F038BB6C
:10E0C00010B50A4640F2AC11C2F2000149890023A2
:10E0D000044600F039F82046FCF716FFBDE8104072
:10E0E000FEF7EEBAB0B582B00C4601AA04210023B7
:10E0F0000546FCF7E3FE20B1012807D10198A042B4
:10E1000004D028462146002200F00CFB02B0B0BD2E
:10E1100010B589B20022044600F00AFB608C40F082
:10E12000010060842046FCF7F5FE418C41F00401BB
:10E130004184FCF731FE4068002808BF10BDBDE8EF
:10E14000104004F007BF0000F0B581B00E4619463C
:10E150001C4615460746E3F71FFB31462A4602F0E8
:10E160002DFE38462146324601B0BDE8F040FFF7AB
:10E17000BDBB0000F0B581B031B30446406818B3B0
:10E1800020460F46FEF7FEF93846FBF7CFFD6668DE
:10E1900006B3B168D1B14A68C2B10020B0F1FF3F07
:10E1A000034601DC83180BD493423ABF0D6855F83F
:10E1B00023300023A34216D001308242EED105E085
:10E1C0000023A342F8D10EE001B0F0BD4FF0FF30C4
:10E1D00009E000BF002006E0096801EB80025268F8
:10E1E00041F820200130B168002914BF4A6800229C
:10E1F000023A9042F0DDD1E90002013A4A6003D0D0
:10E200009100F9F7B3FD02E0F9F786FD0020B96847
:10E21000B2684B6810605A1C08684A609100F9F7B0
:10E22000A5FDB9684A68086000EB8202304642F8F2
:10E23000044C6760FFF7E6FE304622212246F4F7E1
:10E2400013F8304624210022F4F70EF83846222134
:10E250002246F4F709F8384623210022F4F704F89F
:10E260002046FEF72DFA204601B0BDE8F040FEF74B
:10E2700089B9000070B582B014460E466A4607217F
:10E2800000230546FCF71AFE20B1012807D10098AB
:10E29000B04204D028463146002200F085FA01AA97
:10E2A000284608210023FCF709FE20B1012807D1E8
:10E2B0000198A04204D028462146002200F07AFAB4
:10E2C00002B070BDB0B50C460546FBF72FFDA8683F
:10E2D000417E01F00F02944208BFB0BD04F00F026E
:10E2E00001F0F00111444176B0BD0000B0B50C461C
:10E2F0000546FBF71BFDA86804F00302017E01F050
:10E30000F30141EA82010176B0BD0000B0B50C46D0
:10E310000546FBF70BFDA86804F00302017E01F03F
:10E32000CF0141EA02110176B0BD0000B0B50C4644
:10E330000546FBF7FBFCA9680A7E02F00303A34233
:10E3400008BFB0BD04F0030302F0FC021A442846E3
:10E350000A76BDE8B040FEF715B9000070B582B08E
:10E3600014460E466A46012100230546FCF7A6FD29
:10E3700020B1012807D10098B04204D02846314688
:10E38000002200F00BFA01AA284604210023FCF722
:10E3900095FD20B1012807D10198A04204D028465C
:10E3A0002146002200F0BEF902B070BD2DE9F04F09
:10E3B0008BB0048C8C4200F07F810E460184214694
:10E3C00032460546DBF710FF002800F075818046D5
:10E3D0004FF42070F9F7F0FA4FF420710690FAF735
:10E3E00001F9688C10F47C7F00F05481F0430394B1
:10E3F000CDE90168089006984FF0000A04304FF00C
:10E40000000B0490E86800EBCB04264636F8040FB6
:10E41000A17940EA014000F019FAE968074601EBEA
:10E42000CB018A79898841EA0241084600F00AFA5C
:10E4300008990F4240F00A81E179890700F10681CD
:10E4400024684FF6FF73A188E27999423CD1002AF3
:10E4500000F0FC80CDE909706FF0170000EBC20EF0
:10E460006FF007000596216800EBC2066FF00F0001
:10E470004FEAC20C00EBC20400228B5A18466FF31D
:10E480009F3067286CD0964200F0E0808F183B895F
:10E4900018466FF39F30672864D0944200F0D6800E
:10E4A0003B8A18466FF39F3067285FD0964500F08F
:10E4B000CD803B8B18466FF39F3067285AD02032AF
:10E4C0009445DAD1C2E000BF002A00F0BF80012AE3
:10E4D0000CD121F48042672A40F0B880B1F5804F1A
:10E4E0000596CDE909705DD226685FE0D4F800C0DA
:10E4F000C2F1000E0CEB8203A2F101089C1D002169
:10E50000CDE90970059634F8060C06466FF39F3680
:10E51000672E3ED0884500F0998003EB410778884C
:10E5200006466FF39F36672E2ED00EEB0106B01C09
:10E5300000F08C80B88807466FF39F37672F25D08F
:10E54000F01C00F08380208806466FF39F36672E0C
:10E550001ED004318A4204F10804D4D176E000BF11
:10E56000114409E007F1080106E000BF07F11001BE
:10E5700002E000BF07F1180118B2002866D4B3F515
:10E58000804F0FD24E6811E0013102E0023100E00D
:10E59000033102B2002A59D4B0F5804F02D25CF8A0
:10E5A000216003E0672002F039FA064631680888E6
:10E5B00000284BD0BAF11F0F48D80024079500BFA0
:10E5C0000025BAF1000F1BD0049F04E00135AA45D5
:10E5D00007F1140716D0D7F80090484600F036F936
:10E5E0008046484600F02EF93168BA8831F8143078
:10E5F0009A42EBD10A9A9042E8D109988045E5D336
:10E6000055451AD10AEB8A00069FD6E9035307EB5A
:10E610008002D6E901CE27F82050538031F814004B
:10E62000059BC2F80CE01081C2F810C098781B88D6
:10E630000AF1010A43EA00405060013431F8140045
:10E64000079D18B1BAF1200FBAD300BF688C0BF147
:10E65000010BC0F30510834503D2BAF1200FFFF47C
:10E66000D1AEDDE90178039EBAF1000F12D0069811
:10E67000A0F11401886901F1140400F0E3F80146E7
:10E68000284632463B460094DBF7FEFCBAF1010A0D
:10E690002146EFD10698F9F7E5FAB8F1030F19D042
:10E6A000B8F1020F0CD0B8F1010F05D128460BB01C
:10E6B000BDE8F04FFDF766BF0BB0BDE8F08F00BFBF
:10E6C0002846FDF75FFF28460BB0BDE8F04FFFF787
:10E6D000ADB800BF28464FF470214FF6FF720BB063
:10E6E000BDE8F04FFFF702B913460A460921FFF7CC
:10E6F0002BBD000013460A461621FFF725BD00007A
:10E7000013468AB22021FFF71FBD000013460A46B8
:10E710002821FFF719BD000013460A463221FFF7F2
:10E7200013BD000013460A460421FFF70DBD00008B
:10E7300013460A460A21FFF707BD000013460A46A2
:10E740000221FFF701BD000013460A466021FFF7D2
:10E75000FBBC000013460A461121FFF7F5BC000080
:10E7600013460A461221FFF7EFBC000013460A4683
:10E770001321FFF7E9BC000013460A461421FFF7F6
:10E78000E3BC000013460A461021FFF7DDBC000081
:10E7900013460A465B21FFF7D7BC000013460A4622
:10E7A0000121FFF7D1BC000013460A460721FFF7FD
:10E7B000CBBC000013460A460821FFF7C5BC000089
:10E7C000B0B582B00C4601AA012100230546FCF732
:10E7D00075FB20B1012807D10198A04204D028463A
:10E7E00021460022FFF7DAFF02B0B0BDB0B582B01B
:10E7F0000C4601AA072100230546FCF75FFB20B168
:10E80000012807D10198A04204D0284621460022C1
:10E81000FFF7CAFF02B0B0BDB0B582B00C4601AA86
:10E82000082100230546FCF749FB20B1012807D148
:10E830000198A04204D0284621460022FFF7BAFFE3
:10E8400002B0B0BD00F47F007047000080B2704796
:10E85000F0B581B0D0B31F46164605460C46DBF72F
:10E86000C5FBAFB14EB106462846FCF74DFB21462D
:10E8700001220123FFF7ECFF3046022826D128466B
:10E880002146012201B0BDE8F0400EF009B800BFFA
:10E89000022804D12846214600220EF001F8AEB12C
:10E8A0002846FCF731FB88B1054604E02846FCF712
:10E8B0002BFB054650B12846DBF798FB0228F5D123
:10E8C0002846214600220DF0EBFFEFE701B0F0BD36
:10E8D000B0B54CF67875C2F200052978002918BF4A
:10E8E000B0BD01212970FCF715FB0446408C41079F
:10E8F00009D500BF20F0040060842046E4F7F0FE54
:10E90000608C4107F6D400202870B0BD12284FF06B
:10E9100000020DD84B1FDBB2FC2B09D342F620427C
:10E92000C0F60402013902EBC000C9B230F8112070
:10E9300010467047024612284FF0000010D88B1F77
:10E94000DBB2FB2B38BF704702EB820042F6B842C5
:10E95000C0F60402013902EB4000C9B230F81100E0
:10E960007047000012288FBF002042F67651C0F693
:10E97000040131F810007047002904BFB2F5807F10
:10E9800070472DE9F04F83B01F8806884588F71B34
:10E990005E880029A5EB0606078046807AD040F203
:10E9A000A005C2F200052D6840F2682C8D42C2F22B
:10E9B000000C5BD0B1F5616746F26766D8BF0F46C1
:10E9C000C6F26666002F48BF07F5616757FB06F67B
:10E9D0000290B51005EBD676994606EB8605924671
:10E9E000A7EB450765460FFA86FC0191604604F0E7
:10E9F0008BFD711C09B28346084604F085FD06F1C3
:10EA00005A0109B28046084604F07EFD06F15B011A
:10EA100009B20646084604F077FDC7F10A04AC4681
:10EA200004FB0BF504FB06F6014607FB085546F20E
:10EA3000676407FB0161C6F2666455FB04F551FB90
:10EA400004F1AF108E1007EBD57706EBD171029869
:10EA50007F114911CCE9007107884688019940F27D
:10EA6000A00552464B46C2F200052960DCE90015BC
:10EA70003FB234B2B2F5807F05FB07F601FB1466A6
:10EA800016D105FB04F21D8801FB072205EB962138
:10EA9000920A19E039B237B202FB01F11E8802FB7B
:10EAA00007F25B8806EB112103EB12220EE000BF98
:10EAB00005FB04F506FB02F601FB07511F8801FB6D
:10EAC00002F207EBA64192145B881A44018042804F
:10EAD00003B0BDE8F04F7047B0B5D6F755FC40F233
:10EAE000F404C2F200044CF67A71C2F2000120462E
:10EAF00000224FF41663E9F7F3FA04F11C052846E7
:10EB0000E9F7FEFAF020C0F24010E0614CF6A120D7
:10EB1000C0F6000020632846A462BDE8B040E9F7D3
:10EB200013BB0000B0B540F26015C2F2000505F15C
:10EB300008042046F6F7D2F8012028724CF239403A
:10EB4000C0F60300E8602046F6F7DCF86860B0BD68
:10EB5000002A02BF0021012070472DE9F0418C46B8
:10EB600086460021012000BF754612F0010308BF50
:10EB70000125A5FB00475B4205FB017103EA0C037D
:10EB80005FFA82F803FB0011B8F1020F3CBF204688
:10EB9000BDE8F081AEFB0E700EFB0C003D460EFB97
:10EBA0000C03900758BF012503EAE07CA5FB04068F
:10EBB00005FB0161B8F1040F0CFB041138BFBDE87F
:10EBC000F081A7FB075607FB03662C4607FB036390
:10EBD000570758BF012403EAE77CA4FB006704FB46
:10EBE0000171B8F1080F0CFB00113CBF3046BDE8C5
:10EBF000F081A5FB050705FB037705FB0373A0FB6D
:10EC000000E500FB0355170703EAE77400FB035C0C
:10EC1000034658BF0123A3FB060503FB015152B273
:10EC200004FB06111211002A9ED1BDE8F0810000FC
:10EC300070B582B00C461431002205460026D9F783
:10EC400087FD28B120460121FDF756F920B10026A5
:10EC5000304602B070BD00BF2046DBF7C7F9002880
:10EC60004FF00006F4D16A46204612218DF800606C
:10EC70000195F3F7F9FA9DF800000228E8D0204644
:10EC8000FBF7F6FF461E00BF701C01280CDBA068D6
:10EC9000006850F826102846FFF7CAFF0028A6F1A2
:10ECA0000106F1D001E000BF00209DF80010090628
:10ECB00018BF0446002818BF04462646304602B056
:10ECC00070BD0000B0B591F82A00002500F0FE00EC
:10ECD0000C4681F82A004D620D8508461021FBF78D
:10ECE00025FA20464FF40071FBF720FA42F6B8509F
:10ECF000C0F604002146FBF749F9FBF7D9F9204695
:10ED00000021FBF7A5FF43F2C751C0F60401013112
:10ED1000C4F8265003E000BF0135A584043111F882
:10ED2000012C0A2A0CD0E2B10A780A2A0DD0C2B10D
:10ED30004A780A2A0ED0A2B18A780A2A0FD1EBE7C4
:10ED40000135A5840A780A2AF1D10135A5844A78CB
:10ED50000A2AF0D10135A5848A780A2ADCD0002A53
:10ED6000DCD194F82A20691CA18402F0FE0184F809
:10ED70002A1043F2C751C0F604010546F8F7CAF954
:10ED8000E18C28462185BDE8B040FEF74FBD00006C
:10ED90002DE9F04F99B042F69C50C0F604000D46A4
:10EDA000FBF736FF012840F036832846F3F740FA98
:10EDB00004462846F3F754FA611E2B2900F22B83F0
:10EDC0008146DFE811F0650193012D002803280337
:10EDD000280328032D0028032803280328033B01C8
:10EDE0004F0179012803280328038901280399008A
:10EDF000280328039900280328032803280328034D
:10EE000028032803280328032803280328032803AA
:10EE1000280328032803330127012803F90000BF32
:10EE200048460021FBF714FF002800F0F482054655
:10EE3000F5F792FF0646F5F7DBFF042818BF022816
:10EE400010D1B9F826100428A9F828100AD148468C
:10EE5000FBF7F8FF0746F4F7B1FA18B1384600217E
:10EE6000F4F782FB3046F5F7C3FF012805D03046A2
:10EE7000F5F7BEFF032840F0BD8299F82A0080070D
:10EE800000F1548209AF30463946F5F77FFFE88A32
:10EE9000BDF82610BDF82420081AA98AADF826006E
:10EEA000501AADF8240028463946F7F7A5F904466C
:10EEB0002846F7F713FC0027002C179700F0618213
:10EEC00040F2640A83460DF15C082646C2F2000A4D
:10EED000002500BFDAF800205846414690470A381E
:10EEE000B0FA80F04009291B18BF01210840179D86
:10EEF000013E0744EED144E22846F3F799F906466D
:10EF00002846F3F7ADF9182E044600F01181152EAE
:10EF100040F081822846F3F791F98046204600218F
:10EF20005722FCF7CBFD064620464FF4802157229E
:10EF3000FCF7C4FDB6F90860B0F90870204600215E
:10EF40005922FCF7BBFDB91901EBD171E58A00EB41
:10EF500061062046B7B2FBF77BFF81B200EBD130F0
:10EF600006EBD73100B209B205EB6000A0EB6100FF
:10EF700009A9ADF85E003044ADF862002046FBF709
:10EF800005FFBDF82400BDF8281009AEADF85C00FF
:10EF90003046ADF86010EBF797FE20464FF4802125
:10EFA0003246FDF779F917AA40463146EBF772FE73
:10EFB00019B0BDE8F08F00BF2846F3F74FF980463F
:10EFC000484600210025FBF743FEF0B106464846BF
:10EFD0004FF480215722FCF771FD074648464FF455
:10EFE00080215822FCF76AFD04463046F7F776FB8D
:10EFF000014641F6FF7023B2CDE9005009A83A4618
:10F00000029504F0B1FABDF82450A8F8005019B0E8
:10F01000BDE8F08F48460021FBF71AFE18B12A21FF
:10F020000022F3F721F94846FEF72EFC484600215E
:10F0300019B0BDE8F04F07F07DBF00BF2846F3F7D9
:10F040000DF9007800F0FE01122940F05781B9F85F
:10F050002600B9F824100130884280F0DC81B9F82C
:10F06000284058E14846FBF7EDFEF4F7A7F90546BE
:10F07000F5F772FEF5F7BCFEB9F82610042808BFB4
:10F08000002D00F0C381A9F8281019B0BDE8F08F59
:10F0900099F82A00002100F0FD0089F82A0048466E
:10F0A000FBF7D6FD47F67501C0F6030119B0BDE8C0
:10F0B000F04FE4F785BB00BFB9F82600B9F8282067
:10F0C000904200F0A88148460121A9F8262019B0F5
:10F0D000BDE8F04F07F02EBF48460021FBF7B8FD12
:10F0E00019B0BDE8F04FFEF7A1BB00BFF5F734FE45
:10F0F00009A9F5F783FEBDF82600002800F08B81F2
:10F1000048460021FBF7A4FD0546FCF7A9FEBDF823
:10F110002610084401B22846FFF77EFB99F82A0022
:10F1200040F0020089F82A0019B0BDE8F08F00BF56
:10F130002846F3F783F809AE81463046EAF748F8E7
:10F1400020464FF480213246FCF7ECFF2046002198
:10F150005722FCF7B3FC064620464FF48021572285
:10F16000FCF7ACFCB6F90850B0F908602046002165
:10F170005922FCF7A3FC711901EBD171E78A00EB6E
:10F1800061052046AEB2FBF763FE81B200EBD130E1
:10F1900005EBD63100B209B207EB6000A0EB6100CD
:10F1A00017A9ADF81E002844ADF822002046FBF751
:10F1B000EDFDBDF85C00D9F80810ADF81C00BDF8F5
:10F1C000600007AAADF8200017A8D9F791FA002827
:10F1D00000F0218120460021FBF73AFD8246F7F737
:10F1E00077FA28B19DF8410040F001008DF8410008
:10F1F0005046F7F773FA099EBDF938B0BDF936806D
:10F2000007462046FCF706FE05460220029006A8A7
:10F21000394632465B46CDF80080019504F0A4F9EA
:10F220002046FBF715FE81B2BAF9162000EBD1306B
:10F23000B4F9161000B201EB60014510501A8603B4
:10F240005046FBF705FE96FBF0F6204600215722BC
:10F25000FCF734FC0999B0F90800B1F90810E38A09
:10F26000081A00EBD070BDF81A10A1EB6001A5EBF5
:10F2700060000AB2184406FB02F2ADF81A1000EB67
:10F280009237204600213222FCF718FC0546204622
:10F2900000211222FCF712FC064620460021132210
:10F2A000FCF70CFCA18A72191144ADF81010218BE7
:10F2B0002844081ABDF81A10ADF81400C8199DF8B2
:10F2C0004110ADF8160041F002008DF8410017A87A
:10F2D000D9F80840C9F808005046ADF81270F7F7A1
:10F2E000FDF9034609A904AA484600270097E9F753
:10F2F0000FFCC9F8084019B0BDE8F08F142818BFFA
:10F30000112840F08880B9F82600002800F083809A
:10F31000B9F82840013881B24846012200F080F94E
:10F32000A9F8284019B0BDE8F08F00BF4846002179
:10F330005722FCF7C3FB0746484600215922FCF739
:10F34000BDFBB9F91610B9F91A20ED8A521A02EB71
:10F35000D27201EB520439890F1830460C21F6F7AE
:10F36000B5F9284421B200B23AB2081A90FBF2F083
:10F370004FF6FF7120EAE077B9F82400874228BFF2
:10F38000471838B2002835D499F82A10B9F8240063
:10F39000C90723D042F2934100FB01F1A0EB1142D7
:10F3A00092B2520802EB1142B9B2B1EB920F15D2F0
:10F3B000B9F826709208B7FBF2F303FB127703FB50
:10F3C00002F33EB2761A48BF7642B6EB520F04D92A
:10F3D000BFB28F4294BF891A1144CF18B9B281428B
:10F3E00028BF471E48460121A9F82670A9F82870B1
:10F3F00007F0A0FDB9F8260009AA099048461C218B
:10F40000F2F732FF19B0BDE8F08F00BFB9F828203D
:10F4100091427FF458AE19B0BDE8F08F2DE9F04F5E
:10F420008FB008460D46F2F703FF152840F0A28082
:10F430002846F2F715FF2846F2F712FF8246FBF73F
:10F4400063FD05AE07463046E9F7C2FE38460021A7
:10F450003246FCF767FE5046F7F73AF928B19DF8B7
:10F46000310040F001008DF831002846F2F7E6FE49
:10F47000D0F8088003AE054607F114023046414635
:10F48000D9F736F9002800F0BE803846002157220F
:10F49000AE60FCF713FB064638464FF48021572236
:10F4A000FCF70CFBB6F90860B0F9084038460021BB
:10F4B0005922FCF703FBA11901EBD171B7F81690A3
:10F4C00000EB61043846A6B2FBF7C2FC81B200EB48
:10F4D000D13004EBD63100B209B209EB6000A0EBE9
:10F4E00061060DA9384606EB040BFBF74FFC5746A7
:10F4F00037F8140FADF83A600DAEADF83400D7F818
:10F5000002103046CDF83610A9683246D9F7F0F827
:10F51000D5F8089068B15046AE60F7F7DFF80346BB
:10F5200005A928463A4600260096E9F7F1FAC5F8FB
:10F530000890BAF814000DAEADF83400DAF81800EF
:10F5400049460E9030463246ADF836B0D9F7D0F87D
:10F5500058B15046AE60F7F7C1F80346002605A93A
:10F5600028463A460096E9F7D3FAC5F808800FB066
:10F57000BDE8F08F064642F6B850C0F604002946B2
:10F58000FBF746FB01283ED12846F2F769FE292EFB
:10F5900004463BD0132E36D12846F2F75FFE814653
:10F5A0002046FBF7B1FC002106460025FBF750FB87
:10F5B000F0B1074630464FF480215722FCF77EFA1F
:10F5C000804630464FF480215822FCF777FA0646F1
:10F5D0003846F7F783F8014641F6FF7033B2CDE9BC
:10F5E000005005A84246029503F0BEFFBDF9145035
:10F5F0002046FCF70FFCB9F90010281A8842B8BF62
:10F600000846A9F800000FB0BDE8F08F2046FBF7D0
:10F610007BFC00210FB0BDE8F04F07F08BBC000071
:10F6200090F82A309446828CDB070B4624D070B5C4
:10F6300042F2934102FB01F1A2EB1146B6B2760809
:10F6400006EB1141B3EB910F14D2C68C8908B6FBBF
:10F65000F1F404FB116604FB01FE35B2ED1A48BF5C
:10F660006D42B5EB510F04D9B4B29C4294BF5B1A02
:10F670000B447344BDE8704099B2914228BF531EB9
:10F680006146C384038507F055BC00002DE9F04FA7
:10F69000A3B0DDF8B0A0994617460E460446FBF726
:10F6A0007BFB0546E8F7FCFD20B9E8F7F9FD0028EB
:10F6B00000F0C480D0F81080A04500F0C480A86994
:10F6C000A04200F0C080C0B10021E4F779F8A86939
:10F6D00000210022FEF7CEFDA86960210022FEF77E
:10F6E000CDF995F82800800744BF4046FAF7B8FDE9
:10F6F000D5F81880404607F0E3FD6869AC6138B181
:10F7000095F82810890703D5FAF7AAFD002068614B
:10F71000A6F10A000021052895F8280038BF01212C
:10F720006AF3410100F0FC00084485F828002046F7
:10F730000021E4F745F8E8F7B3FD20B9E8F7B0FD9C
:10F74000002800F0838000690021E4F739F82046A2
:10F7500000210022FEF78EFDE8F7A2FD20B9E8F7B0
:10F760009FFD002800F07480006900210022FEF750
:10F7700081FD204660210022FEF780F9E8F790FD28
:10F7800018B9E8F78DFD002864D0006960210022D7
:10F79000FEF774F959EA070044D012A8E4F736F9E5
:10F7A00047F29120C0F60300149047F23920C0F6CA
:10F7B000030012941590C9F1000401A81D971E942E
:10F7C000E4F724F928690E2E01900C970D9400F2AD
:10F7D000DA8002EB860201A812A900F1200C01F1E7
:10F7E000200B00F1240701F1240A00F1280301F1A4
:10F7F0002809DFE816F00F00930067007300490046
:10F800009F00D7007D00F9005F00ED003D00530030
:10F81000B500310047F66500C0F6030013900024E0
:10F820000020AAE0204607F04BFDBAF1000F0AD0F5
:10F83000404623B0BDE8F04FFAF712BD4FF0000884
:10F84000A0457FF43CAF23B0BDE8F08F00207BE7FC
:10F8500000208AE7002099E747F66D00C0F6030014
:10F86000029028469946BA46E346E8F789FD83E0C8
:10F8700047F66500C0F60300029028469946BA464E
:10F88000E346E8F727FD76E047F66D00C0F6030093
:10F8900013902846E8F774FD1CE000BF47F66500AA
:10F8A000C0F60300029028469946BA46E346E8F7B8
:10F8B00011FD61E044F25D40C0F603001390FF20AB
:10F8C0005AE000BF47F66500C0F6030013902846D3
:10F8D000E8F700FD444200204FE000BF47F66D000E
:10F8E000C0F6030013902846E8F74AFD1EE000BF6B
:10F8F00047F66D06C0F60306284613969946BA46A3
:10F90000E346E8F73DFDCDE91A00002428461C94A3
:10F910000296E8F735FD40422FE000BF47F665004C
:10F92000C0F6030013902846E8F7D4FC04460020F4
:10F9300023E000BF47F66506C0F603062846139687
:10F940009946BA46E346E8F7C5FCCDE91A0000241B
:10F9500028461C940296E8F7BDFC40420DE000BF2B
:10F9600047F66D00C0F60300029028469946BA4655
:10F97000E346E8F705FD40420024CBF80040CAF812
:10F980000040C9F80000404625210022F2F76CFC37
:10F9900012A8E4F7BDF801A8E4F7BAF823B0BDE86F
:10F9A000F08F00BF47F66506C0F60306284613969B
:10F9B0009946BA46E346E8F78DFC4042CDE91A0085
:10F9C000002428461C940296E8F784FCD5E700BF83
:10F9D00044F25D40C0F6030002900020FF24E3469D
:10F9E000BA469946C9E700BF47F66D06C0F603065A
:10F9F000284613969946BA46E346E8F7C1FC4042CA
:10FA0000CDE91A00002428461C940296E8F7B8FCB9
:10FA1000B3E7000010B50C4691F874100020206781
:10FA200001F0FC0084F8740020464FF44071FAF7AE
:10FA30007DFB20461021FAF779FB0020E8F736FC21
:10FA40001E2815DB0020E8F731FC502101EBC00037
:10FA500046F26761C6F2666150FB01F0811101EB6D
:10FA6000D07001B22046BDE81040FEF7EDBA00BFED
:10FA7000012001B22046BDE81040FEF7E5BA0000C3
:10FA80002DE9F04FB3B042F6D456C0F60406304626
:10FA90000D46FBF7BDF8012840F0B3802846F2F789
:10FAA000C7FB07462846F2F7DBFB0446E5F752FAA8
:10FAB000811EB1FA81F14909012818BF4800791E59
:10FAC000282900F29E80DFE811F067009F002900DE
:10FAD0009C009C009C009C0029009C009C009C00B9
:10FAE0009C001B0155009C009C007B009C00D500E5
:10FAF0009C0035019C009C009C009C009C009C008C
:10FB00009C009C009C009C009C009C009C009C0015
:10FB10009C009C009C009C009C002F0194F87400A9
:10FB200000F0FE0084F87400002020672046FCF7F7
:10FB300029FD2046FBF786F90546F3F73FFC06460C
:10FB4000F5F70AF9F5F754F904285AD1002E58D0E0
:10FB50002046E5F7FFF9022840F02A8194F8740066
:10FB6000810700F12F8240F0020084F8740033B066
:10FB7000BDE8F08FF5F7F0F8F5F73AF9042818BF6B
:10FB800002283ED194F8740000F0FD0084F874005F
:10FB900033B0BDE8F08F00BF05462046FCF7F2FC0D
:10FBA00094F87400012D40F0010084F8740000F214
:10FBB000078104F12400206733B0BDE8F08F00BF57
:10FBC00080462846F2F74AFBA1680546002914BF83
:10FBD000888A0020A16EE26E06B211AF11911292D6
:10FBE000384631463246E4F789FD29683846002216
:10FBF000D8F76EFE0028287108BFB8F1020F00F098
:10FC0000CD8133B0BDE8F08F206F0028F9D0F5F733
:10FC1000A3F80646F5F7ECF80128F2D111AD30460D
:10FC20002946F5F7B3F8D4E90A01A1EB000820460C
:10FC3000FCF7F0F806462046FBF70AF9864280F208
:10FC40002782204600211022FBF738FF0546204678
:10FC500000211122FBF732FF06462046FBF7F8F899
:10FC6000721931B2871ABDF94600B4F91A20081A80
:10FC7000104434E220464FF440311222FBF71EFFBD
:10FC8000029020464FF440311322FBF717FF0190FA
:10FC900020464FF440311022FBF710FF0646204665
:10FCA0004FF440311122FBF709FF834620464FF401
:10FCB00040316D22FBF702FF824620464FF440316F
:10FCC0006922FBF7FBFE074620464FF440316A22CB
:10FCD000FBF7F4FE80462046FCF79CF83F0400EB5F
:10FCE000E7392046FBF7B4F84FEA084100EBE13072
:10FCF000814580F2AD802046FF13FCF78BF8ABE026
:10FD00002846F2F7ABFA007800F0FD01112940F027
:10FD1000CD8094F87400800700F176812046E5F7E5
:10FD200031F9411CD0E000BF204633B0BDE8F04FB0
:10FD3000FDF77CBD2846F2F793FA07462846F2F70E
:10FD40007DFA82463846002116220025FBF7B6FED2
:10FD500004463846FCF75EF881463846FBF778F8EB
:10FD600097F85C10834601F00301012908D1B86AB5
:10FD70000025B0F1FF3F03DCF86A0028C8BF012569
:10FD8000D945E4B238460194C0F2A480FBF760F88C
:10FD9000029025B1786AB0F1FF3F40F3DB81382053
:10FDA000012C08BF3420385AADF8C4009EE000BFD3
:10FDB0002846002133B0BDE8F04FF3F7D5BB00BFB4
:10FDC000F4F7CAFF11A9F4F7E1FF2046FCF722F887
:10FDD00005462046FBF73CF8064620460021162241
:10FDE000FBF76CFEB54280F2F980BDF94600B4F92C
:10FDF0006A108842FFF6DDAEB4F96620904200F347
:10FE0000A281B4F96230D21A02EBD2721B1A03EB50
:10FE10006202B4F96E30081A5B1A03EBD373002A3E
:10FE200048BF524200EB6300002848BF4042000434
:10FE3000B0EB024FC0F2BF8194F8741004F13000AF
:10FE4000206741F0020084F8740033B0BDE8F08F01
:10FE50002046CF13FAF7FCFF019A029B12B21BB2A5
:10FE60000FFA8BF136B23844C0039342C8BF1A462A
:10FE700010FB2AF7B142C8BF0E4620464FF440316E
:10FE8000B242C8BF1646F9F7F5FF304400EB172021
:10FE9000023004B22846F2F7E1F9B0F90010A142AD
:10FEA000C8BF0C46048033B0BDE8F08F142818BFDB
:10FEB00012287FF4A6AE94F87400800700F1D88071
:10FEC0002046E5F75FF8411E20460122E5F786F857
:10FED000D6E000BFFBF79EFF029025B1786AB0F133
:10FEE000FF3F40F33B81F88EADF8C60023AD002400
:10FEF00028464FF00008D945A8BF0124EAF7E4FEE0
:10FF000038464FF440312A46FCF7C6F9029A31A927
:10FF10003846234604F0A4FC319832993C4644F814
:10FF2000680FF96611A85146FAF738FA4FF44030D5
:10FF3000CDE91E083846CDE91268CDE91445E5F74C
:10FF400009F8022820D123AE03A831463822F7F75A
:10FF50004FFF11AD38461A212A46F2F785F950466F
:10FF600031462246EAF796FE38461B212A46F2F72A
:10FF70007BF9D9454EDB01993420012908BF38208F
:10FF8000385AADF8C40048E011AD38461A212A4667
:10FF9000F2F76AF923A950465FE000BF206E616E58
:10FFA00011AC11901291204631463246E4F7A6FB7F
:10FFB000296820460022D8F78BFC287133B0BDE8B1
:10FFC000F08F00BF00F0FD022846002184F8742065
:10FFD00033B0BDE8F04FF3F7C7BA00BFC1B2BDF907
:10FFE0004400012940F0A680B4F968209042FFF651
:10FFF000E0ADB4F96430984200F3A580B4F86070C5
:020000040803EF
:10000000B4F86C10BCE000BF2046E4F7A9FF411C27
:1000100032E000BF788FADF8C6000023D945A8BFF5
:100020000123029A31A9384604F01AFC319832991A
:100030003C4644F8600F796603A930463822F7F74A
:10004000D7FE012013A911AD51C11F9038461A21C6
:100050002A46F2F709F9504631462246EAF71AFED7
:1000600038461B212A46F2F7FFF833B0BDE8F08F7F
:100070002046E4F775FF411E20460122E4F78AFF7F
:1000800020461C21002233B0BDE8F04FF2F7ECB857
:10009000204600211222FBF711FD064620460021D2
:1000A0001322FBF70BFD81462046FBF7B3FE09EB5D
:1000B0000601471A204600211622FBF7FFFCC0B2BA
:1000C0000128284612BF04F114004E4604F1180519
:1000D000B5F90010B0F9000000FA86F0081AB9B2BC
:1000E00000FB08F007EBD1313AB209B2302700EB40
:1000F000610090FBF2F1A26A206F531804F1300204
:100100002C21904208BF282708BF2421E7596158B5
:100110008B42B8BF194603688F42C8BF39468B422D
:100120003FF46FAD90421BD020460122E4F756FF0A
:100130001AE000BFB4F96C1088423FF73AADB4F949
:100140006070B84218DA04F13000206733B0BDE8BF
:10015000F08F00BFB88EADF8C400C7E6788FC3E655
:1001600020460122E4F716FF20461C210022F2F768
:100170007BF833B0BDE8F08FB4F86430B4F8682091
:100180003FB21BB212B209B2DB1B03EBD373891A65
:100190003F1A01EBD17107EB6303101A00EB61000A
:1001A000002B48BF5B42002848BF40420004B0EB30
:1001B000034FBFF641AE94F8741004F12400206799
:1001C00001F0FD0084F8740033B0BDE8F08F00004A
:1001D00081B080B583B094460A4601464AF6AD60C8
:1001E00005930DF1140EC0F600006346CDF808E04B
:1001F000CDF800E0DAF760FE03B0BDE8804001B062
:100200007047000010B50C46002048F29F626066FF
:1002100047F66110C0F20102CFF6FE70C4E91A2061
:1002200094F87500052100F0F800043084F874108B
:10023000012184F875002046216702F0D3FA204698
:10024000012102F00BFA2046BDE8104000F094B9FD
:10025000D0E91B1C426EA2EB0C038B420ADA8A42E5
:1002600005D190F8752012F0010218BF816E416629
:1002700000F082B919469444002B48BFCCF100012C
:10028000002AD8BF1946416600F076B970B542F62B
:10029000F050C0F604000D46FAF7BAFC012840F011
:1002A00010812846F1F7C4FF06462846F1F7D8FF2B
:1002B0000D2E044632D0082E40F00381F4F74CFD99
:1002C000F4F796FD042851D12046FAF7BBFDF3F769
:1002D00075F8002800F0F58094F8740000F00F0025
:1002E0000228C0F0EE8094F87510256F01F0060129
:1002F000042940F0E780022DC0F2F4804CF6CD4096
:10030000CCF6CC40A5FB00010122092D88BFCA080C
:1003100020462267BDE8704000F02EB9F4F71CFDBE
:10032000F4F766FD06462846F1F798FF0068113895
:10033000032888BF70BDDFE800F0033F273700BF08
:10034000D4E91901236F1A188A4240F39380884236
:1003500040F0978094F8750010F0010018BFE16E2E
:1003600020466166BDE8704000F006B9204602F004
:1003700069F90546D0F709F8616C6A5C2E2A0BD141
:10038000204601F0FDFD43E0042E29D12046BDE8C2
:10039000704000F0BFB800BF814233D1411E2046FB
:1003A00002F066F934E000BF042E40F0958020464C
:1003B000BDE87040FFF74CBFD4E91B13606EC21A52
:1003C0008A4265DA88425CD194F8750010F0010029
:1003D00018BFA16E20466166BDE8704000F0CCB841
:1003E000206F4CF6CD41CCF6CC41A0FB011201218F
:1003F0000928C8BFD10820462167BDE8704000F039
:10040000BBB800BF21B9E06EB0F1FF3F40F37E8082
:10041000616C94F874000B46B1EB101F88BF013B70
:1004200000F00F02102838BF0B4698B2E16EC343AC
:10043000002948BF434299184FF00100206740D07F
:10044000002242F2107300BF42F00106B6B2B14280
:100450002CD942F00206B6B2B1422BD942F00306C3
:10046000B6B2B14228D9043296B200FB03F0B142D1
:10047000EAD825E01146002AC8BF191A002858BF3B
:10048000114620466166BDE8704000F075B800BFB7
:1004900011460344002A48BF59420028D8BF1146DC
:1004A00020466166BDE8704000F066B800EB800051
:1004B000400005E0642101E04FF47A7100FB01F097
:1004C000206770BD421E0A200021EE17FEF740FB98
:1004D000281A76EB010011DA2046BDE8704000F0E2
:1004E00039B800BF821E0A200021FEF731FB014609
:1004F00020462167BDE8704000F02CB8012120465D
:100500002167BDE8704000F037B800BF20460121E8
:1005100046E70000D0E91921D0F870C00CEB0203C7
:100520008B420BDD8A4205D190F8752012F0010252
:1005300018BFC16E416600F01FB800BF1946002BFE
:10054000C8BFACEB0201002A58BF1946416600F053
:1005500013B80000D0E91A21036F03EB83030029CD
:1005600048BF49428A42C8BF11465A008A42D8BF92
:10057000026700F001B800002DE9F04F8BB00DF1DB
:100580001A0A044650461221F8F72CF8E06E636E02
:10059000B0F1FF3F02DDFF200AE000BF2D20B3F1E4
:1005A000FF3FC8BF2B208DF81A000AF1010A002076
:1005B0000DF10C0B019087A258460E21002B48BF6D
:1005C0005B42FFF705FE94F87490584609F00F055A
:1005D000CFF7DBFE291A012900953ADB82B2013000
:1005E00010F0030018D01BF8023057180BF8073032
:1005F0000128A2F1010310D01BF803700B440BF883
:1006000003700228A2F1020307D01BF803000B4479
:100610000BF80300D31E00E01346032A15D30BEB9F
:1006200003005A1C03784718435410F8013C043A5D
:1006300007F8013C10F8023C07F8023C10F8033CB4
:10064000A0F1040007F8033CECD103A83022CFF757
:1006500062FEB9F1100FC846029428BF4FEA18187D
:10066000B8F1000F30D0C8F10002002051461BF84D
:1006700000400AEB0003002C00F08C801618771C59
:100680000AF8004000F088800BEB00046778002F28
:1006900000F08680B51C5F7000F08880A778002F7E
:1006A00000F0888003369F7000F08A80E778002F82
:1006B00000F08A800430DF70131801F10401D6D1F4
:1006C0008244404601E000BF0020B9F1100F27D35B
:1006D000009A2E2190428AF8001021D2009A00261A
:1006E000111AA0EB020CA1F1010E5844825DBAB1BF
:1006F0000AEB0604B645627012D0821957787FB1B2
:100700000CEB06039D1CA7700AD0977847B1033302
:10071000E77005D0D2781AB10436B1422271E5D122
:10072000029C0DF11A01204602F02CF9216F94F879
:1007300074000A2900F00F001FDB41F2597348F2E0
:100740009F6642F21072CDF2B713C0F2010600BFED
:1007500064290DD3B1F57A7F0CD391420CD3A1FB60
:100760000375B1424FEA5531A0F10400F0D804E01E
:10077000013802E0023800E00338019AC1B21044A7
:10078000414588BF0130C1B2204601F071FF0BB076
:10079000BDE8F08F9A4698E701F1010A404694E7D8
:1007A00040F0010003F1010A8FE700BF03F1020AE4
:1007B00040468AE701F1020A40F0020085E700BFE7
:1007C00001F1030A404680E740F0030003F1030A09
:1007D0007BE700BF25640000B0B592B00C46084628
:1007E0000221F9F7A3FC01AD2846E3F70FF940F227
:1007F0003C21C2F20001D1E900124BF6F120C0F613
:10080000000002904FF6FF70ADF8440002F5B4709E
:100810000B90284601940C91CDE90922E3F778F971
:1008200043F64520C0F6010008900020CDE90900FC
:100830004FF4B4700B904BF6F920C0F60000029014
:100840002846E3F765F9204600214FF4B472E3F738
:10085000A9FD20464FF48771E3F79AFE12B0B0BDB0
:100860002DE9F04381B0868890F807E04FF6FF77D6
:10087000BE4219D0BEF1000F4BD0BEF1010F4DD1D9
:1008800033466FF39F338B4243D133B2002B00F1D9
:10089000AD80B6F5804F80F0AD800068106001201B
:1008A00001B0BDE8F08300BFBEF1000F31D06FF0A2
:1008B000170303EBCE086FF0070303EBCE056FF0D1
:1008C0000F0300684FEACE0C03EBCE0E0024075B4B
:1008D0003B466FF39F338B4256D0A54219D0061981
:1008E00037893B466FF39F338B4253D0A64510D0D8
:1008F000378A3B466FF39F338B4251D0A04508D0D7
:10090000378B3B466FF39F338B4251D02034A44545
:10091000DDD1002001B0BDE8F08300BFD0F800C0F9
:10092000CEF100080CEB8E04AEF10109A61D0023E8
:1009300036F8060C05466FF39F358D4249D0994530
:10094000E7D004EB4305688807466FF39F378F4273
:100950002CD008EB0307B81CDBD0A88805466FF342
:100960009F358D4232D0F81CD3D0308805466FF3C6
:100970009F358D422CD0043308369E454FF0000041
:10098000D6D101B0BDE8F08320443BB2002B14D592
:100990002CE000BF06F108003BB2002B0DD525E08E
:1009A00006F110003BB2002B07D51FE0013310E029
:1009B00006F118003BB2002B18D4B7F5804F19D2BE
:1009C00040681060012001B0BDE8F083023300E010
:1009D000033307B2002F09D4B0F5804F0AD25CF878
:1009E00023001060012001B0BDE8F083022001B0B7
:1009F000BDE8F0830846144600F010F82246106067
:100A0000012001B0BDE8F0830821F7F7EBBD00003D
:100A1000C079B0FA80F0400970470000C11E6A2911
:100A200000F240800FF20C0000EB81024FF4807066
:100A3000DFE801F03A38383A38383838383838385A
:100A40003838383838383838383838383838383826
:100A50003840383838383638383836383838383812
:100A6000383836383E383838363838383838383804
:100A700038383838383836363838383838383836FC
:100A800038383838363838364438383838383838DE
:100A90003836363838383838383838383838390011
:100AA000FF2070470020704741F6FF70704700BF7D
:100AB0000F2070474FF6FF70704700BF42F6B81026
:100AC000C0F6040070470000F0B581B040F2842603
:100AD000C2F20006316840F28205C2F2000599B107
:100AE0002A88531C13F4404F30D140F23453C2F2E1
:100AF00000031B68A2F16F07BB421DD2503A32F0CF
:100B00001F040AD1FEE700BF40F23452C2F20002D5
:100B100000231360702220242A80074608462146BD
:100B2000F7F724F990B10146306040F23450C2F238
:100B300000002A8804603846013211FA82F12A80C6
:100B400001F8710C90B201B0F0BD00BF002290B26C
:100B500001B0F0BD82884FF6FF739A420ED0C37980
:100B600063B1012B0CD16FF39F328A424FF0000228
:100B700002D18280C2710122104670470020704766
:100B80002DE9F047D0F800904FEA830809EB830E77
:100B9000C3F1000C0EF10604A3F1010A002634F89B
:100BA000062C6FF39F328A425DD0B24554D00EEBD3
:100BB000460255886FF39F358D4217D00CEB060522
:100BC000AF1C43D092886FF39F328A424AD0EA1C0E
:100BD0003CD022886FF39F328A4207D00436083413
:100BE000B3424FF00002DAD137E000BF0126022BFA
:100BF0003BD0044603EB43000D466FF0050101EBCB
:100C00004000F6F78BFE08B3E2792146571EFAB290
:100C100000EB820C2060E77109EB0803002600243A
:100C200005E000BFFAB2964206F101062BD233F876
:100C30001620AA42F6D059F8262040F8242033F88E
:100C40001620CF792CF814200134EBE70022BDE800
:100C5000F0471046704700BF0022BDE8F04710463D
:100C6000704700BF0126022BC3D10121002E08BF0F
:100C70000EF1020EBEF80020C1714946828008BF05
:100C80000431096801604846F7F746F80122BDE8DB
:100C9000F04710467047000081884FF6FF7291427E
:100CA00008BF7047C179022908D310B5016804460E
:100CB0000846F7F731F82046BDE810400821F7F75D
:100CC00091BC00000A46652100F078B88AB2522132
:100CD00000F074B80A46512100F070B80A4650215D
:100CE00000F06CB88AB2202100F068B88AB22221E4
:100CF00000F064B80A46282100F060B80A462121B5
:100D000000F05CB88AB2302100F058B80A463121B0
:100D100000F054B80A46342100F050B80A46332196
:100D200000F04CB80A46322100F048B80A461721B4
:100D300000F044B80A46622100F040B80A46632138
:100D400000F03CB80A46042100F038B88AB24D21C0
:100D500000F034B80A46492100F030B80A460621AE
:100D600000F02CB80A46032100F028B88AB23621D8
:100D700000F024B80A46372100F020B80A4638218E
:100D800000F01CB80A46352100F018B80A461121B7
:100D900000F014B80A46152100F010B80A461221D6
:100DA00000F00CB80A46132100F008B80A461421D6
:100DB00000F004B80A461021AFF300802DE9F0439B
:100DC00081B0064636F8045F4FF6FF739D4200F08F
:100DD000E980C3798E46022B6FF39F3E34D3D0F85F
:100DE00000C003EB43050CEB83040CEB4506043E0B
:100DF000012B35DB77886FF39F37774500F08880CC
:100E0000012B2DD037886FF39F37774500F088800E
:100E1000032B25D336F8027C6FF39F37774500F01C
:100E20008780032B1CD036F8047C043B6FF39F377C
:100E30007745A6F10806DBD124F813104CF82320DF
:100E400001B0BDE8F08300BF012B43D16FF39F35A4
:100E5000754543D18180026001B0BDE8F08300BFD9
:100E6000062303EB4503044660460D461946164625
:100E7000F6F77CFF8046002800F0948094F80790F5
:100E8000294632462046B9F1000FC4F800806ED0E2
:100E900019F0030E54D008EB8905A9F1010635F8C5
:100EA000163005F1020CBEF1010F2CF8193048D0B4
:100EB000A9F1020635F81630BEF1020F25F81930F7
:100EC0003FD0A9F1030335F813502CF816501E46F5
:100ED00037E000BF0123C371034656E004460C20EF
:100EE00015460E46F6F71AFD034600285AD0E77954
:100EF00031460137E771FFB22A46256803EB8706C2
:100F0000A7882046236026F8027B43F8045B3CE078
:100F1000013B24F813104CF8232001B0BDE8F08306
:100F2000023B24F813104CF8232001B0BDE8F083F5
:100F3000033B24F813104CF8232001B0BDE8F083E4
:100F40004E46B9F1040F12D34FEA890303EB46036F
:100F5000013643441D4600BF55F8084D53F8047C44
:100F6000043E1F6043F8044C012E2B46F4D809F1CF
:100F70000107FBB24FF0FF3608EB830356FA87F503
:100F8000C77103EB450608EB85033180C1F30411FB
:100F90001A60072928BF07210122837902FA01F18B
:100FA0001943817101B0BDE8F08300000A460B21AE
:100FB000FFF704BF8AB24421FFF700BF0A4642216F
:100FC000FFF7FCBE0A464521FFF7F8BE0A4643215B
:100FD000FFF7F4BE0A464021FFF7F0BE0A465B2148
:100FE000FFF7ECBE8AB25521FFF7E8BE0A4657214B
:100FF000FFF7E4BE0A465921FFF7E0BE0A466A2120
:10100000FFF7DCBE0A466921FFF7D8BE0A46672112
:10101000FFF7D4BE0A460121FFF7D0BE2DE9F04309
:1010200081B00E46DDE9089814211C461546074696
:10103000F7F7D8FA43F6B920C0F6010007F1080126
:10104000002D18BF2846C7E9006881E8110201B0E9
:10105000BDE8F0834162FBF795BA000000684FF0ED
:10106000FF314162FBF78EBA10B54FF0FF300C46EE
:10107000486208461021F9F759F820460821F8F788
:1010800013FA20464FF48061BDE81040F8F70CBA1F
:1010900008460021E2F794BB2DE9F04FA5B042F6D7
:1010A0002860C0F604000E46F9F7B2FD012840F0B2
:1010B00041813046F1F7BCF805463046F1F7D0F8EB
:1010C0001C2D044600F0A080152D47D0132D40F0B4
:1010D000318120464FF440311222FAF7EFFC0FFA2B
:1010E00080F820464FF440311322FAF7E7FC07B2AC
:1010F00020464FF440311022FAF7E0FC05B22046BA
:101100004FF440311122FAF7D9FC00B2B845C8BFFC
:101110004746A842C8BF054620464FF44031AF427B
:10112000C8BF3D46F8F7A6FE2844023007B2304655
:10113000F1F794F80546B0F900004FF40031B842D9
:10114000C8BF074620462F80F8F794FE874240F339
:1011500095802888288025B0BDE8F08F3046F1F7CB
:101160007FF805463046F1F769F8814628460021A8
:101170001222FAF7A3FC8046284600211322FAF730
:101180009DFC0746284600211022FAF797FC0446EA
:10119000284600211122FAF791FCA98A2B8BEA8AB2
:1011A0006E8B4144ADF88C10D91BADF8901011191D
:1011B000301A02ACADF892002046ADF88E10E9F777
:1011C00083FD28464FF400312246FBF765F823AA39
:1011D00048462146CDF80490E9F75CFD2846F9F72A
:1011E00037FE0646A88A298B3218686A891A421C7B
:1011F00001F101044CD021B200FB01F0C11700EB5A
:10120000116007124CE000BF204600216522FAF76A
:1012100055FC68B305462046FAF712FC666A4FF49F
:10122000807101EA0027701C08BF87F48076F01BEC
:1012300048BF4042002100FB05F0050A2046E2F7C6
:10124000BFFA0DF108084046E2F7E0FB41F2550015
:10125000C0F60300039041F25D00C0F60300059064
:1012600040460294CDE90A660C970D95E2F750FCD2
:101270002046FBF787F925B0BDE8F08F20464FF4F4
:101280000031F8F7F7FD288025B0BDE8F08F00BFEA
:101290002846FAF7D5FB00F00100404200EA0407B7
:1012A000284600211622FAF709FCC0B20128A88AB4
:1012B00008BFE71BB5F816A03C18B5F81A902846E9
:1012C0004FF44031122204EB0608FAF7F7FB83468D
:1012D00028464FF440311322FAF7F0FB0646284621
:1012E0004FF440311022FAF7E9FB074628464FF445
:1012F00040311122FAF7E2FBA4EB0B01ADF88410A8
:1013000008EB0601484413ACADF88810AAEB0701BE
:10131000ADF88A002046ADF88610E9F7D5FC2846DE
:101320004FF440312246FAF7B7FF019821AA21462F
:10133000E9F7B0FC25B0BDE8F08F000010B54FF024
:101340000110486202200C46F6F7E8FAE18C2063AF
:101350004800F6F7E3FA216B82220A800280E18CD2
:10136000A28CE06201FB02F1A06A8900F6F7FEFCA4
:101370000021A062016010BDF0B581B00C46898CDF
:10138000E28C02FB01F018B30025002700260CE0D8
:10139000F6F7C2FCA06AA18CE28C40F82750013617
:1013A000B7B202FB01F0B84212D9A06A50F8270088
:1013B0000028F4D041680029EAD00846F6F7ACFCD2
:1013C000A06A50F827004560A06A50F82700DFE7C0
:1013D000A06A002818BFF6F79FFCE06A002818BF33
:1013E000F6F79AFC206B002804BF01B0F0BD01B0F5
:1013F000BDE8F040F6F790BC2DE9F04381B042F62D
:101400004460C0F604000D46F9F702FC012840F0E4
:10141000DB802846F0F70CFF06462846F0F720FF51
:101420002C2E814608D02A2E1CD1484601B0BDE89A
:10143000F04305F019BE00BF28464FF6FF78F0F7DD
:101440000DFFB9F824204FF6FF71002A00F08680C6
:10145000D9F830C0042A02F003015DD20023002530
:101460006DE000BF701E012822D8F3F775FCF3F77A
:10147000BFFC00F0FD00012840F0A680F3F76CFCF3
:101480006946F3F783FCBDF800404846F9F7F2FEE1
:101490000519484600211622FAF710FBC0B20128B0
:1014A00040F096802C46B9F81850132293E000BF04
:1014B000A6F108000D2800F28780DFE810F00F0089
:1014C0008500850085008500CD005D0185008500D3
:1014D0008500850085008500F50000BF48464FF671
:1014E000FF75FBF74FF8F3F737FCF3F775FCB9F826
:1014F0003410A94240F04681F3F72EFCF3F778FC54
:1015000000F0FD0001285FD1A9F83450A9F8365049
:1015100001B0BDE8F08300BF22F00302ACF1080483
:101520000023002534F8087F04332F449A4265884D
:10153000A6882F443744E68806EB0705F2D161B14F
:101540003CF813200129154407D00CEB4302022973
:1015500053881D441CBF91880D44691EB9F826505C
:101560007DB3D9F82CC0042D05F0030E02D200265D
:10157000002512E025F00304ACF108070026002541
:1015800037F8083F04362B44B4427D88BA882B4490
:101590001A44FB8803EB0205F2D1BEF1000F0ED016
:1015A0003CF81620BEF1010F154408D00CEB4603A1
:1015B000BEF1020F5A8815441CBF9A881544A5F144
:1015C00001080180A0F8028001B0BDE8F08300BFEF
:1015D000B9F81440122248460021FAF76FFAB9F818
:1015E0002480B8F1000F08D02044D9F83010281A10
:1015F00002B2B1F9000090425CDD4FF00008BDF886
:1016000002404846F9F73EFEB9F8166005464846DE
:1016100000211022FAF752FAB9F8261049B12A1916
:101620003044101AD9F82C2003B2B2F900009842C5
:101630006EDD0021B9F83400404503D1B9F8360019
:101640008842C1D04846A9F83480A9F83610FAF784
:1016500099FF01B0BDE8F0832846F0F7FFFDB9F827
:1016600034104FF6FF73994200F08080B9F83620AD
:101670009A4200F07B80B9F824500768B9F82660D8
:10168000A9424FF000034FF0000038BF0B46B242B2
:1016900038BF1046A7F11104032C95D8DFE804F0F9
:1016A000028C888A013888E0284601B0BDE8F04302
:1016B000DDF796B886B2C8F1000300201C18671C3D
:1016C0009DD001EB40056F8807FA86F637B2974246
:1016D0006ADCA71C3FF493AFAF8807FA86F637B2EF
:1016E000974200F39980E71C3FF489AFEF8807FA2F
:1016F00086F637B2974200F39380271D3FF47FAF01
:101700002F89043007FA86F637B29742D6DD88E093
:1017100085B2C1F1000C00200CEB0006771C3FF4F1
:1017200089AF02EB4004678807FA85F52FB29F4224
:101730003CDCB71C3FF47EAFA78807FA85F52FB2D3
:101740009F426BDCF71C3FF475AFE78807FA85F51D
:101750002FB29F4268DC371D3FF46CAF27890430FD
:1017600007FA85F52FB29F42D6DD5EE00020C9F86A
:101770003400484605F05CFF484601B0BDE8F04340
:10178000FAF700BFB9F83610A9423FF4B5AE002809
:101790007FF4B2AE48461C210022F0F765FD012817
:1017A0003FF4AAAE10E700BF01303AE001303CE060
:1017B000013302E0013B00E00130AB420ADAB3F151
:1017C000FF3F0DDC002819BF6B1E013800230020ED
:1017D00006E000BF731E9842AEBF6B1E01300023AF
:1017E000751EB042B8BF20EAE0758B4208BF954233
:1017F0003FF4EAAE4846A9F83430A9F83650FAF773
:10180000C1FE484605F014FF48461C21002201B0E5
:10181000BDE8F043F0F728BD023002E0023004E0FA
:1018200003301FFA80F8EAE6033081B202E70000D5
:10183000F0B581B040F24427C2F200073A780C4676
:10184000501EC0B2072881F82C2008D88B21C14037
:10185000C90704D047A1095C2046FCF71FFC2046BD
:1018600042F2640142F26402FCF778FD2046E3F79D
:10187000DFFC06462046F8F7E5FC05463046012128
:10188000E4F764FB0420F6F749F843F29251C0F6FE
:10189000040160620160616A3046E4F70FFA4BF6BA
:1018A000E571C0F6000130461C220023F7F7B6FDB3
:1018B00030464FF48041F7F7F7FD4CF26571C0F602
:1018C0000001284600220023F7F7A8FD2846002142
:1018D000FCF72CFD94F82C00411E022910D3082897
:1018E00018BF04281CD1B7F90220304642F2640127
:1018F000FCF734FD284642F26401FCF761FF0BE07F
:10190000B7F90210304642F26402FCF727FD284680
:1019100042F26401FCF7E6FB28460121FCF7D0FB0C
:10192000F1F746FD00281CBF3146F1F7D7FB94F8CC
:101930002C0010F00C0F09D028460021FCF7AEFB5C
:1019400028460321FCF7D2FC08E000BF284601210D
:10195000FCF7A4FB28460321FCF7D8FC284680218D
:10196000F7F7A2FD28464FF4806101B0BDE8F040D2
:10197000F8F7DCBB000801010101010970B591F81D
:101980002C000C4610F00C0F12D0218D81B10025D7
:10199000002600BF606A50F82600F6F7BDF9606ABD
:1019A00040F82650208D01368642F3D394F82C005F
:1019B00080070FD0208D68B100250026606A50F89E
:1019C0003600F6F7A9F9606A40F83650208D0136E6
:1019D0008642F3D3606AF6F79FF90020606270BD1B
:1019E000B0B542F66060C0F604000C46F9F710F995
:1019F000012818BFB0BD2046F0F71AFC0546204666
:101A0000F0F72EFC292D05D1418D0022BDE8B04014
:101A100000F002B8B0BD00002DE9F04381B00446EB
:101A2000408CC0044DD4208D0D46814228BF451EF8
:101A300020469146FCF74CFF20460121F9F708F9B2
:101A400000283ED0074694F82C0010F00C0F1DD053
:101A5000384600211522FAF731F880463846F9F762
:101A600079F90646204600211622FAF727F818FAD7
:101A700086F1C2B201FB05F0012A08BF404201B263
:101A800038464A46FCF78AFA11E000BF3846002182
:101A90001422FAF713F806463846F9F73FF93044AE
:101AA00000FB05F04A4601B23846FCF791FA2046A1
:101AB0000021F9F7CDF8A9B24FF48072E4F72AF8C3
:101AC000658501B0BDE8F083F0B595B0044690F8A7
:101AD00060000391000705D50A2918BF0D2901D11F
:101AE00015B0F0BD4EF294750020C2F200050191D0
:101AF0000290286001AA20461D21F0F7B5FB2D6851
:101B000075B128780028EBD001A92846CEF744FC0F
:101B100030B12046294600F0ADF815B0F0BD00BF49
:101B200040F26407C2F200073A6803A80021904718
:101B3000A16B0546A9B140F27800C2F2000094F80A
:101B400060100668480707D4606AF4F7C7FDB0471D
:101B5000A16B8842C4D204E0E06AB047A16B88421E
:101B6000BED2606B70B1007860B1002004AE04900A
:101B7000606B0499415C0029B2D03A6831469047C5
:101B8000A842F5D194F86000400744BF204603F016
:101B900079FCA06A40B1606AF4F7A0FD00780028E3
:101BA00004BF2046FAF7EEFC606A616C01AAF4F704
:101BB0009BFD606AF4F796FD4FF6FF75A84204D1CD
:101BC000606AF4F78DFDA84209D0606A4FF6FF7194
:101BD000F5F710FB606A4FF6FF71F5F707FB94F815
:101BE0006000400739D5E56A2846CEF7CEFB0646A9
:101BF00001A8CEF7CAFB3044411C2846F6F7B6F8D8
:101C0000E06228B3616C01AAD8F752FFA08F08B335
:101C100004AD2846E1F7FAFE45F22D50C0F6030068
:101C20000590A08F04940F900020CDE90C000120B6
:101C30000E9043F6E520C0F601000B9045F23150BE
:101C4000C0F6030007902846E1F762FF05E000BFF9
:101C5000FEE700BF204603F015FC606C411C2046E7
:101C600000F006FD20461C210022F0F7FDFA15B019
:101C7000F0BD00002DE9F04192B04EF294770E468F
:101C80000446C2F200074FF0000800BF002E00F02B
:101C9000818094F860003546400744BF204603F039
:101CA000F1FB606B002879D1A06B002876D120462B
:101CB0001D212A46C7F80080F0F7D6FA3E684EB1DB
:101CC0003078002800F0878030462946CEF764FB44
:101CD0000028DBD1A06A40B1606AF4F7FFFC00780D
:101CE000002804BF2046FAF74DFC606A616C2A4662
:101CF000F4F7FAFC606AF4F7F5FC4FF6FF76B042B1
:101D000004D1606AF4F7ECFCB04209D0606A4FF687
:101D1000FF71F5F76FFA606A4FF6FF71F5F766FA33
:101D200094F8600040075CD5E66A3046CEF72DFB9C
:101D300007462846CEF729FB3844411C3046F6F7C3
:101D400015F8E06240B3616C2A46D8F7B1FEA08F67
:101D5000002843D001AE3046E1F758FE45F22D5041
:101D6000C0F603000290A08F01940C900020CDE9F2
:101D7000090001200B9043F6E520C0F60100089011
:101D800045F23150C0F6030004903046E1F7C0FE42
:101D900027E000BFFEE700BFFEE700BF0020019084
:101DA0002878C0B140F2640840F27C07C2F2000813
:101DB00001AEC2F2000700BFD8F800202846314625
:101DC00090473968884701462046FFF77DFE019815
:101DD000285C0028F0D112B0BDE8F081204603F065
:101DE00051FB40F27800C2F200000168666C2846A0
:101DF00088478119204600F03BFC20461C21002228
:101E000012B0BDE8F041F0F72FBA00002DE9F04123
:101E100092B091F854000C4691F8601040F0030025
:101E200084F8540001F0F100002740F2DC524FF03A
:101E3000010884F860002046A287C4F84480A4F812
:101E40004070C4E90977C4E90B77C4E90D77F3F76B
:101E50001BFF42F264016062FCF7B2FC606A43F26D
:101E60009251C0F60401F5F755F9606A43F24161F9
:101E7000C0F6010100220023F7F7D0FA20464FF404
:101E80008061F7F711FB2046002100F0F1FB2046AE
:101E90004FF4E0216522F9F711FEF8B101AE0546D5
:101EA0003046E1F7B3FD4CF63920C0F60000029051
:101EB00043F6E520C0F6010008904FF6FF70ADF83C
:101EC0004400304601940F95CDE90988CDE90B75A2
:101ED000E1F71EFE12B0BDE8F08100BF4CF63921DB
:101EE000C0F600012046E1F76BFC94F8540040F086
:101EF000010084F8540012B0BDE8F08110B501462D
:101F000042F67C60C0F60400F8F740F80446F8F7A3
:101F1000CFF8204610BD0000B0B582B00446406A3C
:101F2000616C01AAF4F7BEFA204600215922F9F7A4
:101F3000C5FD0546204600215722F9F7BFFD00895F
:101F4000BDF8061028440844013005B2ADF806007B
:101F5000B4F84010606AADF80410F8F779FF8542D4
:101F60000BDA606A01A9F4F747F9B4F8405001466A
:101F7000204600F07DFBA4F8405002B0B0BD000048
:101F8000416C002914BF0139704700F071BB00009B
:101F9000416C013100F06CBB70B582B00446406A00
:101FA000616C01AD2A46F4F77DFA204600215922E2
:101FB000F9F784FD0646204600215722F9F77EFDF9
:101FC0000089BDF806103044081A0130B4F84010FA
:101FD000ADF80600606AADF804102946F4F70CF974
:101FE000B4F840500146204600F042FBA4F84050AF
:101FF00002B070BDB0B582B00446406C00286BD012
:102000007F204EF29475ADF80600C2F20005002064
:1020100028600DF1060220461D21F0F725F92D68F4
:1020200075B12878002857D00DF106012846CEF763
:10203000B3F928B120462946FFF71CFE02B0B0BD17
:10204000606AF4F74BFB616C012201390546D8F751
:1020500055FA606A2946F5F75DF8606AF4F742FBC5
:102060004FF6FF75A84204D1606AF4F739FBA84225
:1020700009D0606A4FF6FF71F5F7BCF8606A4FF659
:10208000FF71F5F7B3F8A06A40B1606AF4F726FB78
:102090000078002804BF2046FAF774FA94F860002C
:1020A00040070FD5616CE06A01390122D8F726FAA2
:1020B000E56A2846CEF769F9411C2846F5F756FE31
:1020C000E06258B1606C411E204600F0D1FA204613
:1020D0001C210022F0F7C8F802B0B0BDFEE70000F6
:1020E000B0B5456C0446691C00F0C2FA616C8D42C3
:1020F00008BFB0BD2046BDE8B040FFF77BBF000081
:1021000010B5C86A0C4618B1F5F706FE0020E0626B
:10211000206B18B1F5F700FE00202063A06A0028AC
:1021200008BF10BDF5F7F8FD0020A06210BD00004B
:102130002DE9F0439FB042F67C60C0F604000E46E5
:10214000F8F766FD012840F084813046F0F770F81A
:1021500004463046F0F784F8611E172900F27981B1
:10216000DFE811F0180018001800770177017701F7
:102170007701180077017701770177017A01720002
:102180007701770177017701770177019C0077016B
:102190007701EC00F2F7E0FD002800F05A810546D7
:1021A0003046F0F75DF8044690F85400800740F19F
:1021B00050812846F2F71CFE022800F04A8128468A
:1021C000F2F716FE042800F04481606A01A9F8F7CE
:1021D000DDFD12A92846F2F7D9FD1DA92846F2F720
:1021E0000DFEBDF94800002800F13381BDF94A1009
:1021F000002900F12E81BDF80420801ABDF80620C8
:1022000007B2ADF86800881AADF86A003046F0F7FA
:102210000FF8616A05460846F9F7FCFDD4F82480FA
:10222000002F00F18381874280F28C811AAF4046F3
:102230003946F3F7E1FF616A064608463946F4F786
:102240008DFAB7B281E100BF4FF4E0216522064666
:10225000F9F734FC002800F01B8101AD0446284644
:10226000E1F7D4FB4CF63920C0F6000002900120C3
:10227000CDE9090000200B9043F6E520C0F60100EF
:1022800008904FF6FF70ADF84400284601960C9474
:102290000F94E1F73DFC1FB0BDE8F0833046EFF747
:1022A000DFFF04463046EFF7C9FF616A054608467E
:1022B000F4F714FA0078002840F0CB80A06A0028D8
:1022C00000F0C7800078002800F0C38001AE3046DF
:1022D000E6F77EFF20464FF400213246F9F722FF51
:1022E00094F86000000705D59DF8210040F0020039
:1022F0008DF821002046002112224FF00008F9F746
:10230000DDFB0646204600211022F9F7D7FB0746E1
:10231000204600213222F9F7D1FB6169A3691291AD
:102320008119384409B202B212AE30461393E2F773
:10233000F5F9A36A01A92846324686E03046EFF750
:102340008FFF05463046EFF779FF696A81460846F8
:10235000F4F7C4F995F85410C9077AD001AF0646CE
:102360003846E8F7B1FC28464FF4E0213A46F9F741
:1023700093FF696AB5F848008B8AB5F84A2018447B
:10238000ADF87400C88AB5F84C40B5F84E10024458
:10239000ADF876201A190844ADF87820ADF87A0027
:1023A0001DAA48463946E8F775FC28464FF4E02157
:1023B0003222F9F783FB074628464FF4E021122228
:1023C000F9F77CFBC41928464FF4E0211022F9F7F5
:1023D00075FB0744286D4FF00008064440F260008A
:1023E000C2F2000001683046CDF86C80CDF86880FC
:1023F000884702461AA83146F5F7FAFCBDF8740082
:10240000BDF876102044ADF874003944686AADF820
:10241000761000215522F9F751FB12AF06463846D7
:10242000E6F7D6FE28464FF4E0213A46F9F77AFE61
:102430009DF80700022804D8BDF85400B1B28842C4
:1024400007D012A91DAA1AAB4846CDF80080E6F7BE
:102450005FFB1FB0BDE8F08304463046EFF7FEFE99
:1024600001688A1E122A23D82046DFE802F00B41B9
:10247000545454543B544F54545454545449593361
:10248000290000BF00211FB0BDE8F04300F0F0B804
:102490004CF63921C0F600013046E1F791F996F883
:1024A000540040F0010086F854001FB0BDE8F083EE
:1024B0007F2920462FD11FB0BDE8F043FFF710BEA3
:1024C000416C0029C5D001391FB0BDE8F04300F0D0
:1024D000CFB800BF416C01311FB0BDE8F04300F040
:1024E000C7B800BF1FB0BDE8F043FFF783BD00BF12
:1024F00047F6FF711FB0BDE8F04300F0B9B800BF68
:102500001FB0BDE8F043FFF747BD00BF90F8601073
:1025100009070FD40A211FB0BDE8F043FFF7D4BA72
:102520001FB0BDE8F043FFF7F7BC00BF0027002055
:102530000BE000BF1F2100221FB0BDE8F043EFF702
:1025400093BE00BF002047F6FF7794F860108A071B
:1025500026D501228A431040012808BF012D05D04D
:10256000C80711D0022D0FD1E76519E04FF6FF70B3
:10257000C4E9167041F0010084F8600020464FF471
:102580004071F7F7D3FD10E050B1082D18BF032DAF
:1025900006D120464FF44071F6F786FF94F860109C
:1025A000C80702D1012D7FF454AF2046394600F010
:1025B0005FF894F86000C0073FF44BAFD4E9160110
:1025C00088420BD9D8F83C208A4203D1D8F8402061
:1025D000824220D0C8F83C1018E000BFD8F83C2058
:1025E0000AD2824203D1D8F840208A4213D0C8F8D8
:1025F0003C0008460AE000BF4FF6FF70824203D15C
:10260000D8F84010814206D0C8F83C00C8F8400015
:102610002046F9F7B7FF082D18BF032D7FF419AF37
:1026200094F8600000F0FE0084F860001FB0BDE880
:10263000F0830000406C704790F86000C0F3C00069
:102640007047000090F86010490744BFC06A7047A7
:10265000406AF4F743B800004163704790F8542093
:1026600002F0FD0261F3410280F85420704700003F
:102670002DE9F04192B00446406C884200F0AC80F5
:1026800040F27800C2F200000668606A0D46F4F776
:1026900025F8B047002D48BF054406468542B8BF1F
:1026A0002E4647F6FF718D4208BF064620466664F7
:1026B000FCF70EF9204600215722F9F7FFF9616A6D
:1026C00005466A4608463146F3F7ECFEB5F9086060
:1026D000BDF902502046F8F7C5FD854205DABDF97F
:1026E000021020460122FBF773FC20461FFA86F8F1
:1026F000F8F714FBBDF90210054620468F19F8F7CC
:10270000B1FD381AA84209DDBDF80200A8EB0501A9
:10271000084401B220460122FBF75AFCBDF90050E3
:102720002046F8F7A1FC854205DABDF900102046E5
:102730000122FBF733FC2046F8F70CFBBDF9001033
:10274000054620460E44F8F78FFC301AA84209DDF2
:10275000BDF80000A8EB0501084401B220460122A3
:10276000FBF71CFCBDF800004FF4E021A4F840008A
:1027700020466522F9F7A2F9F0B101AE05463046D0
:10278000E1F744F94CF63920C0F600000290012030
:10279000CDE9090000200B9043F6E520C0F60100CA
:1027A00008904FF6FF70ADF84400304601940C9548
:1027B0000F95E1F7ADF90CE04CF63921C0F60001B8
:1027C0002046E0F7FDFF94F8540040F0010084F843
:1027D0005400204603F0AAFF12B0BDE8F0810000CB
:1027E0008163704710B5044690F86000012300F043
:1027F000080283EAD20291EA020F18BF10BD00F06E
:10280000F702606A61F3C30284F8602081B142F28A
:10281000D171FBF7D5FF606A42F264010022FBF739
:102820008DFF204642F2D171FBF75CFC0EE000BF49
:1028300042F26401FBF7C4FF606A00210022FBF74B
:102840007DFF204604210022FBF718F920460021D5
:1028500000220023BDE81040FBF752BBB0B5044690
:1028600090F86000012300F0040283EA920291EAEA
:10287000020F18BFB0BD00F0FB02606A61F3820274
:1028800084F8602061B3F3F729FF0546CDF77DFD9D
:102890000130F5F743F8E06200B32946CDF78AFD31
:1028A000204602F0EFFD606AF3F71CFF4FF6FF755C
:1028B000A84204D1606AF3F713FFA84209D0606A06
:1028C0004FF6FF71F4F796FC606A4FF6FF71F4F76C
:1028D0008DFC2046BDE8B04003F028BFFEE700BFF6
:1028E000F3F700FF4FF6FF75A84204D1606AF3F7D3
:1028F000F7FEA84209D0606A4FF6FF71F4F77AFC40
:10290000606A4FF6FF71F4F771FC606AE16AF4F7F0
:1029100001FCE06AF5F700FA0020E0622046BDE81D
:10292000B04003F003BF0000F0B581B0C1B1044670
:1029300008460E46CDF729FD0546A06AA5B1691CDB
:10294000F5F714FAA06268B13146CDF733FDA06AFD
:1029500000214155204601B0BDE8F040F9F712BE14
:10296000FEE700BFFEE700BF4FF0000740B1F5F7FC
:10297000D3F9A762204601B0BDE8F040F9F702BEE6
:102980000020DCE72DE9F04192B0002900F09680AC
:102990008046406A0D46F3F7A5FE4FF6FF74A0424D
:1029A00005D1D8F82400F3F79BFEA0420BD0D8F84D
:1029B00024004FF6FF71F4F71DFCD8F824004FF601
:1029C000FF71F4F713FCD8F8340018B9D8F83800C0
:1029D000002877D0D8F8240043F29251C0F60401C1
:1029E000F4F798FB404647F6FF71FFF741FE98F871
:1029F0006000400703D5D8F82C000021017028782A
:102A000000210191B0B140F2640740F27C04C2F2AF
:102A1000000701AEC2F200043A68284631469047EA
:102A20002168884701464046FFF74EF80198285C28
:102A30000028F1D1D8F8280048B1D8F82400F3F7DD
:102A40004DFE0078002804BF4046F9F79BFD98F83A
:102A50006000400749D5D8F82C602846CDF795FC92
:102A6000411C3046F5F782F9C8F82C0040B32946DE
:102A7000CDF7A0FCB8F83C00A0B301AD2846E0F7C4
:102A8000C5FF45F22D50C0F603000290B8F83C0097
:102A9000CDF804800C900020CDE9090001200B90B6
:102AA00043F6E520C0F60100089045F23150C0F62B
:102AB000030004902846E1F72BF816E0FEE700BF7C
:102AC000FEE700BFD8F824002946F4F723FB404670
:102AD00047F6FF71FFF7CCFDD8F828000028ACD1ED
:102AE000B5E700BF404602F0CDFC40461C21002265
:102AF000EFF7BAFB12B0BDE8F0810000B0B50446B4
:102B000020B12046F8F748F902E000BFE5F7C8FB1E
:102B1000E5F72EFC002808BFB0BD4FF6FF72054652
:102B20002046C0F20F020021FAF7E0FF28462146B6
:102B3000BDE8B040D8F7CABF40F27820C2F200002A
:102B4000006840F2D011C2F20001002818BF01F164
:102B5000480070472DE9F04381B040F27827C2F277
:102B6000000791463A6840F2D01498460E46054652
:102B7000C2F200043AB9002020704FF41270F4F74A
:102B8000CDFE3860E060089FE5F78AFBE5F7A2FB21
:102B9000B0F5A07F02DC032109E000BFE5F780FB70
:102BA000E5F798FB0121B0F5347FB8BF02214BF265
:102BB000F120C0F6030061706565A4F85860A4F8C0
:102BC0005A90A064C4E91777C4E9197805F098FB16
:102BD00035B12846E5F7CCFB04F14801884202D123
:102BE0000020FBF72BF8012004F8480B204601B029
:102BF000BDE8F08340F27820C2F2000000680028AF
:102C000018BF01207047000080B518B1F8F7C4F86C
:102C100002E000BFE5F744FBE5F7AAFB00281CBF74
:102C2000008A80BD1120BDE88040FBF79BBE0000FC
:102C300040F25422C2F20002D2F804C0012300BFC5
:102C40001370117849B91370117831B91370117874
:102C500019B9137011780029F2D0ACEB000070475D
:102C600040F25421C2F200014868012208E000BF8E
:102C70000A700B78002B18BF70470A700B7833B9B5
:102C80000A700B781BB90A700B78002BF0D07047D4
:102C900040F25421C2F2000100220A704A68104436
:102CA0004860704710B50C46084642F2640142F293
:102CB0006402FBF753FB4CF26931C0F60301204676
:102CC00000220023F6F7AAFB20468021F6F7ECFB52
:102CD00020460321FBF70AFB20460321BDE81040F4
:102CE000FBF714BB2DE9F04108460D46F8F70CF947
:102CF0000446284642F2640142F26402FBF72EFBCE
:102D00002846FBF7E5FD40F24828C2F20008B8F873
:102D100004702046F8F71EF800FB07F7B8F80860C3
:102D20002046F7F7FBFF00FB06F039B202B2284657
:102D3000FBF7A0FAD8E9010298F8001085F82410F2
:102D4000104318BFBDE8F0812046BDE8F041FBF715
:102D5000B9BA000070B5054640F28820C2F2000002
:102D600014460E46D7F78CF8B0B1027D4FF0FF3114
:102D7000016102F0FE010660856001750546FFF7FE
:102D80006FFF40F2F42268600121C2F2000228467F
:102D9000EC60D17070BD00BFFEE700002DE9F04F80
:102DA00081B040F2F429C2F2000999F8000001252F
:102DB000002840F0BA8099F8010089F800500028F6
:102DC00000F0B080FFF74CFF009038B9D9F8100040
:102DD0000130642888BF0020C9F8100040F2882B19
:102DE00040F27425C2F2000BC2F200050020A9F8DF
:102DF00002005846D7F706F80028286049D0064652
:102E000003E000BF002E2E6043D058463146D7F76E
:102E100021F82F680646397DC907F3D17868FFF796
:102E200007FFD7F800A00446824511D8D7F81080D4
:102E3000B8F1010FA4BFA8F101003861FFF710FF3E
:102E4000B8F1000F786003D0B96809B138468847F7
:102E500099F8020008B9386950B1A245D2D899F85A
:102E6000030098B999F802000028CBD00EE000BF0B
:102E700058463946D7F772F8012089F802003846DB
:102E8000F4F74AFFA245BDD8E9E700BF286800284B
:102E9000ACD140F28820C2F20000D6F7B3FFD8B11F
:102EA00040F2882604464FF0FF35C2F2000605E0E6
:102EB00030462146D6F7CEFF044678B1207DC007C4
:102EC000F6D16068FFF7B4FE2168081A38BF002009
:102ED000A84238BF0546EBE74FF0FF350098FFF7F3
:102EE000A7FED9E902121044C9F80C000846FFF702
:102EF0009FFEB0F5FA7F15D3D9F80C10642201FBC0
:102F000002F10023B1FBF0F0C0B2C0F164018242D3
:102F100038BF194689F80410C9F80C30FFF7A0FE35
:102F2000C9F80800002089F80000284601B0BDE873
:102F3000F08F0000017D41F0010101757047000034
:102F400010B50446FFF78CFE2168C9430844606051
:102F500010BD0000017D01F0FE0101757047000009
:102F600081071CBF0020704710B500F11001C0E9B7
:102F70000200044608462C21CDF7D4F94FF6003163
:102F80002046CFF6FF71BDE8104000BF421811F592
:102F90008071C2F83C05C2F84005C2F84405C2F889
:102FA0004805C2F84C05C2F85005C2F85405C2F8ED
:102FB0005805C2F85C05C2F86005C2F86405C2F89D
:102FC0006805C2F86C05C2F87005C2F87405C2F84D
:102FD0007805C2F87C05C2F88005C2F88405C2F8FD
:102FE0008805C2F88C05C2F89005C2F89405C2F8AD
:102FF0009805C2F89C05C2F8A005C2F8A405C2F85D
:10300000A805C2F8AC05C2F8B005C2F8B405C2F80C
:10301000B805C2F8BC05C2F8C005C2F8C405C2F8BC
:10302000C805C2F8CC05C2F8D005C2F8D405C2F86C
:10303000D805C2F8DC05C2F8E005C2F8E405C2F81C
:10304000E805C2F8EC05C2F8F005C2F8F405C2F8CC
:10305000F805C2F8FC05C2F80006C2F80406C2F87A
:103060000806C2F80C06C2F81006C2F81406C2F828
:103070001806C2F81C06C2F82006C2F82406C2F8D8
:103080002806C2F82C06C2F83006C2F83406C2F888
:1030900038067FF47BAF7047B0B50C460546FFF7A6
:1030A0005FFF05F23C518A0747D14FF6BB2324F05E
:1030B0000302CFF6FE73D51803F5AA639D4238BF0D
:1030C000B0BDA2F2435241F804297F2A04D84FEA46
:1030D000920C00230BE000BF22F00302B2FA82F34D
:1030E000C3F11A05EA4082F0200CC3F1190300EB8A
:1030F000C31202EB8C0454F83C2FFAB10D4645F88C
:10310000082FC860D160012202FA03FE00EB83039E
:1031100021605C6902FA0CF222435A61D0F810C0B7
:103120004A684CEA0E03032A036109D922F003021C
:10313000AB1843F8041C0221A950B0BDFEE700BF44
:10314000FEE700002DE9F04381B049B351F8042CAB
:10315000D30721D1032A21D922F003030F1FFE1820
:103160007568A1F1080945F00205756051F8046C15
:1031700047F8039046F00103B70741F8043C13D425
:10318000174649460646D8F75DFDD9F804007F2862
:1031900018D88108002220E0FEE700BFFEE700BF4C
:1031A000002001B0BDE8F083D9F80090B9F1000F1C
:1031B00006D0D9F80430DF0728D100BFFEE700BFF2
:1031C000FEE700BF20F00300B0FA80F2C2F11A015E
:1031D000C84080F02001C2F1190206EBC21000EBDA
:1031E000810353F83C5F7DB14C46384644F8085F94
:1031F00009F10B0727F00307BC42C9F80C60C5F8BA
:103200000C900BD0FEE700BFFEE700BF7F2B17D866
:103210004FEA930E4FF0000C1DE000BFC3F8009082
:103220000123376903FA02F506EB82022F43376167
:10323000576903FA01F13943516101B0BDE8F083E8
:1032400023F00303B3FA83F7C7F11A06F34083F0C0
:10325000200EC7F1190C4B4653F8085F5E688EB319
:1032600095B300EBCC17EE6007EB8E07B56057F80F
:103270003C6F4E4511D185423D600ED100EB8C066E
:103280004FF00108776908FA0EF5AF43776104D172
:10329000076908FA0CF6B7430761D9F80470032FE1
:1032A00014D951F8041C21F00301394404310329D5
:1032B000C9F804100CD921F003011746194441F84C
:1032C000049C5EE7FEE700BFFEE700BFFEE700BF2D
:1032D000FEE70000B0B505464FF0000449B10331E8
:1032E00021F003020C2A98BF0C22B1F5803F38BFB1
:1032F000144628462146D8F72DFC0146284622468A
:10330000BDE8B040D8F7FEBC2DE9F04381B039B13B
:1033100032B9FFF717FF0021084601B0BDE8F0837E
:1033200021B351F8043C032B1ED923F00304A1F16F
:10333000040804EB08074FF000094AB1D61C26F038
:1033400003050C2D98BF0C25B6F5803F38BFA94664
:103350007F68A24224D9B9F1000F21D1002108468B
:1033600001B0BDE8F08300BFFEE700BF4FF00004EE
:103370004AB1D11C21F003020C2A98BF0C22B1F5EE
:10338000803F38BF144621460546D8F7E3FB014687
:103390002846224601B0BDE8F043D8F7B3BC00BFD1
:1033A000DE0735D1A14520D9FB0735D027F003032F
:1033B0002344043399452FD8A1F108020F46114642
:1033C0000446D8F73FFC57F8040C032822D920F014
:1033D00003003A58394622F002023A5057F8040CDA
:1033E00020F00103204647F8043C23F0030309F1D1
:1033F00010029342FFF490AF08EB090404F10B07AD
:1034000004F1080227F00307BA421FD0FEE700BF0D
:10341000FEE700BFFEE700BF0F4611460546164611
:10342000FFF758FF002899D0A64238BF34463946E6
:1034300022460646F4F7DCFC28463946FFF782FEB2
:103440003146084601B0BDE8F08300BF6768A3EBD2
:103450000903043B07F003071F430B2B676025D9C3
:1034600051F8043C03F0030343EA090341F8043C28
:1034700051F80930032B1BD90D4623F0030157588F
:10348000531843F8044C47F002035350616801227B
:1034900062F30101616021460646D8F7D3FB6068FC
:1034A0007F2807D8800800220FE000BFFEE700BF9A
:1034B000FEE700BF20F00300B0FA80F1C1F11A026C
:1034C000D04080F02000C1F1190206EBC21101EBDF
:1034D000800353F83C7FAFB1C4E90276FC601C6006
:1034E00001233769294603FA02F506EB82022F43CE
:1034F0003761576903FA00F038435061084601B05C
:10350000BDE8F083FEE7000042F6835100FB01F1C5
:103510008A1502EBD1714FF4B47201FB120000B2B4
:10352000002848BF00F5B470592803D9B32809D83A
:10353000C0F1B40042F61C71C0F6040131F810006D
:1035400000B27047410886298FBFC0F5B4704FF6AE
:103550004C71084480B242F61C71C0F6040131F887
:103560001000404200B270472DE9F04F85B081460F
:1035700000200029C9F800001CBF1446002A03D10E
:1035800005B0BDE8F08F00BFDDF840800F46DDE9F3
:103590000E205FEA887148BF41F6FF7039781E46F9
:1035A0002389002945D000B203EB020A4FF0000B3B
:1035B00002930490039600BF07EB0B05049B28467B
:1035C000214632460026CDE90068D6F7EFFFB9F86C
:1035D00002200AFA82F1B6EBD13F039ED0D1014618
:1035E000834402EB0A00A9F802002846224633462B
:1035F000CDF8008000F028F8B9F900108842C8BF63
:103600000146A9F8001017F80B000028D4D10E9A33
:10361000029BBBF1000F0CD007EB0B0010F8010C64
:103620000D2818BF0A2804D1B9F802005044A9F89F
:103630000200B9F80200002818BF831AA9F8023066
:1036400005B0BDE8F08F00002DE9F04F81B00028F3
:103650004FF000051CBF9246002A03D128B201B0EA
:10366000BDE8F08F074600780028F7D08B46002988
:103670000095F3D00A9840F260069946C2F200061F
:10368000C0071DD1E84612E0009872683844002156
:103690009047024650462146EFF734F801B205EB59
:1036A000090200290099C8BF1518594546D2726809
:1036B00038464146904704460028E5D10022E9E714
:1036C0004FF0000805E000BF4FF001080098584592
:1036D00034D27268384669469047044680B10098F3
:1036E0007268384400219047232C02460ED15FFABD
:1036F00088F00028E8D04FF00008012812D0E5E754
:103700005FFA88F00128DFD000220BE05FFA88F032
:10371000012807D14FF00108202C08BF4FF0020804
:10372000D4E700BF50462146EEF7ECFF01B205EBAF
:1037300009020029C8BF1518C8E700BF28B2002831
:10374000C8BFA5EB090528B201B0BDE8F08F0000A5
:1037500080B5802838BF80BD0021B1EBD02F07D1C4
:10376000C02141EA901E00224FF4004321E000BF37
:10377000B1EB104F0CD1E021022241EA103E4FEA9A
:10378000901C62F39F104FF400430246604610E025
:10379000010C102984BF002080BDF02141EA904E29
:1037A00082094FF08023022160F31D63000B61F357
:1037B0009F1243EA024100F03F0041EA0E0141EA54
:1037C000002080BDF0B581B0A1B140F260070D4688
:1037D00006460024C2F20007305D40B13968301956
:1037E0008847012898BF0120013D0444F4D12046B8
:1037F00001B0F0BD0024204601B0F0BD2DE9F0413C
:1038000082B00024019481B140F260080D46064662
:10381000C2F2000801AF00BFD8F804203046394694
:10382000904701980134A842F6D3204602B0BDE883
:10383000F0810000F0B581B00546007800240094C6
:1038400068B140F26007C2F200076E467A68284607
:103850003146904700980134285C0028F6D1204674
:1038600001B0F0BD10B5024641B10B68D05600283A
:10387000C0B21FD401330B6010BD00BF92F900002D
:10388000B0F1FF3FC0B2F7DC00F0E003C02B3DD148
:10389000527802F0C003802B1CBF002010BD00F046
:1038A0001F0002F03F0242EA8010002908BF10BD4D
:1038B0000223E0E700F0E004C02C0FD15C1C0C6098
:1038C000125D02F0C004802C7CD100F01F0002F0D9
:1038D0003F0242EA80100233CDE700BF00F0F0045F
:1038E000E02C29D15C1C0C6012F804C00CF0C00460
:1038F000802C1CBF002010BD9C1C03330C60125D8B
:1039000002F0C004802C12D05CE000BF00F0F00395
:10391000E02B2DD192F801C00CF0C003802B51D1C7
:1039200003230224125D02F0C004802C4AD100035C
:1039300080B26CF38B103EE000F0F80C5C1CBCF124
:10394000F00F0C603ED112F804C00CF0C004802CC3
:103950001CBF002010BD9C1C0C6012F804E00EF08F
:10396000C004802C2ED1DC1C04330C6014E000BF9A
:1039700000F0F803F02B1CBF002010BD92F801C02E
:103980000CF0C003802B1DD192F802E00EF0C003B2
:10399000802B17D104230324125D02F0C004802C75
:1039A00010D14FF4E01404EA80400EF03F046CF3B1
:1039B000113040EA841002F03F021044002918BF81
:1039C0000B6010BD002010BD70B582B00C460968B8
:1039D00040F26006C2F200060546481E31682060CB
:1039E0002844884740B120687268019001A92846A0
:1039F000904702B070BD00BF2068E8B1013831685F
:103A00002060284488470028EDD12068A0B1013803
:103A100031682060284488470028E4D1206858B1E4
:103A2000013831682060284488470028DBD12068AD
:103A300000281CBF01382060002002B070BD0000CB
:103A400090F90000B0F1FF3FC4BF01207047C0B241
:103A500000F0E001C02904BF0220704700F0F0012F
:103A6000E0290FBF032000F0F800F038B0FA80F032
:103A70001CBF40098000704780B582B09C46134649
:103A80000A4601464AF6AD60C0F60000CDF800C017
:103A9000D7F712FA02B080BD70B508460C46F7F7AA
:103AA00033FA0546F8F7B6F906462846F7F7D0F98F
:103AB000024620463146FAF751FC20460121FAF72A
:103AC000EDFA2046F6F7BEFB40F24461C2F2000177
:103AD000B1F9002042F264010546FAF73FFC28469E
:103AE0000021FAF7DBFA2846002102220223FAF726
:103AF000B3FA2046F6F7A6FB01210446FAF7E0FAEE
:103B0000204642F26401BDE87040FAF759BE000059
:103B100004F040F8FFF742F9052009F0AFF9F9E7A2
:103B20009EB04AF200004EF60852C0F60000CEF2F7
:103B30000002016881F30888106062B6CDF7B2F91F
:103B400006A804303421CCF7EDFB4FF44030CDF71C
:103B50008DFA18B172B600BFFEE700BF1020012138
:103B60004FF400520690CDE90D10022017920A2260
:103B70000024CDE91401CDE91820CDE91A010C206B
:103B80000325CDE91C0406A80F941695CEF726FF51
:103B900010B172B6FEE700BF1F20CDE900056846F0
:103BA0000421CDE90244CDE90444CEF779FC18B1F3
:103BB00072B600BFFEE700BFD2F720FDD2F772FE5B
:103BC000D2F7BAFDD2F7C2FDD2F72AFED2F77CFDBA
:103BD000D2F7FCFDD2F7A8FECCF764FCF1F70AFEA1
:103BE000FAF77AFFFAF79EFF40F6E440C2F20000CF
:103BF000D0F7B0F840F6305040F23951C2F2000030
:103C0000C2F200018022D0F74BFA40F6586040F231
:103C10005071C2F20000C2F200014FF40072D0F7FE
:103C20003FFA40F6C45040F65411C2F20000C2F20E
:103C300000014FF40072D0F733FA00F013FCD2F712
:103C400071FC00F037FC00BFFEE70000F0B581B06A
:103C50000446008E0D46814206D2E06A30F8150017
:103C6000C0F3002602E000BFC0B30026002700BF5B
:103C7000E06A30F8171021F4807120F81710B9B2FB
:103C80002046DFF713FB208E01378742F0D32EB397
:103C9000854223D294F83600C00710D0002600BF1A
:103CA000E06A30F8161021F4807120F81610B1B2D5
:103CB0002046DFF7FBFA208E01368642F0D3E26A17
:103CC000294632F8150040F48073204622F815305A
:103CD00001B0BDE8F040DFF7E9BA00BF01B0F0BDC8
:103CE0002DE9F04381B006464FF6FF70894686EA1B
:103CF00000014AF20100904680EA5102CB0708BF5A
:103D00004A0880EA5201D30708BF510880EA5102ED
:103D1000CB0708BF4A0880EA5201D30708BF510801
:103D200080EA5102CB0708BF4A0880EA5201D30754
:103D300008BF510880EA5102CB0708BF4A0880EA51
:103D40005201D30708BF510881EA090180EA5102F4
:103D5000CB0708BF4A0880EA5201D30708BF5108C1
:103D600080EA5102CB0708BF4A0880EA5201D30714
:103D700008BF510880EA5102CB0708BF4A0880EA11
:103D80005201D30708BF510880EA5102CB0708BF90
:103D90004A0880EA5201D30708BF510881EA0801A6
:103DA00080EA5102CB0708BF4A0880EA5201D307D4
:103DB00008BF510880EA5102CB0708BF4A0880EAD1
:103DC0005201D30708BF510880EA5102CB0708BF50
:103DD0004A0880EA5201D30708BF510880EA51021D
:103DE000CB0708BF4A0880EA5205D00708BF55082C
:103DF00012A02F0A0AF04CFD43F22204C0F604047C
:103E0000204631460AF044FD204649460AF040FD6E
:103E1000204641460AF03CFDE9B220460AF038FD52
:103E2000204639460AF034FD40F20001C2F200019A
:103E30000A2001B0BDE8F0430AF094BF61636B5FF4
:103E40006275666665723A0082B040F2B005C2F2F1
:103E500000050DF1030400BF68682146642209F0E3
:103E6000C3FD0028F8D0204600F0C4FBF4E70000B2
:103E70002DE9F041EEF7F4F90646F7F745F8044668
:103E8000F7F742F88046E2F76BF907888578204615
:103E90000021F6F7DDFEB04206D00C2D12BF681CE3
:103EA0000137012005E000BF681E010604BF013F85
:103EB0000C20BEB247B2404631463A46E2F752F9CC
:103EC00020460121F6F7C4FE42F6EC61C0F604017B
:103ED00001EB8701324651F8043C43F26221C0F6FF
:103EE0000401BDE8F041F3F757B90000B0B504464E
:103EF000EEF7B6F905462046EEF7B4F90446284633
:103F0000EDF7ACFE05462046E2F72AF94FF0807146
:103F100001EB0562018812162046BDE8B040E2F7C9
:103F200021B9000010B582B00446EEF781F90728E8
:103F300025D12046EEF77CF9072820D100204EF24B
:103F40003C218DF80700ADF805000320C2F2000106
:103F50008DF8030008780122002818BF02228DF88E
:103F6000042080F0010240F2B400C2F200000068B8
:103F70000A700DF103010022002309F075FB02B065
:103F800010BD0000F0B581B00C4608460021F8F7DE
:103F9000C9FC20460021FAF781F8204600210222C0
:103FA0000023FAF759F82046E1F7B4F82DA10022D2
:103FB0000746FAF7ABFB384642F26401FAF792F88B
:103FC0003846FAF785FC3846F6F742FF054638468C
:103FD0002946FAF7F5FB43F67166C0F60306384644
:103FE000314607220023F5F719FA38460421F6F77F
:103FF0009DF82046F1F748FE03210746F2F7FAFF45
:10400000384602210022FAF7C3FB38460121FAF7AD
:1040100057F82046E1F77EF813A100220746FAF789
:1040200075FB384629462A46FAF798F9384631464C
:1040300007220023F5F7F2F938460421F6F776F85F
:104040004DF20921C0F6030120461C220023F5F79A
:10405000E5F920461C21002201B0BDE8F040EEF752
:1040600003B900BFEF819300EF81940070B508465B
:104070000C46F6F749FF054620460021F8F752FCAA
:1040800020460021FAF70AF82046EDF7FDFC43F23E
:104090008921C0F604010646EEF734F84EF62D01EC
:1040A000C0F6030130461C222B46F5F7B7F930461F
:1040B0000121FAF705F82046EDF7E6FC10A10646C7
:1040C000EEF720F843F6ED61C0F6030130461C22FE
:1040D0002B46F5F7A3F930460121F9F7F1FF4DF230
:1040E0004921C0F6030120461C220023F5F796F96A
:1040F00020461C210022BDE87040EEF7B5B800BF95
:1041000030310A30320A30330A30340A30350A305E
:10411000360A30370A30380A30390A31300A31313C
:104120000A31320010B5044690F83C00012200F03C
:104130000301012988BF6FF00102114400F0FC0067
:10414000084484F83C00204602F0F4FB2046BDE819
:104150001040F8F717BA00002DE9F04381B0212193
:1041600000220446EEF780F8002804BF01B0BDE845
:10417000F083618CA06841F48051618450B100BF2C
:10418000416839B10068006820B1FFF7E5FFA06819
:104190000028F5D12046F6F755FE054600200027F9
:1041A000F0F7E0FD10B3064605E000BF3046F0F73B
:1041B000D9FD0646D0B1B06AA04202D0F06AA04252
:1041C00003D130462146F1F707FA706BA04208BFD1
:1041D0007763706DA842E9D1F0F7D2FD8442E5D152
:1041E00030462146F1F7F8F9E0E700BF2046D5F761
:1041F000E5FE6068002853D08068002800F08E80BB
:104200004268002A00F0BA8000210BE093423ABFD6
:10421000076857F823300023A3423DD001318A427A
:1042200000F0AD80B1F1FF3F0B46EFDC8B18EDD510
:104230000023A342F2D12FE000684B1C00EB810267
:10424000526840F82120606880684268013A9342D1
:1042500080F0968000688B1C00EB810082684260D1
:10426000606880684268013A934280F08980006803
:10427000CB1C00EB8100C268826060688068426885
:10428000013A93427CD2006800EB8100043102695C
:10429000C260606880684268013A9142CCD36FE0A6
:1042A00040F29420C2F20000D5F7ACFDD0B340F24A
:1042B00094280546C2F2000806E000BF40462946A1
:1042C000D5F7C8FD054668B3686A0028F6D0D5F86A
:1042D0000C90C0F1000C09F10C03A0F1010E0026B6
:1042E00053F80C1CA1421ED0B645E7D009EB86025C
:1042F0005768A74217D00CEB0607B91CDED09168AF
:10430000A14210D0F91CD9D01968A1420BD00436B3
:10431000B04203F11003E3D1D0E700BF04210A68E3
:104320002DE000BF0025D5F824E0BEF1000F35D008
:10433000D5F80C80AEF1030C08F10C07CEF10006A5
:10434000002157F80C0CA04229D07018431C13D040
:1043500008EB81035A68A24244D002300CD098681E
:10436000A04277D08C4507D03868A04274D0043181
:10437000701807F11007E4D1714610E00022013AED
:10438000426000689100F3F7F1FC61688968086099
:10439000204601B0BDE8F043F3F7BEBC0021AEF10A
:1043A000010291424AD2C8437044AEEB010310F0BF
:1043B0000307A3F102081DD0E8684E1C50F8263010
:1043C000012F40F8213001D1314613E0E86801F1B6
:1043D000020C50F82C30022F40F8263004D16146F0
:1043E00008E000BF0131DAE7E868033150F8213016
:1043F00040F82C30B8F1030F20D3C8437044890033
:10440000002300BFEF680F4407EB8306766847F888
:104410002360EF680F4407EB8307BE687E60EF6898
:104420000F4407EB8307FE68BE60EF680F4407EB9D
:10443000830704333E699842FE60E3D1E868910047
:104440006A62F3F793FCE860204601B0BDE8F043F0
:10445000F3F762BC0231A2E70331A0E7C9B2002240
:10446000FAF772B9EFF3058000281CBF6FF0050062
:10447000704780B509F072FF012811D109F06EFF75
:1044800001284FF0FF3018BF80BD40F21441C2F246
:1044900000010A68002A02BF01200860002080BDD8
:1044A000EFF3108018B9EFF311800028E6D06FF019
:1044B000050080BDEFF3058000281CBF6FF00500EC
:1044C000704780B509F04AFF012813D109F046FF73
:1044D00001284FF0FF300CD140F21441C2F200012C
:1044E0000A68012A18BF80BD0220086008F0CAFDD2
:1044F000002080BDEFF3108018B9EFF31180002881
:10450000E4D06FF0050080BD2DE9F04385B00024B4
:104510000494EFF305831BB1204605B0BDE8F0839A
:10452000164604460D4609F019FF012808D1204619
:10453000AE46BCB90024204605B0BDE8F08300BFFC
:10454000EFF3108020B10024204605B0BDE8F083D1
:104550002046EFF31181002C4FF00004DCD000293D
:10456000AE46D9D14FF0000456B3B369002B08BF53
:104570001823382BD0D83179C907CDD17769D6E93E
:1045800002894FEA970C3168002F624608BF8022EB
:10459000B8F1000F26D0B9F15C0FBDD33269002A03
:1045A00018BF002FB8D0013BCDE9003273466246F8
:1045B000CDF8088009F0B2FC05B0BDE8F08300BF7B
:1045C0008022182300215F1E04AE2B46CDE9007621
:1045D00009F074FC0499012808BF0C46204605B078
:1045E000BDE8F083B9F1000F96D13769002F7FF451
:1045F00093AFE8E770B582B002784178531E032B81
:1046000016D8DFE803F0036F575F00BF022900F000
:104610008B80012940F0AC800020C4F2022000F51C
:1046200000604FF400510122CCF77CF9012066E0D4
:10463000FF2A37D1AA2940F0CE8073A00AF094FB5C
:1046400040F6943440F65435C2F20004C2F200053C
:1046500076A021462A460AF01BF9D7F79DFF40F2C3
:10466000C456C2F2000676A1304622462B460AF016
:104670001FF978A1304643F6982203F067F8002826
:1046800000F0868043F20000C0F604000AF06CFBE4
:10469000D1F786FCFF20AA21002202B0BDE87040BD
:1046A000FFF71EBB1046012202B0BDE87040FFF7C5
:1046B00017BB00BF022933D0012951D1D1F770FCBB
:1046C00003201CE0332921D10179A1F13A0010F136
:1046D0000B0F8DF8071069D840A00AF0D9F802B086
:1046E00070BD00BF02292BD0012949D10020C4F29E
:1046F00002204FF400410122CCF714F902200121DD
:10470000002202B0BDE87040FFF7EABA40F6C4509C
:104710008DF80510C2F200000DF1050157E000BF51
:10472000D7F73AFF032014E00020C4F2022000F57E
:1047300000604FF400510022CCF7F4F8012008E0AB
:104740000020C4F202204FF400410022CCF7EAF826
:1047500002200221002202B0BDE87040FFF7C0BA7B
:104760000320022202B0BDE87040FFF7B9BA00BFD3
:104770000120022202B0BDE87040FFF7B1BA00BFCD
:104780000220022202B0BDE87040FFF7A9BA00BFC4
:1047900042F6DE70C0F604000AF0E6FAFF20AA2115
:1047A000022202B0BDE87040FFF79ABA40F6C45446
:1047B0003320C2F200048DF806000DF106012046F8
:1047C00001226423D0F7A4F90DF10701204601224C
:1047D0006423D0F79DF902B070BD00BF5B55355D15
:1047E0002044656C6574652069676E6F7265643A14
:1047F00020696E76616C69642069643D307825308B
:1048000032580D0A000000005B53797374656D5DCA
:1048100020537461727420636F6E66696775726984
:104820006E6720576946692E2E2E0D00535349445A
:104830003A2025732C205057443A2025730D0A0046
:1048400041542B43574A41503D222573222C2225A7
:10485000732200005749464920474F5420495000D1
:104860002DE9F0470C4606464FEA620153B1238812
:10487000591A218011440139F28AA180718B62801A
:1048800009E000BF6388591A61801144B28A338BF2
:1048900001392280A380E18030464FF4403112225A
:1048A000F7F70CF9804630464FF440311322F7F702
:1048B00005F9814630464FF440311022F7F7FEF8F3
:1048C000824630464FF440311122F7F7F7F8074699
:1048D00030464FF440316922F7F7F0F8054630468C
:1048E0004FF440316A22F7F7E9F8218805EB080216
:1048F000891A2180A18805EB09021144A1806188F1
:1049000000EB0A02891A6180E18838440844E0809B
:10491000BDE8F08770B50446406A38B30021F6F769
:1049200097F9002808BF70BD0546F6F791FA0646CC
:104930002046F6F7F3F9864218DD28460021572273
:10494000F7F7BCF80689284600215922F7F7B6F890
:10495000E18E304400FB01F1606A09B20022F9F7F0
:1049600037FB606ABDE87040F7F70CBE70BD000011
:104970002DE9F04381B0044608F090F840F2083683
:10498000C2F20006F0684EF230380130F060C2F238
:104990000008D8F800004EF23435C2F2000568B1C4
:1049A0007068002840F00A81D8F80000E16AC06A07
:1049B000884298BFC8F8004000E100BFC8F8004036
:1049C000F068012840F0FA80284608F025F805F143
:1049D000140008F021F805F1280008F01DF805F191
:1049E0003C0008F019F805F1500008F015F805F141
:1049F000640008F011F805F1780008F00DF805F1F1
:104A00008C0008F009F805F1A00008F005F805F1A0
:104A1000B40008F001F805F1C80007F0FDFF05F14A
:104A2000DC0007F0F9FF05F1F00007F0F5FF05F5F0
:104A3000827007F0F1FF05F58C7007F0EDFF05F5CA
:104A4000967007F0E9FF05F5A07007F0E5FF05F5A2
:104A5000AA7007F0E1FF05F5B47007F0DDFF05F57A
:104A6000BE7007F0D9FF05F5C87007F0D5FF05F552
:104A7000D27007F0D1FF05F5DC7007F0CDFF05F52A
:104A8000E67007F0C9FF05F5F07007F0C5FF05F502
:104A9000FA7007F0C1FF05F5027007F0BDFF05F5DC
:104AA000077007F0B9FF05F50C7007F0B5FF05F5C5
:104AB000117007F0B1FF05F5167007F0ADFF05F5B1
:104AC0001B7007F0A9FF05F5207007F0A5FF05F59D
:104AD000257007F0A1FF05F52A7007F09DFF05F589
:104AE0002F7007F099FF05F5347007F095FF05F575
:104AF000397007F091FF05F53E7007F08DFF05F561
:104B0000437007F089FF05F5487007F085FF05F54C
:104B10004D7007F081FF05F5527007F07DFF05F538
:104B2000577007F079FF05F55C7007F075FF05F524
:104B3000617007F071FF05F5667007F06DFF05F510
:104B40006B7007F069FF05F5707007F065FF05F5FC
:104B5000757007F061FF05F57A7007F05DFF05F5E8
:104B60007F7007F059FF05F5826007F055FF05F2E9
:104B7000244007F051FF05F5876007F04DFF05F26F
:104B80004C4007F049FF40F2E839C2F200094846BC
:104B900007F042FF09F11407384607F03DFF06F120
:104BA0004C0007F039FF06F1380007F035FF06F139
:104BB000600007F031FFC6F81890F7613068316A7D
:104BC000421CE06A32608842626488BF306200EB57
:104BD0008000231D05EB80014A6861619768C4E984
:104BE0000227936055F820207B60511C45F8201067
:104BF00007F064FF706858B1D8F80000E16AC06A35
:104C0000884205D201B0BDE8F04308F041B800BFCA
:104C100001B0BDE8F083000040F208354EF23436B2
:104C2000C2F20005C2F2000603E000BF204607F012
:104C30005DFFA868D0B107F031FF686CC468201D23
:104C400007F0BEFEE8680138E860A8680138A8608F
:104C500007F034FF94F859000228EAD00128E5D083
:104C600050B9206B07F042FFE0E700BF3068022830
:104C7000DFD308F00DF8DCE707F092FEFEE7000056
:104C80002DE9F04381B00A9C8146206B16460F4601
:104C9000089D9100A5229846CBF73DFB206B002F85
:104CA00042D0397884F83410D9B3797884F8351043
:104CB000B9B3B97884F8361099B3F97884F8371015
:104CC00079B3397984F8381059B3797984F839107F
:104CD00039B3B97984F83A1019B3F97984F83B10EB
:104CE000F9B1397A84F83C10D9B1797A84F83D1059
:104CF000B9B1B97A84F83E1099B1F97A84F83F10C5
:104D000079B1397B84F8401059B1797B84F841102E
:104D100039B1B97B84F8421000291CBFF97B84F8B3
:104D20004310002184F84310382D03D307F038FED8
:104D3000FEE700BF00EB8600099F043820F007065D
:104D4000201DE562E56407F073FE04F1180007F02A
:104D50006FFEC5F13800216BA06130464A464346DC
:104D60002461646200F0E8FB002F206018BF3C6003
:104D700001B0BDE8F08300002DE9F04F83B0054697
:104D80000668007F1C46C00789462FD0AF68A7EB96
:104D9000060B5B46BBF1040F28BF04239819B842E9
:104DA00004D907F0FDFD00BFFEE700BFD5F818A04D
:104DB0000DF1080801920AEB060140461A46CBF7AE
:104DC0008AFABBF1030F06D808EB0B00CBF1040203
:104DD0005146CBF780FA301DC61B38BF06460299F4
:104DE0000198043C814288BF00210A46A24238BF94
:104DF000144604B3A8682246871BA74238BF3A4628
:104E00009119814204D907F0CBFD00BFFEE700BF36
:104E1000A86981194846CBF75EFABC4205D9A96951
:104E200009EB0700E21BCBF756FAA8683119081AFC
:104E300038BF08462860204603B0BDE8F08F000068
:104E400010B582B00020019040F2A800C2F200002C
:104E5000046807F0A5FD601C08D000BFFEE700BF96
:104E6000019830B9019820B9019810B9019800282B
:104E7000F6D002B010BD000084B040F27C3AC2F21D
:104E8000000AE846DAF808000668002E1ABFC06873
:104E90000768002708F054F909F070FADAF81010E2
:104EA0008146884221D3002ECAF8109062D04F4527
:104EB00060D809F0D3FBDAF80800C068C66806F1CC
:104EC000040B584607F07CFD96F82800410739D4BA
:104ED00000F0FA0086F828006AE000BF00F0FA004F
:104EE00086F82800316A30468847DAF808000168F9
:104EF000B1B3C068C6680568371D384607F060FD65
:104F000096F828004107E9D5B06944197460401942
:104F1000366108D2316A30468847B06921180444A6
:104F200074603661F6D3DAF80C00394607F084FD78
:104F3000D8E700BFA9EB0701814233D3316A30467D
:104F400088472746B0693661C4194C457460F1D969
:104F5000B9450AF1080027D2BC42EFD224E000BFD5
:104F6000DAF80C10CAF81090CAE9021009F076FBC2
:104F700021E000BF16B1002206E000BFDAF80C0005
:104F80000068B0FA80F04209DAF80000A7EB0901E6
:104F900007F022FF09F062FB002808BF07F078FE47
:104FA00009E000BF0AF10C000068594607F044FD13
:104FB000316A304688470021DAF800000391CDE9D4
:104FC0000111009108E000BF0AF10C063068394673
:104FD00007F032FDDAF800004146002208F004FD37
:104FE00000283FF44FAF0098B0F1FF3F06DCDDE949
:104FF00001200399904700980028EBD4DDF8089031
:10500000B9F1000FE6D0D9F8140000281CBF09F14F
:10501000040007F0D5FC09F0B1F9DAF81010834666
:10502000884208D330E000BF00F0FA0087F828007B
:10503000396A38468847DAF80800016801B3C06861
:10504000C76805683C1D204607F0BAFC97F82800A1
:105050004107E9D5B86946197E6040193F6108D219
:10506000396A38468847B869311806447E603F611E
:10507000F6D3DAF80C00214607F0DEFCD8E700BFD3
:10508000DAF80C10CAE902100098CAF810B001381A
:1050900008289FD8DFE800F00606462C6C06064676
:1050A0002C0000BF99F82810019AD9F8180041F097
:1050B000010389F8283083184F4647F8043F5B45C1
:1050C000C9F8109008D993450AF10806BFF47EAFDD
:1050D000934206D27AE700BFABEB02028242FFF4B2
:1050E00073AF4A0726D401F0FA0089F828004DE092
:1050F00099F8280040F00101019889F8281000284B
:10510000C9F8180048D0584449460AF10C0241F841
:10511000040FC9F81090584588BF0AF108021068BA
:1051200056E700BF99F8280000F0FE0089F8280033
:1051300050E700BF019901440BE000BFABEB010158
:1051400081421DD3D9F8201048468847D9F8180065
:1051500021460C185C45C9F80440C9F81090EDD9F7
:105160008B450AF108000DD28C42EBD20AE000BF59
:1051700099F828008107D7D4484607F0B7FC29E7FB
:105180000AF10C000068394607F056FCD9F82010E7
:10519000484688471EE700BF07F002FCFEE7000014
:1051A000F0B581B0044607F079FC94F94560012E12
:1051B0000FDB04F1240500BF286850B1284609F030
:1051C000E5F9002818BF07F0A7FEF0B2013E01285C
:1051D000F2D8FF2684F8456007F070FC07F05EFC0B
:1051E00094F94470012F0EDB04F11005286850B1CA
:1051F000284609F0CBF9002818BF07F08DFEF8B259
:10520000013F0128F2D884F8446001B0BDE8F040C5
:1052100007F054BC2DE9F04381B004464668007F96
:10522000C00711D19A4228BF1A468AB1A068134616
:10523000851B954238BF2B469F1987421AD907F024
:10524000AFFB00BFFEE700BF08980092834203D285
:10525000002001B0BDE8F083A068871B3B46042F07
:1052600028BF04239D19854216D907F099FB00BF7A
:10527000FEE700BFA069174630441A468846CBF7C0
:105280002AF83846AF4221D9A168421B8A4217D971
:1052900007F086FBFEE700BFA069E8468946154691
:1052A000304441461A46CBF716F8032F1DD8A068A4
:1052B000C7F10402824213D907F072FBFEE700BF78
:1052C000A06908EB0501CBF706F83846A16832184B
:1052D000511A38BF1146616001B0BDE8F08300BFCC
:1052E000A06908EB0701CAF7F6FFA068311D0E1A86
:1052F00038BF0E462A464946002A97D1A8E7000043
:105300002DE9F04100F10805092D01D200250AE040
:1053100010F0070107D009398D429ABF20F007002D
:1053200000F11005002507F00BFF40F2C03CC2F26F
:10533000000CDCF800303BB1DCF80410012D4FF01C
:10534000000423DA92E000BF4EF61A20C2F20000F9
:10535000420700F5003200F1070118BF21F00700F5
:1053600022F007020021A2F10803CCE90501CCF8E4
:10537000003042E90211191ADCF80030C0E90031AE
:10538000CCE90111012D4FF000046FDB8D426DD887
:10539000DCF814204EF61A2EC2F2000E724521D30C
:1053A0004FF6FF70C0F201000EEB0006B24219D8B2
:1053B00057680CF11400AF4218D2146864B100BFF2
:1053C000744535D310462246B44231D85768AF42AF
:1053D0000CD21468002CF3D14FF001089A4209D185
:1053E000002443E007F0DCFAFEE700BF4FF00008BE
:1053F0009A42F5D0036803F1080474450AD3B44215
:1054000008D81368B8F1000F036007D007F0C8FA96
:10541000FEE700BF07F0C4FAFEE700BF7F1B102FB6
:105420000AD95619710709D007F0BAFAFEE700BF8A
:1054300007F0B6FAFEE700BF556804E0C6E900379A
:10544000DCF804100660DCF80830481B9842CCF801
:10545000040038BFCCF8080045F000400021C2E944
:105460000010DCF80C000130CCF80C0009F0F6F864
:10547000600704BF2046BDE8F08107F091FA00BF45
:10548000FEE700002DE9F04784B0804690F8600008
:10549000400747D5D8F82400F1F720F940F2780109
:1054A000C2F2000109688847E0B3D8F830600546C9
:1054B000AEB9404600215722F6F700FB694642F29A
:1054C00022020023EDF716F843F2015643F2F4519D
:1054D000C0F60406C0F60401002818BF0E46304688
:1054E000CAF753FF00FB05FA04460AF10100F2F780
:1054F00063FA8146074600BF384631462246F2F736
:1055000077FC013D2744F7D1002009F80A00D8F8BC
:1055100024004946F1F7FEFD4846F2F7A3FB40465A
:1055200001F004F904B0BDE8F08700007047000006
:105530000068FFF7A7BF000070B540F8481D4FF0A6
:10554000807141644FF002314FF00134C0E90B41EA
:1055500044F641614FF0123C4FF0033E4FF01135DD
:10556000C0F6030102644FF004326FF04306C0E955
:105570000953C0F834E0C0E90EC14FF0103C4FF0C1
:10558000093E4FF008334FF00531C0E9016200F1E8
:105590000C024FF007354FF0063432C2C0E9063E28
:1055A000C0F820C070BD00002DE9F04FC1B040F23E
:1055B000901AC2F2000ADAF8001004460846E2F730
:1055C00085FEE168054600291CBF204688472968FA
:1055D000DAF8000029B36A68016842B1B1F9002025
:1055E000B1F90230EE6803FB02F2964219D12A6942
:1055F000BAB1896A11B911E0296991B101688A6A61
:10560000002AF9D008469047DAF80000F4E700BF16
:10561000296931B1296921B1296911B129690029A3
:10562000F6D16568E2F790FE01462846F9F700FBDF
:10563000DAF800200546516900294DD06068F9F775
:10564000F7FADAF80020814655EA090049D11046F8
:10565000E2F740FEDAF80010461E0846E2F790FE38
:10566000013807B233B23FA8002100220097DFF7CC
:1056700065F8206B002800F0A7870DF1C4084046AC
:10568000E5F722FBDAF80000236BC16A3FAA3591E7
:1056900090F82910408D8DF8DE10ADF8C8008DF817
:1056A000C710204641469847DAF8002092F82800B3
:1056B000C0071AD0002D08BF15692046294601F001
:1056C000EBFBDAF80000416901B3B9F1000F18BF34
:1056D0004946204618E000BF4FF0000955EA09008E
:1056E000B5D092F82800C007E4D1516931B1204605
:1056F000B9F1000F18BF494601F0CEFB15B9DAF831
:10570000000005692046294601F0C6FBDAF80000D2
:10571000E2F702FE0146204601F0BEFBDAF8000087
:10572000E2F7F0FD0146204601F0B6FBDAF8009002
:105730004846E2F7CBFDD9F800100546CC6B616B0B
:1057400000291CBF204688472968DAF8000031B3D9
:10575000696821B30168EF68B1F90020B1F902303E
:1057600003FB02F297421AD02A69C2B1896A19B9B9
:1057700012E000BF296991B101688A6A002AF9D054
:1057800008469047DAF80000F4E700BF296931B114
:10579000296921B1296911B129690029F6D10121AD
:1057A0002961D0F800A0DAF80C108A69D20702D07B
:1057B0008969890702D4002101E000BF01216961E4
:1057C0006969D9F8002018915369FBB1D4E90074D4
:1057D00011692E9711F0300F18BF11F0040127D175
:1057E00020881189678856890844ADF8C400F019EB
:1057F000A788ADF8C6007818E188ADF8C800881908
:10580000ADF8CA0031A910462E9A9847286858B1B9
:10581000696849B1D9F80020127CD20700F0CC8623
:10582000189A002A40F0C88641B0BDE8F08F00BF4A
:10583000DAF8101001F00602062AE7D0C1F30111D0
:105840001A94DFE811F005000700F506070000BF15
:10585000DCE700BFE2F73AFD2288A3886688A3EB65
:10586000020BE7880BF101010FFA81F8BF1B0F96BD
:10587000791C4FF4A0560CB2B6FBF8F61994A64268
:10588000DAF81040B8BF31461F9004F03006102EF1
:1058900005D1BAF80200D2438318A3EB0B021A9E7B
:1058A000B8B2F38047F6FE73199C98427280ADD867
:1058B00008B208F10101CDE901954FEA51090F99AC
:1058C0001790CA4359440A9191B21FFA88F009917E
:1058D0004FF0FF3101EB5001A8F101030891C0F333
:1058E00041012E9E0E9143F6FC7101EA50001F9F6C
:1058F0002A9008F003002B904FF6FC7008EA000E87
:105900006FF0070000EB48000B9205906FF0050068
:1059100000EB48000025049058000390002000216F
:10592000002207932491CDF858A0CDF8BCE00CE0FC
:1059300028B2249900FB08F00DB206EB40062C9A21
:10594000A5424FEA014080F2BF861799631B8B4244
:10595000A8BF0B4600284FF00100239338612E9614
:105960002C92219540F074814445C0F27181B8F1C8
:10597000020FC0F221831698006900F03000302831
:1059800040F0B881089800230328C0F0C68000BF0B
:105990002E9803FB08F200EB430E2D93ABEB0303B1
:1059A00018FB03F71EB200EB420A00EB470300EBC3
:1059B00046070025002600BFABEB060418FB04F0E9
:1059C00024B23EF810103AF815202AF8151033F8D2
:1059D000141005FB08FC01362EF8101035B237F80C
:1059E0001C00A94523F8140027F81C20E4DC2D989E
:1059F0002E9940F0010001EB400C00FB08F2ABEBEC
:105A0000000018FB00F300B201EB420E01EB430A69
:105A100001EB400700250026ABEB060018FB00F465
:105A200000B23CF814103EF815202EF815103AF884
:105A3000101005FB08F301362CF8141035B237F8B6
:105A40001310A9452AF8101027F81320E4DC2D982C
:105A50002E9940F0020001EB400C00FB08F2ABEB8A
:105A6000000018FB00F300B201EB420E01EB430A09
:105A700001EB400700250026ABEB060018FB00F405
:105A800000B23CF814103EF815202EF815103AF824
:105A9000101005FB08F301362CF8141035B237F856
:105AA0001310A9452AF8101027F81320E4DC2D98CC
:105AB0002E9940F0030001EB400C00FB08F2ABEB29
:105AC000000018FB00F300B201EB420E01EB430AA9
:105AD00001EB400700250026ABEB060018FB00F4A5
:105AE00000B23CF814103EF815202EF815103AF8C4
:105AF000101005FB08F301362CF8141035B237F8F6
:105B00001310A9452AF8101027F81320E4DC2D9B68
:105B10002A98043383427FF43BAF0E98002800F0AC
:105B20004B822E9903FB08F001EB430C2D93ABEB5A
:105B3000030301EB400E18FB03F01FB201EB400A18
:105B400001EB470700250026ABEB060018FB00F42D
:105B500000B23CF814103EF815202EF815103AF853
:105B6000101005FB08F301362CF8141035B237F885
:105B70001310A9452AF8101027F81320E4DC0E981A
:105B800001282D9800F018822E99013001EB400C6D
:105B900000FB08F2ABEB000018FB00F300B201EBD6
:105BA000420E01EB430A01EB40070025002600BF2F
:105BB000ABEB060018FB00F400B23CF814103EF802
:105BC00015202EF815103AF8101005FB08F30136D1
:105BD0002CF8141035B237F81310A9452AF8101014
:105BE00027F81320E4DC0E9802282D9800F0E481B9
:105BF000811C2E9801FB08F2ABEB010300EB420E77
:105C000018FB03F21BB200EB410C00EB420A00EB65
:105C100043030026002700BFABEB070518FB05F484
:105C20002DB23CF814003EF816102EF816003AF883
:105C3000150006FB08F201372CF814003EB233F8C9
:105C40001200B1452AF8150023F81210E4DCB3E184
:105C5000DDF8ACC042B94FF42050F1F7ADFEDDF8ED
:105C6000BCE0DDF8ACC02C90239805B2012DC0F249
:105C70002B84DAF810001FFA8BF400F0300268422F
:105C80000146302A08BF2946229147F6FE718C4210
:105C90002D9400F219840799239F05FB01F12C9B99
:105CA000299139466FF3DF31302A07F001020C9257
:105CB00040F09E8118FB07F001292590069540F0E1
:105CC000E1812E9C002718462C900C982897DDF82F
:105CD00058A01F9F0699002800F0F6832D980328EE
:105CE00080F09883DDE9281008442599C0430844D2
:105CF000D0E300BF089800230328C0F0C68000BF8F
:105D00002E9803FB08F200EB430E2D93ABEB03033D
:105D10001FB218FB03F600EB420A00EB470300EB4F
:105D200046070025002600BF05FB08F0ABEB060484
:105D300033F8102021B23AF815C02AF8152037F8A8
:105D4000112018FB04F4013623F8102035B23EF878
:105D50001400A94527F811002EF814C0E4DC2D9892
:105D60002E9940F0010001EB400C00FB08F2ABEB78
:105D7000000003B218FB00F001EB420E01EB430AF6
:105D800001EB40070025002605FB08F4ABEB0600FD
:105D90003AF8142001B23EF815302EF8152037F8E5
:105DA000112018FB00F001362AF8142035B23CF817
:105DB0001020A94527F811202CF81030E4DC2D988C
:105DC0002E9940F0020001EB400C00FB08F2ABEB17
:105DD000000003B218FB00F001EB420E01EB430A96
:105DE00001EB40070025002605FB08F4ABEB06009D
:105DF0003AF8142001B23EF815302EF8152037F885
:105E0000112018FB00F001362AF8142035B23CF8B6
:105E10001020A94527F811202CF81030E4DC2D982B
:105E20002E9940F0030001EB400C00FB08F2ABEBB5
:105E3000000003B218FB00F001EB420E01EB430A35
:105E400001EB40070025002605FB08F4ABEB06003C
:105E50003AF8142001B23EF815302EF8152037F824
:105E6000112018FB00F001362AF8142035B23CF856
:105E70001020A94527F811202CF81030E4DC2D9BC8
:105E80002A98043383427FF43BAF0E98002800F039
:105E900093802E9903FB08F001EB430C2D93ABEBA1
:105EA000030301EB400E18B218FB03F701EB400AA5
:105EB00001EB47070025002605FB08F4ABEB0600C5
:105EC0003AF8142001B23EF815302EF8152037F8B4
:105ED000112018FB00F001362AF8142035B23CF8E6
:105EE0001020A94527F811202CF81030E4DC0E987A
:105EF00001282D9860D02E99013001EB400C00FB59
:105F000008F2ABEB000003B218FB00F001EB420E0D
:105F100001EB430A01EB40070025002605FB08F4CE
:105F2000ABEB06003AF8142001B23EF815302EF81B
:105F3000152037F8112018FB00F001362AF814203C
:105F400035B23CF81020A94527F811202CF8103064
:105F5000E4DC0E9802282D982ED0811C2E9801FB8F
:105F600008F2ABEB010300EB420E1AB218FB03F38D
:105F700000EB410C00EB420A00EB43030026002734
:105F800006FB08F4ABEB07053AF8141028B23EF80C
:105F900016202EF8161033F8101018FB05F50137EF
:105FA0002AF814103EB23CF81510B14523F8101031
:105FB0002CF81520E4DC00BFDDF858A0DAF810005A
:105FC00000F03000102805D11A9E0F990A983180F0
:105FD000B08008E0BAF800000B991A9E0844A0EBC4
:105FE0000B01B0803180199C1F9F45468BE200BF9A
:105FF000012940F025812E9C00260C98DDF858A040
:106000001F9F2B9A002800F05F822D980328299863
:10601000304429D322992C9B01EB41024F1803EB0A
:106020004201FE192D91194633468A190F44002664
:10603000299200BF34F8085B299A21F810500436E1
:1060400034F8065CDDF8B4C027F8105034F8045C6E
:1060500022F8105034F8025CB2B22CF8105072459D
:106060001844E7D11F9F2B9A002A00F02D82218827
:106070002C9B012A23F8101000F026822299022A74
:1060800015E200BF881A2090681E1D902F46981EAA
:1060900000EBC70207EB47061C92229A00EB460171
:1060A0006C193A44119100EB420120441090B81E43
:1060B0001590181F1B9100EBC70100EB460A00EB7F
:1060C00042020D9420442E9CAD00129018460026EA
:1060D000002714911392CDF878A010E00D9BBC1D01
:1060E000C818BB8822F81030DDF8ACC01046289FD5
:1060F000209A02379742A6F102063FF4E5AD2D9AA9
:106100002897032A299A3A44CDE9262606D2259FC4
:10611000D2433A44BCF1000F2AD13BE0DDE9100143
:10612000DDE91BAC0022374634F8086B043220F856
:1061300017601FFA82FE34F8066C2F9B2AF817604E
:1061400034F8046C9E4521F8176034F8026CDDF8D1
:10615000BCE02CF817602F44E6D1DDE92BC01D9A76
:10616000DDF878A0279E3A442746BCF1000F11D0F5
:10617000274637F8023BBCF1010F20F8123009D056
:106180001346229A67881A44BCF1020F20F8127055
:106190000CD1271D2D9A032A14D2269A259C013250
:1061A000D243A118BCF1000F33D1A0E70D9ADDF85E
:1061B000ACC01A44A388A71D20F812302D9A032AD8
:1061C000EBD300BFDDE9121C14980022344600BF57
:1061D00037F8086B043221F8146093B237F8066C74
:1061E00073452CF8146037F8046C2AF8146037F8FB
:1061F000026C20F814602C44EAD11598DDF878A0E0
:106200000119DDE92BC0279E3C46BCF1000F3FF48D
:106210006EAF3C4634F8022BBCF1010F20F8112080
:106220003FF465AF229A0446881822467C88BCF168
:10623000020F22F810407FF451AF3C1D54E700BF1D
:10624000891A059A1E91039902FB053300441290A6
:1062500001FB05F01593229B2C9C00EB4300049B53
:106260004FEA850C03FB0544002614942C9C04443F
:1062700013942C9C01FB054A2999CDF874A04C1C61
:106280002C99023102FB051203FB05170B1821465E
:106290002E9C1546504619E01298BA885044BC1DF1
:1062A00021F810201E9802362899279F86422698AA
:1062B000DDF874A001F1020105F1040507F10407FE
:1062C00003F1040300F104003FF497AECDE9260783
:1062D0002D9825960328299828913044209003D2A0
:1062E00002462B9868BB43E0CDE91B353746DDE914
:1062F00014565146DDF84CA073464FF0000E00BF17
:1063000034F8080B0EF1040E21F817001FFA8EF274
:1063100034F8060C9A422AF8170034F8040C25F8D1
:10632000170034F8020C26F81700A7EB0C07E7D18A
:106330009E46DDE91B352998259EC21927462B98D4
:10634000B0B1274637F8020B11462B9A012A0A46AC
:106350002C9921F812000BD022982B9F10441C92EC
:1063600062882C99022F21F810200BD1271D00BF25
:106370002D98032810D2209800F1010A2B9890BB89
:1063800090E700BF12981C9AA71D1044A28821F81C
:1063900010202D980328EED3DDE9266A0024002082
:1063A000194600BF37F8082B06EB440304305A8027
:1063B00037F8062C83B221F8142037F8042C7345E3
:1063C0002AF8142037F8022C25F81420A4EB0C042A
:1063D000E8D12898259E00EB040A2B983C460B46F2
:1063E00000283FF45FAF3C4634F8020B2B9A2C99FF
:1063F000012A21F81A003FF455AF22982B9C7A8885
:106400002C995044022C21F810207FF445AF3C1DFC
:1064100048E700BF229D0E46681905EB45010218AA
:106420002C984900831E770001EB46012D9202EB68
:10643000460228982E447600A1EB4001A2EB4002D0
:10644000A6EB4006A7EB400503EB010C1A449F198D
:106450005E190023002500BF34F8080B043526F828
:106460001300A9B234F8060C714527F8130034F86C
:10647000040C22F8130034F8020C2CF813002D98A9
:106480000344E9D128980699C04308441F9FDDF8CA
:10649000ACC01844BCF1000F16D021882C9ABCF176
:1064A000010F22F810100FD02299BCF1020F0844FE
:1064B00061882C9A22F8101006D0229AA1881044E4
:1064C0002C9A22F8101000BFDAF8100000F030000B
:1064D00010280BD10F98219B239D19181A9E68181C
:1064E0000138199C2C9A3180B0800EE00999249AC9
:1064F000BAF80000891A239D08441A9E411B199C72
:106500000131B08031802C9A219B2C9203FA85F2C4
:10651000A242249206DBBA69D20703D0BA69920775
:1065200048D400BF00227A61BAF80830BAF80A707D
:106530001944ADF8C410718818443944ADF8C61038
:10654000ADF8C8002C9AF088002A2E9E08BF32466B
:106550003844DAF814301F9FADF8CA00504631A90C
:1065600098473869DDF8BCE000283FF4E1A9DAF883
:10657000281069B119B150468847DDF8BCE0386988
:1065800000283FF4D5A9DAF828100029F3D1F6E75E
:10659000386900283FF4CCA9386900283FF4C8A91D
:1065A000386900283FF4C4A938690028F0D1FFF702
:1065B000BFB900BF0122B6E7AA68824218BF0146F0
:1065C000A96041B0BDE8F08FDAF80000C06AC8B138
:1065D00030A9EDF70FFE01287FF466A80DF1C4087D
:1065E0004046E2F781FADAF800003FAA90F8291055
:1065F000C36A8DF8CF1020464146E2F70BF9FFF74A
:1066000053B800BF0DF1C4084046E4F75DFBDAF86B
:1066100000006268418D90F82900ADF8C8108DF82F
:10662000C70020464146E4F735FBFFF73DB800BF01
:106630002188A0886388E288471A7E1CD71A7C1CB0
:1066400014FB06F7012F49D030B221B2DDF8B8E0D3
:1066500000FB01F0BB1E0EEB4000002108380422B5
:106660000EEB020737F8046CC488C6804E1CB34298
:1066700027F8044C22D90EEB410601F1020C5C1EF6
:106680006445B6F802C08488A0F804C0748015D9A7
:106690003EF80260B0F802C04680CE1C9C1EB44298
:1066A0002EF802C00AD97E88048820F808697C8008
:1066B0000431DF1E043B08328F42D1D81A9EF28883
:1066C0007388B08831880AE0DDE90195002A3FF43B
:1066D0009DA81046F1F7C6FAFFF798B81A9EBAF8C7
:1066E0000270DB43D2433B443A44F3807280BAF8F1
:1066F0000070C943C04339443844B1803080BAF88F
:106700000870BAF80A603844ADF8C400B018ADF8A3
:10671000C6007818ADF8C800F018DAF81430ADF8F3
:10672000CA0031A95046FFF76FB800002DE9F04FBD
:1067300087B0002157220446F5F7C0F907462046E6
:1067400000215922F5F7BAF9616AD4F84490019012
:106750000846EFF7C3FF40F26C01C2F200010A687D
:1067600049460546904740F26401C2F200010A68BA
:1067700005EB000B03905846002190470D28014679
:10678000B7F808A008BF20210A2808BF2021064624
:10679000002808BF2021384600220297EBF7B2FFFD
:1067A000616A804606AA08464946EFF77BFE676A9B
:1067B0003846EFF793FF024638460021F3F7CAFB4D
:1067C000BDF91810626A01FA88F1B2F91430B2F911
:1067D00018201944914223DD94F8601009071FD452
:1067E0000328574620D0019ABDF81A103A440020D9
:1067F0001144ADF81800ADF81A10BEB140F26000B7
:10680000C2F20000016858468847039E00210644F2
:1068100040F26400C2F200000268A819904706E046
:10682000039E574612E000BF039E0FE0039E014601
:106830000A2808BF2021002808BF20210D2808BFF2
:10684000202102980022EBF75DFF804620464FF49E
:10685000E02132222665F5F731F9054620464FF44E
:10686000E0211022F5F72AF9814620464FF4E02175
:106870001122F5F723F9824620464FF4E021122237
:10688000F5F71CF9064620464FF4E0211322F5F7F0
:1068900015F9BDF818107219A1EB020BBDF81A20FA
:1068A00009EB0503A2EB03096B1E03EB080630445A
:1068B0004518D819616A50448618B4F848008B8A84
:1068C000B4F84A201844ADF81000C88AB4F84E1045
:1068D000B4F84C70024408440DF11008ADF81220D1
:1068E000DA19ADF8160020464146ADF81420F5F748
:1068F00079FE606AA4F848B0A4F84A90818AC08AF8
:1069000001EB0B02ADF8102000EB090229443044E2
:10691000ADF81410ADF8160020464146A4F84C50CE
:10692000A4F84E60ADF81220F5F75CFE07B0BDE8A4
:10693000F08F00002DE9F04182B000215022044682
:10694000F5F7BCF881B2122200EBD1304FF44031A0
:1069500005B22046F5F7B2F8804620464FF44031A4
:106960001322F5F7ABF8064620464FF440311022CB
:10697000F5F7A4F8074620464FF440311122F5F709
:106980009DF8A18A228D08EB65031144CA1AADF85F
:106990000020E28A638D07EB650700EB650006EBDC
:1069A00065061A4439441044931BADF80410ADF841
:1069B000060069462046ADF80230F5F713FE204682
:1069C000F5F728FA0546204600215022F5F776F81B
:1069D00094F83C1001F00301DFE801F00204080222
:1069E000A68C0FE094F8261002E000BF94F8271060
:1069F0004FF4B47201FB02F145F62942C0F28F2236
:106A0000A1FB021600B21FFA85F8281A00EBD0701D
:106A1000471030B2FCF778FD07FB00F0C00B208573
:106A200006F15A0000B2FCF76FFD05EBD83107FB09
:106A300000F009B2228D4B1002EB610103EBD03064
:106A400021856085204600215022F5F737F881B274
:106A5000122200EBD1304FF4403105B22046F5F759
:106A60002DF8804620464FF440311322F5F726F8E2
:106A7000064620464FF440311022F5F71FF807462E
:106A800020464FF440311122F5F718F8A18A228DE3
:106A900008EB65031144CA1AADF80020E28A638D41
:106AA00007EB650700EB650006EB65061A44394401
:106AB0001044931BADF80410ADF80600694620465B
:106AC000ADF80230F5F78EFD02B0BDE8F0810000B0
:106AD0002DE9F04F91B00D46834608460121F5F7A8
:106AE0000BFA002840F085812846D3F77FFA00286A
:106AF00048D00746284600216122F4F7DFFFC1B2E3
:106B00000229C0F0768180462846D3F767FA02ACA6
:106B1000064628462146F4F739F9204631463246E2
:106B2000DDF7ECFD012F35D0022F40F06281DDE969
:106B300002100CAC00220023CDE90C10284621469F
:106B4000F5F7EAF8DBF808100EA82246D1F7D0FDD9
:106B5000002800F04E81DDE90E100AAC002201236E
:106B6000CDE90A1028462146F5F7D6F802AA2046B4
:106B70002146D1F7BDFD002800F03B81DDE90A1078
:106B800013E000BF5846294611B0BDE8F04FF6F7B4
:106B900025B800BFDBF808100EA802AAD1F7A8FD9F
:106BA000002800F02681DDE90E1008AECDE90810BE
:106BB00005F11401304600220C464FF00009D1F7D0
:106BC000C7FD68B102AA284612218DF808900396E5
:106BD000EBF74AFB9DF80820002A18BF012200E0CD
:106BE000012208A9584602F10209012F08BF4A46AE
:106BF000E2F712FB002800F0FC8006462846002140
:106C00006F22CDF80490F4F759FF81462846002101
:106C10007022F4F753FF09F4C041B1F5005F8246DA
:106C20001BD10FFA89F020F4C040B0F5FA6F14DCE4
:106C3000A98A2A8BB0F57A7FC8BFC0F57A70511A3D
:106C4000013109B200FB01F048F21F51C5F2EB110E
:106C500050FB01F0411101EBD0790AF4C040B0F5CE
:106C6000005F1BD10FFA8AF020F4C040B0F5FA6F34
:106C700014DCE98A6A8BB0F57A7FC8BFC0F57A70F8
:106C8000511A013109B200FB01F048F21F51C5F25F
:106C9000EB1150FB01F0411101EBD07A02A8E1F7B2
:106CA00023FF284600216E228DF81380F4F706FF9B
:106CB00001B2ADF80800B1F5616F03DD4FF2F011DC
:106CC00005E000BFB1F1FF3F04DC4FF4616108440F
:106CD000ADF80800284600216D22F4F7EFFEADF86C
:106CE0000A00284600216822F4F7E8FE9DF81410F7
:106CF00000F00F0001F0F001084440F29011C2F2E0
:106D0000000109688DF8140008689DF81C10007CCB
:106D100001F0FE01C0F3C000012F08448DF81C00F3
:106D200046D1D6E90001728ABDF9263002EB104245
:106D3000013A12B2B2EB214FA8BF0A14B3EB204FB5
:106D4000C6E90201F28150DB0198C00754D1F089F5
:106D500002AFB6F9061000B200228842C8BFF18126
:106D600058463146E2F74CFA58462946F5F736FFC1
:106D7000DBF80400A98A02884944891AADF80C108E
:106D8000E98A40885144081AADF80E005846314649
:106D90003A46E2F73BFAF089BDF92630411C0AB2C7
:106DA0007181718A9A420844F081D2DD1DE000BFF2
:106DB000B6F90A00BDF92610884216DC5846294665
:106DC000F5F70CFFDBF80400A98A02884944891A08
:106DD000ADF80C10E98A40885144081AADF80E004D
:106DE00002AA58463146E2F711FA58463146E2F710
:106DF00045FA11B0BDE8F08F06F108070DF108085B
:106E000032E000BF7089318A012208440138F081E4
:106E1000B6F9061000B28842C8BFF1815846314623
:106E2000E2F7EEF958462946F5F7D8FEDBF80400FC
:106E3000A98A02884944891AADF80C10E98A408869
:106E40005144081AADF80E00584631464246E2F762
:106E5000DDF9F089BDF92630411C0AB27181718AD1
:106E60009A420844F081C0DC384621460022D1F71E
:106E70006FFC0028C6D000208DF83800284612216B
:106E80000EAA0F97EBF7F0F99DF838000028B9D15A
:106E9000F0890022BCE700002DE9F0410D46804654
:106EA00041B940F29010C2F200000068E1F74CFADC
:106EB0000546E0B340462946FFF70AFE2846F4F7A8
:106EC00023F8002808BFBDE8F08100BF0646F3F7AD
:106ED000CFFEB8B107460024002006E04046FFF789
:106EE000F7FD01200134A7420CD0B168C007096842
:106EF00051F82410F2D1481BB0FA80F04009013457
:106F0000A742F2D1304617214246EBF7ADF93046A1
:106F100018214246EBF7A8F9304619214246EBF713
:106F2000A3F93046F3F7F0FF00283546CED1BDE88F
:106F3000F08100002DE9F04792B088460021054617
:106F4000F3F786FE002800F08B800446EFF7C6FBBF
:106F50000246204600210026F2F7FCFF012817D048
:106F600003280DD0022817D12846F3F7F3FE064672
:106F70002046F4F74FFF301A00EBD070461007E0C0
:106F80002846F3F7E7FE06462046F4F743FF361A95
:106F900031B22046F7F72AFC284600215722F4F7A1
:106FA0008DFD0646284600215922F4F787FDB6F8E4
:106FB00008A081462846F3F7B1FE06462846002180
:106FC0006522F4F77BFDB8FA88F11FFA80F84809CA
:106FD000B8FA88F1490940EA0107012F04BF2846A1
:106FE000DCF7C0F8B0B20AEBDA3206EBD03012B2FE
:106FF00000B2E98C4008A0EB52000AEB090201FB49
:10700000120005B277B147F67501C0F603012046BC
:10701000DCF7D6FB2046294612B0BDE8F047F7F76B
:10702000FBBB00BF01AE3046DCF7F0FC47F6750055
:10703000C0F60300029020460194F4F711FFCDE959
:10704000090047F24130C0F60300049043F67D206A
:10705000C0F6010008903046CDE90B58DCF758FD2A
:1070600012B0BDE8F08700002DE9F04F89B04FF471
:10707000A02112220446F4F721FD814620464FF458
:10708000A0211322F4F71AFD824620464FF4A021D6
:107090001022F4F713FD834620464FF4A02111225D
:1070A000F4F70CFD064620464FF4A0215822F4F7D1
:1070B00005FD074620464FF4A0215922F4F7FEFCB7
:1070C000054620464FF4A0215722F4F7F7FC08901C
:1070D00020464FF4A0210522F4F7F0FC804620461C
:1070E0004FF4A0210622F4F7E9FCE18C81B34A4673
:1070F0000FFA80F933B20FFA8BF0079306900FFA6C
:107100008AF0394605900FFA88F70FFA82FB0FFADA
:1071100085F80FFA81FA079D002600BFCDE9008BA4
:107120000598B1B20290069853460390089A2046FB
:107130000495DAF799FB4845A8BF4846E16AB8428A
:10714000D8BF384621F81600E08C01368642E5D3D8
:107150002046F6F799FB204609B0BDE8F04FF5F759
:1071600011BA0000F0B581B00446F3F781FDB0B16B
:1071700005460027A068006850F827603046F5F7FC
:1071800001FA30462A210022EBF76EF83046F5F777
:10719000F9F93046FFF7E6FF0137BD42EAD101B009
:1071A000F0BD0000F0B581B00C46498C0546C1F336
:1071B000051171B335B36FF0170202EBC10E6FF01A
:1071C0000702E06802EBC1036FF00F024FEAC10C47
:1071D00002EBC10600214258AA4213D08B4218D0BC
:1071E00042189768AF420DD08E4212D01769AF4255
:1071F00008D08E450DD09269AA4203D020318C452B
:10720000E9D106E020464FF470214FF6FF72F6F701
:107210006DFB2046F3F72CFD60B10646002700BF4A
:10722000A068006850F827102846FFF7BBFF013719
:10723000BE42F5D101B0F0BD70B505460068F3F768
:10724000ABFD04460069272100220026EBF70CF86D
:10725000606928210022EBF707F8606928B194F8EB
:107260002810890748BFF2F7FBFF94F82800602137
:1072700000F0FE0084F82800286800226661A661FC
:10728000F6F7FCFB2069BDE87040F5F77BB900001C
:10729000B0B505460068F3F77FFD0446E1F700F856
:1072A00010B9E0F7FDFF48B1016928686161262146
:1072B00000222061BDE8B040EAF7D6BF0021F4E724
:1072C00070B50446F3F768FD002808BF70BD056976
:1072D00006465DB1284625210022EAF7C5FF306940
:1072E00020B1204626210022EAF7BEFF00203461AB
:1072F000B0615CB1204627210022EAF7B5FF306972
:1073000020B1284628210022EAF7AEFF2046BDE83A
:107310007040F5F737B9000010B50446EAF788FF6A
:10732000072818BF10BD2046EAF79CFFBDE81040B3
:10733000E1F74EB800680A210022EAF795BF000085
:1073400080B50068F3F7E0FDBDE88040DBF70ABFD9
:107350002DE9F04F87B0044608461F4692460D4679
:10736000F3F7D2FD10210646F4F7C6FD002800F021
:107370005B81B068CDE9034780B1417E007E01F0BA
:107380000F01C0F3011005F1140B019102900028C8
:10739000CDF800B008BFA34608E000BF05F1140017
:1073A00000900F20019000200290A346304600215B
:1073B000322200230693F4F781FB814630460021F8
:1073C0001022F4F77BFB00EB090830460021112264
:1073D000F4F774FB00EB0907F08ABBF80210BAF867
:1073E000022040441144401ACDF814A00FFA80FA4C
:1073F000708BBBF806103A44101A084405B23046A8
:10740000F3F726FDBAF1000F07EB080402D4B5F13B
:10741000FF3F23DCBAF1010F0EDBB16800291ABF70
:10742000498A4942002109B25145B8BF4FF0000ACC
:10743000CDF818A012E000BF012D0DDB82463046CA
:107440006D42F3F77DFD014601FA85F150460029B2
:1074500048BF0025069501E000210691029ADDF85B
:1074600014A0001BDFE802F02402080EF08ABBF82B
:1074700002104044401A1AE0BBF80600718B3844F1
:10748000081A14E082B2BBF80230BBF8067000EBB9
:10749000D230FA1A013297B200B2F18A02EBD73237
:1074A00008EB600012B20844C01AA0EB620006901C
:1074B000B06848B1007E039DC0F3810B0098BBF11A
:1074C000000F18BF054602E0039D4FF0000B304649
:1074D000002112220027F4F7F1FA00EB09083046E8
:1074E00000211322F4F7EAFA8144B08A2988BAF815
:1074F000002040441144401A04B2308BA9884A4409
:10750000101A084400B2002C02D4B0F1FF3F16DC80
:10751000012C07DB3046F3F7A7FDA042B8BF0024DB
:1075200027460CE0012809DB47423046F3F718FEF6
:1075300000FA87F0002848BF002700E00027304607
:10754000F4F768FCDFE80BF02402080EB08A298803
:107550004044471A1CE000BFA888318B48440F1AEA
:1075600016E000BF09EB0801401A81B22B88AF88F2
:1075700000EBD130F91A01318FB200B2B28A01EBBF
:10758000D73108EB600009B21044C01AA0EB6107C4
:1075900047F2FD61C0F603013046DCF711F947F20E
:1075A000AD610546C0F603013046DCF709F9049CDD
:1075B000002D08BF002806D030460A210022EAF735
:1075C00053FE012830D1019D38B2E90708BF20EAF7
:1075D000E07738B20022002858BF1046A90748BFFC
:1075E0003846069F6B0739B258BF21EAE17739B2B6
:1075F0002346002948BF0A46082D28BF3A46BAF854
:107600000010002C18BF0144BAF80270AAF800104C
:1076100018BF174401B212B23046AAF8027007B080
:10762000BDE8F04FF6F734BB07B0BDE8F08F0000BF
:10763000B0B582B0C18E828E6B460446D9F732FE59
:10764000BDF90000B0F1FF3F0CDDBDF9045020464C
:10765000F4F7E0FB85420CDD2046F4F7DBFB401B32
:1076600001E000BF404201B2204600220123F6F7AC
:10767000C7FBBDF90200B0F1FF3F0DDDBDF90650BB
:107680002046F3F7E5FB8542DCBF02B0B0BD2046E3
:10769000F3F7DEFB401B00E0404202B2204600212F
:1076A000012302B0BDE8B040F6F7AABBB0B504466E
:1076B000806800281ABF008A404200200844010464
:1076C00008BFB0BD05B22046F2F730FBA06800222B
:1076D000018A01232944018220462946F5F706F84C
:1076E00020460B210022EAF7BFFD012804D12046E5
:1076F000BDE8B040F4F746BFB0BD0000B0B50446E9
:10770000806800281ABF408A4042002008440104D3
:1077100008BFB0BD05B22046F2F708FBA0682A46B4
:10772000418A01232944418220460021F4F7DEFFEB
:1077300020460B210022EAF797FD012804D12046BC
:10774000BDE8B040F4F71EBFB0BD00002DE9F04326
:1077500081B0064640F250700D46C2F200004FF470
:1077600000711446C8F7DEFD3046C8F70EFE40F63D
:10777000586782B2C2F20007384631466423CDF71B
:10778000C7F930A1384602226423CDF7C1F92EA0F3
:10779000314607F07DF8C9F7CBF80646C9F7C8F8B7
:1077A000801BA0420ED29DB140F25070C2F2000088
:1077B0002946C8F7C2FDD8B143F271000124C0F6D2
:1077C000040035E043F27B000024C0F604002FE003
:1077D00043F27B05C0F60405322005F04FFBC9F7E4
:1077E000A7F8801BA042F7D30024284620E000BF62
:1077F00043F27B0840F2507743F27109C0F6040867
:10780000C2F20007C0F60409322005F037FBC9F7C1
:107810008FF8801BA04209D238462946C8F78DFD53
:107820000028F1D00124484602E000BF0024404671
:1078300040F25071C2F2000107F02AF8204601B070
:10784000BDE8F0830D0A0000434D443A2025730D36
:107850000A000000A0F84410F4F794BEA0F8461007
:10786000F4F790BE09B2F6F7C1BF000009B2F6F70F
:10787000D3BF000009B2F6F7CFBF0000F0B581B06A
:107880000020F2F7DFFC40F2D807C2F200073860B0
:10789000EEF7FAF9A2A10446EFF73CFC20460221DC
:1078A00000221423F1F72CFF3868DDF733FC782130
:1078B00032220546F6F752FD2846092100226FF0D4
:1078C0003B03F1F71DFF2846EEF7DEF999A10446C8
:1078D000EFF720FC2046092100220023F1F710FFDA
:1078E00040F61924C0F60104284621460722312318
:1078F000F1F794FD3868DDF70DFC7821322205465A
:10790000F6F72CFD2846092100220A23F1F7F8FE9C
:107910002846EEF7B9F98AA10646EFF7FBFB304699
:10792000092100220023F1F7EBFE28462146072219
:107930003223F1F773FD3868DDF7ECFB7821322252
:107940000446F6F70BFD2046092100225023F1F7EB
:10795000D7FE2046EEF798F97CA10546EFF7DAFB53
:107960002846092100220023F1F7CAFE3868DDF716
:10797000D1FB3C211E220646F6F7F0FC30460921D9
:1079800000228723F1F7BCFE3046EEF77DF972A1A5
:107990000546EFF7BFFB2846092100220023F1F737
:1079A000AFFE47F219357B68C0F60305304629461D
:1079B0000722F1F733FD0020F2F744FCB860EEF740
:1079C00063F967A10646EFF7A5FB304602210022C6
:1079D0001423F1F795FEB868FAF790FA78212D2272
:1079E000F860F6F7BBFCF868022100224623F1F7A5
:1079F00087FEF8680121FAF7F5FEF8680121FAF729
:107A0000EFFEF8685BA1FAF727FEF8685CA1FAF7C9
:107A10008BFF4BF29126F868C0F6030631460E2222
:107A20000023F1F7FBFCF86831460F220023F1F741
:107A3000F5FCB868DDF76EFB50212D223861F6F7B2
:107A40008DFC386909216FF03B023C23F1F758FEA9
:107A50003869EEF719F94BA10646EFF75BFB3046A4
:107A6000092100220023F1F74BFE386940F6C511C9
:107A7000C0F6010107220023F1F7D0FCB868DDF75A
:107A800049FB50212D227861F6F768FC78690921BD
:107A90003C223C23F1F734FE7869EEF7F5F83BA180
:107AA0000646EFF737FB3046092100220023F1F7A5
:107AB00027FE786940F6B511C0F6010107220023C0
:107AC000F1F7ACFCB868EDF7F9FE0321B861EEF709
:107AD0002DF8F968B869EEF741F8B86942F2640127
:107AE0008C22F6F73BFCB869052100220023F1F750
:107AF00007FEB8690121F1F7D7FCB86943F20151DB
:107B0000C0F601011C220023F1F788FCBB68204667
:107B10002946072201B0BDE8F040F1F77FBC00BF65
:107B200046696E6765727072696E74204D6F646528
:107B300000000000456E726F6C6C20283129000037
:107B4000556E6C6F636B20283229000044656C65AC
:107B500074652028332900003C204261636B0000DB
:107B600044656C6574652046696E6765722049449A
:107B700000000000303132333435363738390000F8
:107B8000302D3900436F6E6669726D004261636B20
:107B90000000000070B5E0F783FBE0F7D5FB40F292
:107BA000D806C2F200067060E0F77AFBE0F7CCFB83
:107BB000DDF7B0FA0A210A220446F6F75BFB2046FD
:107BC00096213222F6F7CAFB2046EEF75DF856A161
:107BD0000546EFF79FFA2846092100220023F1F716
:107BE0008FFD43F27171C0F6010120460722002388
:107BF000F1F714FCE0F754FBE0F7A6FBDDF78AFA97
:107C00000A2146220446F6F735FB20469621322209
:107C1000F6F7A4FB2046EEF737F846A10546EFF746
:107C200079FA2846092100220023F1F769FD4BF675
:107C30000131C0F60001204607220023F1F7EEFBD8
:107C4000E0F72EFBE0F780FBDDF764FA0A218222E1
:107C50000446F6F70FFB204696213222F6F77EFB0C
:107C60002046EEF711F836A10546EFF753FA2846FD
:107C7000092100220023F1F743FD43F62571C0F6E8
:107C80000301204607220023F1F7C8FBE0F708FBB9
:107C9000E0F75AFBDDF73EFA0A21BE220446F6F76A
:107CA000E9FA204696213222F6F758FB2046EDF7F6
:107CB000EBFF27A10546EFF72DFA28460921002200
:107CC0000023F1F71DFD4DF29D31C0F60301204662
:107CD00007220023F1F7A2FB7068DDF71BFA0A21E7
:107CE000FA220446F6F7C6FA204696213222F6F723
:107CF00035FB2046EDF7C8FF19A10546EFF70AFA54
:107D00002846092100220023F1F7FAFCFFF7B6FD0F
:107D1000336847F21931C0F6030120460722BDE857
:107D20007040F1F77BBB00BF4C4544204F4E2F4FB6
:107D30004646000042454550204F4E2F4F464600D4
:107D40005265747279202F20436F6E6E65637400E4
:107D5000576946692053657474696E677300000043
:107D600046696E6765727072696E74203E0000002D
:107D70002DE9F04F95B08346400004924D100A91D2
:107D800001F001041390EFF717FE1490BBF1010FFF
:107D9000ABF1010E04EB05000BF003021190CDE9ED
:107DA0000752CDF848E0C0F2E1801199AC46AEEB45
:107DB000010020EAE0700EEB05030B90ABF102002E
:107DC00005440990401A20EAE070C1F100090690CC
:107DD000ABF1030000EB0C060390401A20EAE070C0
:107DE00000210290ABF104000190DDF8108008EB57
:107DF0004C00071F1498A0F1040AA8F1020010908B
:107E0000CDE90C650E9319E0DDE9134140462246A9
:107E10007746EFF7EDFF1098DDF81CC020440F996E
:107E20001090DDE90C6508EB4B080131DDF848E006
:107E3000089A0E9B2744594500F098800F9138F816
:107E40001E000A9900FB01F0A2B114995B4521F8CC
:107E50001E00B4BF38F813100021401A0B99012AF4
:107E600038F8111008440BD10999BBF1040FBE4634
:107E7000CAD32FE07146BBF1040FBE46C4D329E03C
:107E80001499099C5D4521F81400B4BF38F8151009
:107E90000021401A0699022A38F81110084405D129
:107EA0000399BBF1040FBE46AED313E01499039AB5
:107EB0005E4521F81200B4BF38F816100021029A6E
:107EC000401A38F8122001991044BBF1040FBE4645
:107ED0009AD300BF149A109C0CEB010302EB4102F1
:107EE00004EB430309EB010727EAE7750CEB0104F8
:107EF00010805C45B4BF5E88002638F81550801BA2
:107F000028447D1E25EAE575661E22F8020C5E45B2
:107F1000B4BF1E88002638F81550801B2844BD1EAB
:107F200025EAE575A61E2AF811005E45B4BF3EF8A5
:107F30001160002638F81550801B033F284427EABB
:107F4000E777E61E22F8060C5E45B4BF33F8046CF2
:107F5000002638F81770801B38440329A1F104016A
:107F6000A2F10802A3F10803BCDC4DE7DDE9135CD4
:107F7000DDF84490BBF1000F00F082810BFB0BF0A9
:107F80000A9A4FF47F51B1FBF2F60128024698BFDE
:107F90000122042880F07A810021D0070CD00498B7
:107FA00030F8112042B1B2F57F5F02D00A9892FBFF
:107FB000F0F6049820F81160089EBBF1010FC0F2A2
:107FC0005F810CF1040101910CF1020100914FEA73
:107FD000CB010391079AACF10203C2F1030101FB4B
:107FE0000BF1C2F100084F00C2F1020101FB0BF1DD
:107FF000C2F101044FEA410A02FB0BF10022A2EB9D
:10800000410102930B9147F6FC70049900EA0B00C2
:1080100009911090CDE90E87CDE90C4ACDF814B046
:1080200009E000BF069A099901325A4501F102019F
:10803000099100F025810498069230F8121000EBA7
:1080400042030A98BBF1040F01FB00FA06D24FF07D
:10805000000B1C46002E40F08E80D9E0DDF8089021
:10806000099CDDF814E04FF0000B00BF4FEA9A12B4
:10807000BAF1000F48BF00220E98A046A9F80220CE
:1080800000EB0B0442460B98012CA8BF0244119848
:10809000DDF848C000EB0B0766467745B8BF3E46A3
:1080A00006FB0EF6128833F81660AAEB020292194C
:1080B0004FEA921648BF00261498194600EB4B056C
:1080C000601C012870460C9BA8BF03FB00F06E806B
:1080D0007E1C38F810007645A8BF664606FB0EF6F3
:1080E000101A31F816200B46139980184FEA901297
:1080F00008EB010648BF0022AA80A21C7518012ABD
:108100002A460D9EA8BF08EB0602BE1C7645A8BFF6
:10811000664606FB0EF6128833F81660801A801940
:108120004FEA901248BF002229F8082F6A1803343A
:10813000012C14460F9DA8BF08EB0504FD1C7545D6
:10814000A8BF654605FB0EF5248833F81550001BC3
:1081500000EB050A10980BF1040B584502EB0104E3
:1081600084D1DDE9135CDDE9119E0398089E08EBDC
:108170000004002E4CD04FEA9A10BAF1000F48BF0D
:108180000020012E2CF81B0042D007980599ABEB7C
:10819000000000FB01F201282046A8BF03EB4200CB
:1081A00009EB0B028A42A8BF724602FB01F200886B
:1081B00033F81220AAEB000010EB02084FEA9810E7
:1081C0000BF1010748BF0020022E2CF817001FD02A
:1081D00007980599381A00FB01F2012803EB4202C7
:1081E00009EB0700B8BF04EB41028842A8BF704604
:1081F00000FB01F0128833F81000A8EB020280188F
:108200004FEA901048BF0020019A22F81B0000BFDF
:10821000DDF814B00021BBF1040F19D3029B099EB5
:10822000109800BF34465E880CEB410726807E889C
:1082300062196653BE885719565333F8082F7E19B2
:10824000043188422E447A53ECD1039A089EA31835
:10825000002E3FF4E7AE3CF81140012E1C803FF4A5
:10826000E1AE009A022E32F8114023F81B403FF491
:10827000D9AE019A32F8111023F82B10D2E600BFC4
:10828000604615B0BDE8F04FEFF7ECBC049822F063
:108290000303041D002106E0608004318B4204F1D9
:1082A00008043FF47AAE34F8047C47B1B7F57F5F39
:1082B000304602D00A9897FBF0F024F8040C34F80A
:1082C000027C47B1B7F57F5F304602D00A9897FB32
:1082D000F0F024F8020C27883FB1B7F57F5F3046F5
:1082E00002D00A9897FBF0F020806788002FD4D046
:1082F000B7F57F5F3046CFD00A9897FBF0F0CBE719
:108300002DE9F04782B040F2D018C2F20008D8F848
:108310006810C80710D112200421F6F70BFBD8F81B
:108320006810C907A8F802004FF012000CD0052110
:10833000F6F700FB0BE000BF41F2A300C907A8F865
:1083400002004FF01200F2D10421F6F7DFFA98F89C
:1083500068104FF6FF79C907A8F8040006D112206B
:108360000221A8F80690F6F7E5FA05E042F6461075
:10837000A8F8060042F68610A8F8080098F8000051
:10838000D8F80C10012801F1D00003D1F8F784FCD3
:1083900002E000BFF8F738FB98F80000D8F80C109E
:1083A000012801F1D80003D1F8F776FC02E000BF04
:1083B000F8F72AFB43F2FE5643F6B92708F12005E9
:1083C000C0F60406C0F6010700244FF0460C28460C
:1083D00031463A465023CDE900C4F8F71FFE08F1B4
:1083E000340A504631463A46502300940194F8F737
:1083F00015FED8F80C002946D030F8F707FED8F85B
:108400000C005146D830F8F701FE98F80000D8F873
:108410000C10012801F108000AD1F8F73DFC98F88A
:108420006800C0070AD012200221F6F76FFA08E0B0
:10843000F8F7EAFA98F86800C007F4D11220F6F7C6
:1084400091FAD8F80C2081B202F10800F8F74AFC42
:10845000D8F80C0047F6FF710830F8F7A7FDD8F8F8
:108460000C00D8F8546000F108053046DFF71EFF15
:1084700023280FDB3046DFF719FFC0EBC00046F2C0
:1084800067615030C6F2666150FB01F0811101EB6B
:10849000D07000E0012006B228463146F8F77EFC95
:1084A00028463146F8F77EFC28463146F8F782FC2C
:1084B00028463146F8F76AFCD8F80C00D8F8546022
:1084C00000F108053046DFF7F1FE302810DB3046BA
:1084D000DFF7ECFE00EB800046F267615030C6F239
:1084E000666150FB01F0811101EBD07001E000BF2B
:1084F000012001B22846F8F78DFDD8F80C0066215E
:108500000830F8F7FBFBD8F80C0051460830F8F7B4
:108510007DFD98F80000D8F80C10012801F110003A
:1085200002D1F8F7B9FB01E0F8F76EFAD8F80C00C1
:10853000FF211030F8F7E2FB98F80010D8F80C0093
:10854000012903D1F8F7A8FB02E000BFF8F75CFAB5
:10855000D8F80C00FF21F8F7D1FBD8F80C00B8F8D8
:108560000210F8F7BFFBD8F80C00B8F80410F8F7C1
:1085700039FDD8F85450D8F80C4098F801602846D6
:10858000DFF794FE022E05D0012E07D1112819DD48
:108590000E2606E0132815DD0C2602E0182811DB54
:1085A0000A262846DFF782FE502116FB001046F20D
:1085B0006761C6F2666150FB01F0811101EBD0707A
:1085C00001E000BF012001B22046F8F7EFFBD8F828
:1085D0005450D8F80C4098F801602846DFF766FE42
:1085E000022E05D0012E07D1112819DD0E2606E036
:1085F000132815DD0C2602E0182811DB0A26284670
:10860000DFF754FE502116FB001046F26761C6F2F8
:10861000666150FB01F0811101EBD07001E000BFF9
:10862000012001B22046F8F7B5FB98F80000D8F811
:108630000C10012801F1180002D1F8F72DFB01E020
:10864000F8F7E2F9D8F80C00D8F8545098F801601F
:1086500000F118042846DFF729FE012E0AD114285C
:108660001ADB2846DFF722FE00EB4000502101EB29
:10867000800007E01E280FDB2846DFF717FE502199
:1086800001EBC00046F26761C6F2666150FB01F083
:10869000811101EBD07000E0012001B22046F8F713
:1086A00085FCD8F80C00FF211830F8F727FBD8F824
:1086B0000C00B8F806101830F8F714FBD8F80C00C6
:1086C000B8F808101830F8F71DFBD8F80C00D8F8E7
:1086D000545000F118042846DFF7E8FD78280FDB36
:1086E0002846DFF7E3FD502101EB400046F26761C9
:1086F000C6F2666150FB01F0811101EBD07000E021
:10870000012001B22046F8F70DFBD8F80C0001213A
:108710001830F8F7FFFAD8F80C00B8F80410183041
:10872000F8F760FCD8F80C00D8F8545098F80160BD
:1087300000F118042846DFF7B9FD022E0CD0012EF7
:1087400016D10A2826DB2846DFF7B0FD00EB4000F3
:10875000502101EBC00013E00C281BDB2846DFF79B
:10876000A5FD00EB8000502101EB800008E000BF78
:108770000F280FDB2846DFF799FD502101EB001091
:1087800046F26761C6F2666150FB01F0811101EBB0
:10879000D07000E0012005B220462946F8F7FEFA25
:1087A00020462946F8F7FEFA20462946F8F702FB4C
:1087B00020462946F8F7EAFAD8F80C00D8F85450C1
:1087C00098F8016000F118042846DFF76FFD022ECB
:1087D00006D0012E08D111281ADD0E2607E000BFB1
:1087E000132815DD0C2602E0182811DB0A2628467E
:1087F000DFF75CFD502116FB001046F26761C6F200
:10880000666150FB01F0811101EBD07001E000BF07
:10881000012001B22046F8F7C9FAD8F80C00D8F8C0
:10882000545098F8016000F118042846DFF73EFD27
:10883000022E05D0012E07D1112819DD0E2606E0E3
:10884000132815DD0C2602E0182811DB0A2628461D
:10885000DFF72CFD502116FB001046F26761C6F2CF
:10886000666150FB01F0811101EBD07001E000BFA7
:10887000012001B22046F8F78DFAD8F80C0000F17B
:1088800018041220F6F76EF881B22046F8F75EFA67
:10889000D8F80C00D8F8545000F118042846DFF737
:1088A00005FDF0280EDB2846DFF700FD46F2676184
:1088B0005030C6F2666150FB01F0811101EBD070BF
:1088C00001E000BF012001B22046F8F743FA98F812
:1088D0000000D8F80C10012801F1A00002D1F8F72F
:1088E000DBF901E0F8F790F8D8F80C00B8F8581068
:1088F000A030F8F73BFAD8F80C00D8F8545000F143
:10890000A0042846DFF7D2FC50280FDB2846DFF70B
:10891000CDFC00EB400046F267615030C6F2666164
:1089200050FB01F0811101EBD07000E0012001B299
:108930002046F8F727FAD8F80C00D8F8545000F180
:10894000A0042846DFF7B2FC50280FDB2846DFF7EB
:10895000ADFC00EB400046F267615030C6F2666144
:1089600050FB01F0811101EBD07000E0012001B259
:108970002046F8F703FAD8F80C007F21A030F8F76A
:10898000F9F998F80000D8F80C10012801F1A800B6
:1089900002D1F8F781F901E0F8F736F8D8F80C00C1
:1089A000B8F85A10A830F8F7E1F9D8F80C00D8F860
:1089B000545000F1A8042846DFF778FC50280FDB5C
:1089C0002846DFF773FC00EB400046F26761503049
:1089D000C6F2666150FB01F0811101EBD07000E03E
:1089E000012001B22046F8F7CDF9D8F80C007F211C
:1089F000A830F8F7BFF998F80000D8F80C10012853
:108A000001F1200002D1F8F747F901E0F7F7FCFF88
:108A1000D8F80C00D8F8545098F8016000F1200400
:108A20002846DFF743FC022E0AD0012E14D10F286E
:108A300024DB2846DFF73AFC502101EB001013E05D
:108A400014281BDB2846DFF731FC00EB40005021E7
:108A500001EB800008E000BF1E280FDB2846DFF78F
:108A600025FC502101EBC00046F26761C6F2666149
:108A700050FB01F0811101EBD07000E0012001B248
:108A80002046F8F793FAD8F80C00FF212030F8F7C9
:108A900035F9D8F80C00B8F808102030F8F722F9AA
:108AA00098F86800C0076ED1D8F80C0000F12004D7
:108AB0001220F5F757FF81B22046F8F77BFAD8F875
:108AC0000C0000F120040020DFF7F0FB50280FDB42
:108AD0000020DFF7EBFB00EB400046F2676150300F
:108AE000C6F2666150FB01F0811101EBD07000E02D
:108AF000012001B22046F8F76DFAD8F80C007F216A
:108B00002030F8F75FFAD8F80C00D8F8545000F18C
:108B100020040020DFF7CAFB3C2817DB00200026DA
:108B2000DFF7C4FBEF2101EB8001B1F59F7F26D970
:108B3000502101EB800046F26761C6F2666150FB8E
:108B400001F0811101EBD07601E000BF012628463B
:108B5000DFF7ACFB06FB00F0F0280FDB2846DFF761
:108B6000A5FB06FB00F046F267615030C6F2666175
:108B700050FB01F0811101EBD07600E0012631B20B
:108B80002046F8F71BFAD8F80C00B8F8041020308B
:108B9000F8F728FAD8F80C00D8F8545098F8016083
:108BA00000F120042846DFF781FB022E0CD0012EB5
:108BB00016D10A2826DB2846DFF778FB00EB4000B9
:108BC000502101EBC00013E00C281BDB2846DFF727
:108BD0006DFB00EB8000502101EB800008E000BF3E
:108BE0000F280FDB2846DFF761FB502101EB001057
:108BF00046F26761C6F2666150FB01F0811101EB3C
:108C0000D07000E0012005B220462946F8F7C6F8EA
:108C100020462946F8F7C6F8D8F80C00D8F8545082
:108C200098F8016000F120042846DFF73FFB022E90
:108C300006D0012E08D111281ADD0E2607E000BF4C
:108C4000132815DD0C2602E0182811DB0A26284619
:108C5000DFF72CFB502116FB001046F26761C6F2CD
:108C6000666150FB01F0811101EBD07001E000BFA3
:108C7000012005B220462946F8F79CF820462946EF
:108C8000F8F784F8D8F80C00D8F8545000F1200414
:108C90002846DFF70BFB302810DB2846DFF706FB02
:108CA00000EB800046F267615030C6F2666150FB0F
:108CB00001F0811101EBD07001E000BF012001B291
:108CC0002046F8F767F8D8F80C00D8F8545000F1AF
:108CD00020042846DFF7EAFA30280FDB2846DFF7C2
:108CE000E5FA00EB800046F267615030C6F266613B
:108CF00050FB01F0811101EBD07000E0012001B2C6
:108D00002046F8F753F84CF69920C0F60000C8F852
:108D1000100041F6E520C0F60100C8F8180098F8E8
:108D20000000D8F80C10012801F1580002D1F7F723
:108D3000B3FF01E0F7F768FED8F80C0008F1100166
:108D40005830F7F7F7FFD8F80C0023215830F7F721
:108D5000F5FF98F80000D8F80C10012801F1600028
:108D600002D1F7F799FF01E0F7F74EFED8F80C00B3
:108D700008F118016030F7F7DDFFD8F80C007F210B
:108D80006030F7F7DBFF98F80000D8F80C100128E6
:108D900001F1C00002D1F7F77FFF01E0F7F734FEE1
:108DA000D8F80C000121C030F7F7C0FFD8F80C004C
:108DB0000121C030F7F7AEFF98F80000D8F80C108A
:108DC000012801F1800003D1F7F766FF02E000BF40
:108DD000F7F71AFED8F80C00D8F8545098F801604C
:108DE00000F180042846DFF761FA022E0CD0012E34
:108DF00016D10A2826DB2846DFF758FA00EB400098
:108E0000502101EBC00013E00C281BDB2846DFF7E4
:108E10004DFA00EB8000502101EB800008E000BF1C
:108E20000F280FDB2846DFF741FA502101EB001035
:108E300046F26761C6F2666150FB01F0811101EBF9
:108E4000D07000E0012005B220462946F7F7A6FFC2
:108E500020462946F7F7A6FF20462946F7F7AAFF3E
:108E600020462946F7F792FFD8F80C00D8F854505E
:108E700098F8016000F180042846DFF717FA022E07
:108E80000CD0012E16D10A2826DB2846DFF70EFA71
:108E900000EB4000502101EBC00013E00C281BDB6D
:108EA0002846DFF703FA00EB8000502101EB800039
:108EB00008E000BF0F280FDB2846DFF7F7F9502145
:108EC00001EB001046F26761C6F2666150FB01F0EB
:108ED000811101EBD07000E0012001B22046F7F7CC
:108EE00065FFD8F80C00D8F8545098F8016000F1EC
:108EF00080042846DFF7DAF9022E0DD0012E17D1B3
:108F00000A2827DB2846DFF7D1F900EB4000502183
:108F100001EBC00014E000BF0C281BDB2846DFF784
:108F2000C5F900EB8000502101EB800008E000BF94
:108F30000F280FDB2846DFF7B9F9502101EB0010AD
:108F400046F26761C6F2666150FB01F0811101EBE8
:108F5000D07000E0012001B22046F7F71BFF98F81F
:108F60000000D8F80C10012801F1780002D1F7F7C1
:108F700093FE01E0F7F748FDD8F80C00D8F85450FC
:108F800098F8016000F178042846DFF78FF9022E87
:108F900006D0012E08D111281ADD0E2607E000BFE9
:108FA000132815DD0C2602E0182811DB0A262846B6
:108FB000DFF77CF9502116FB001046F26761C6F21C
:108FC000666150FB01F0811101EBD07001E000BF40
:108FD000012005B220462946F7F7E0FE2046294643
:108FE000F7F7E0FE20462946F7F7E4FE204629463B
:108FF000F7F7CCFED8F80C00D8F8545098F8016078
:1090000000F178042846DFF751F9022E06D0012E30
:1090100008D111281ADD0E2607E000BF132815DD40
:109020000C2602E0182811DB0A262846DFF73EF955
:10903000502116FB001046F26761C6F2666150FBD4
:1090400001F0811101EBD07001E000BF012005B2F9
:1090500020462946F7F7AAFE20462946F7F79AFE4A
:1090600098F80000D8F80C10012801F1880003D10D
:10907000F7F712FE02E000BFF7F7C6FCD8F80C00C5
:10908000D8F8545000F188042846DFF70FF9182863
:1090900012DB2846DFF70AF900EB8000502101EBD4
:1090A000400046F26761C6F2666150FB01F0811133
:1090B00001EBD07001E000BF012001B22046F7F7BC
:1090C00075FED8F80C00D8F8545000F188042846F2
:1090D000DFF7ECF8182811DB2846DFF7E7F800EB9C
:1090E0008000502101EB400046F26761C6F26661E4
:1090F00050FB01F0811101EBD07000E0012001B2C2
:109100002046F7F747FE98F80000D8F80C10012821
:1091100001F1900002D1F7F7BFFD01E0F7F774FC11
:10912000D8F80C00D8F8545000F190042846DFF726
:10913000BDF80C2812DB2846DFF7B8F800EB8000FA
:10914000502101EB800046F26761C6F2666150FB78
:1091500001F0811101EBD07001E000BF012001B2EC
:109160002046F7F747FF98F80000D8F80C100128C0
:1091700001F1980002D1F7F78FFD01E0F7F744FC09
:10918000D8F80C0002219830F7F728FF98F8000073
:10919000D8F80C10012801F1680003D1F7F77CFD25
:1091A00002E000BFF7F730FCD8F80C00002100F116
:1091B00068042046F7F7F2FD20460021F7F7F2FD9C
:1091C00020460021F7F7F6FD20460021F7F7DEFDE7
:1091D000D8F80C0000216830F7F7E8FDD8F80C004B
:1091E00000216830F7F7D6FD98F80000D8F80C1089
:1091F000012801F1700003D1F7F74EFD02E000BF36
:10920000F7F702FCD8F80C00D8F8545098F8016031
:1092100000F170042846DFF749F8022E0AD0012E2B
:1092200010D11E2820DB2846DFF740F8502101EB43
:10923000C0000FE0282817DB2846DFF737F800EBDF
:10924000400004E078280FDB2846DFF72FF8502194
:1092500001EB400046F26761C6F2666150FB01F027
:10926000811101EBD07000E0012005B220462946B3
:10927000F7F794FD20462946F7F794FD2046294646
:10928000F7F798FD20462946F7F780FDD8F80C003F
:10929000D8F8545098F8016000F170042846DFF7C0
:1092A00005F8022E0AD0012E10D11E2820DB2846F8
:1092B000DEF7FCFF502101EBC0000FE0282817DB90
:1092C0002846DEF7F3FF00EB400004E078280FDBD0
:1092D0002846DEF7EBFF502101EB400046F26761C4
:1092E000C6F2666150FB01F0811101EBD07000E025
:1092F000012001B22046F7F759FDD8F80C00D8F844
:10930000545098F8016000F170042846DEF7CEFF53
:10931000022E0BD0012E11D11E2821DB2846DEF7AC
:10932000C5FF502101EBC00010E000BF282817DB6B
:109330002846DEF7BBFF00EB400004E078280FDB97
:109340002846DEF7B3FF502101EB400046F267618B
:10935000C6F2666150FB01F0811101EBD07000E0B4
:10936000012001B22046F7F715FD98F80000D8F863
:109370000C10012801F1280002D1F7F78DFC01E063
:10938000F7F742FBD8F80C00B8F858102830F7F778
:10939000A9FCD8F80C004FF6FF712830F7F722FE31
:1093A000D8F80C00FF212830F7F7A8FC98F8000047
:1093B000D8F80C10012801F1300003D1F7F76CFC4C
:1093C00002E000BFF7F720FBD8F80C00B8F85810FF
:1093D0003030F7F787FCD8F80C00B8F85810303068
:1093E000F7F700FED8F80C0033213030F7F786FC91
:1093F00098F80000D8F80C10012801F1380003D1CA
:10940000F7F74AFC02E000BFF7F7FEFAD8F80C00C5
:10941000B8F85A103830F7F765FCD8F80C004FF65A
:10942000FF713830F7F7DEFDD8F80C00FF21383037
:10943000F7F764FC98F80000D8F80C10012801F147
:10944000400003D1F7F728FC02E000BFF7F7DCFA91
:10945000D8F80C00B8F85A104030F7F743FCD8F8A9
:109460000C00B8F85A104030F7F7BCFDD8F80C00E3
:1094700033214030F7F742FC98F80000D8F80C1080
:10948000012801F1480003D1F7F706FC02E000BF14
:10949000F7F7BAFAD8F80C00B8F808104830F7F720
:1094A00021FCD8F80C00FF214830F7F727FCD8F84A
:1094B0000C00B8F804104830F7F794FD98F8000055
:1094C000D8F80C10012801F1500003D1F7F7E4FBA4
:1094D00002E000BFF7F798FAD8F80C00B8F80610C9
:1094E0005030F7F7FFFBD8F80C00FF215030F7F7AA
:1094F00005FCD8F80C00B8F804105030F7F772FDEE
:1095000098F80000D8F80C10012801F1B00003D140
:10951000F7F7C2FB02E000BFF7F776FAD8F80C00C5
:1095200047F6FF71B030F7F741FD98F80000D8F822
:109530000C10012801F1B80002D1F7F7ADFB01E0F2
:10954000F7F762FAD8F80C000021B830F7F72EFDD3
:1095500098F80000D8F80C10012801F1C80003D1D8
:10956000F7F79AFB02E000BFF7F74EFAD8F80C00C5
:10957000D8F8545000F1C8042846DEF797FE50286A
:1095800010DB2846DEF792FE00EB400046F26761F2
:109590005030C6F2666150FB01F0811101EBD070D2
:1095A00001E000BF012001B22046F7F72BFDD8F8FB
:1095B0000C00D8F8545000F1C8042846DEF776FEB7
:1095C00050280FDB2846DEF771FE00EB400046F224
:1095D00067615030C6F2666150FB01F0811101EB0A
:1095E000D07000E0012001B22046F7F707FD98F89F
:1095F0000000D8F80C10012801F1F00002D1F7F7B3
:109600004BFB01E0F7F700FAD8F80C00B8F8581057
:10961000F030F7F767FBD8F80C00FF21F030F7F7D0
:109620006DFBD8F80C00D8F8545000F1F00428462F
:10963000DEF73CFE282811DB2846DEF737FE00EB7C
:109640004000502101EB400046F26761C6F26661BE
:1096500050FB01F0811101EBD07000E0012005B258
:1096600020462946F7F79AFB20462946F7F79AFB4A
:1096700020462946F7F79EFB20462946F7F786FB4A
:10968000D8F80C0047F6FF71F030F7F78FFC98F828
:109690000000D8F80C10012801F1E00002D1F7F722
:1096A000FBFA01E0F7F7B0F9D8F80C00C821E03078
:1096B000F7F708FB98F80000D8F80C10012801F122
:1096C000E80003D1F7F7E8FA02E000BFF7F79CF9EA
:1096D000D8F80C007821E830F7F7F4FA98F8000091
:1096E000D8F80C10012801F5807003D1F7F7D4FAEF
:1096F00002E000BFF7F788F9D8F80C00B8F80810B6
:1097000000F58070F7F7E2FAD8F80C00D8F854505A
:1097100000F580742846DEF7C9FD102810DB2846C6
:10972000DEF7C4FDC0EB001046F267615030C6F2B0
:10973000666150FB01F0811101EBD07001E000BFC8
:10974000012001B22046F7F7C9FAD8F80C00012130
:1097500000F58070F7F7BEFA98F80000D8F80C1002
:10976000012801F5847003D1F7F796FA02E000BFF3
:10977000F7F74AF9D8F80C00B8F8581000F58470DB
:10978000F7F7A4FA98F80000D8F80C10012801F5B2
:10979000987003D1F7F780FA02E000BFF7F734F9C9
:1097A000D8F80C004FF4827100F59870F7F7D6FAEC
:1097B00098F80000D8F80C10012801F59C7003D12E
:1097C000F7F76AFA02E000BFF7F71EF9D8F80C00C5
:1097D000D8F8545000F59C742846DEF767FD5028F1
:1097E00010DB2846DEF762FD00EB400046F26761C1
:1097F0005030C6F2666150FB01F0811101EBD07070
:1098000001E000BF012005B220462946F7F7C6FA5D
:1098100020462946F7F7C6FA20462946F7F7CAFA3E
:1098200020462946F7F7B2FAD8F80C00D8F8545079
:1098300000F59C742846DEF739FD782810DB2846B1
:10984000DEF734FD502101EB400046F26761C6F2BD
:10985000666150FB01F0811101EBD07001E000BFA7
:10986000012001B22046F7F75DFAD8F80C00B8F8ED
:10987000581000F59C70F7F745FAD8F80C00B8F8C6
:10988000061000F59C70F7F72DFAD8F80C00FF21B0
:1098900000F59C70F7F732FAD8F80C00D8F854505D
:1098A00098F8016000F59C742846DEF7FFFC012E55
:1098B0000AD114281ADB2846DEF7F8FC00EB40003A
:1098C000502101EB800007E01E280FDB2846DEF761
:1098D000EDFC502101EBC00046F26761C6F2666103
:1098E00050FB01F0811101EBD07000E0012081B24A
:1098F00000EBD13000B241102046F7F757FB98F843
:109900000000D8F80C10012801F5A07002D1F7F77B
:10991000C3F901E0F7F778F8D8F80C000FF6F84132
:1099200000F5A070F7F7E6F9D8F80C004FF6FF71D4
:1099300000F5A070F7F756FBD8F80C00D8F85C10CB
:1099400000F5A070F7F752FB98F80000D8F80C105B
:10995000012801F5A47003D1F7F79EF902E000BFDA
:10996000F7F752F8D8F80C00D8F8545000F5A47462
:109970002846DEF79BFC3C284FF6FF700CDB2846A0
:10998000DEF794FC502101EB80004FF0993150FB41
:1099900001F0811101EBD07005B220462946F7F79E
:1099A000FDF920462946F7F7FDF920462946F7F745
:1099B00001FA20462946F7F7E9F9D8F80C004FF6E6
:1099C000FF7100F5A470F7F78DF998F80000D8F84A
:1099D0000C10012801F5A87002D1F7F75DF901E03C
:1099E000F7F712F8D8F80C00012100F5A870F7F786
:1099F000B1F9D8F80C00B8F8041000F5A870F7F722
:109A0000A5F998F80000D8F80C10012801F5947019
:109A100002D1F7F741F901E0F6F7F6FFD8F80C00AC
:109A2000002100F59470F7F775F9D8F80C00D8F814
:109A3000545000F594742846DEF738FC182811DBE2
:109A40002846DEF733FC00EB8000502101EB40009C
:109A500046F26761C6F2666150FB01F0811101EBCD
:109A6000D07000E0012001B22046F7F793F9D8F852
:109A70000C00B8F8081000F59470F7F767F998F83B
:109A80000000D8F80C10012801F5887002D1F7F712
:109A900003F901E0F6F7B8FFD8F80C00D8F85450F5
:109AA00000F588742846DEF701FC502810DB2846B4
:109AB000DEF7FCFB00EB400046F267615030C6F277
:109AC000666150FB01F0811101EBD07001E000BF35
:109AD000012001B22046F7F73DF9D8F80C00D8F87C
:109AE000545000F588742846DEF7E0FB50280FDB61
:109AF0002846DEF7DBFB00EB400046F267615030A2
:109B0000C6F2666150FB01F0811101EBD07000E0FC
:109B1000012001B22046F7F749FAD8F80C00D8F82E
:109B2000545000F588742846DEF7C0FB1E280FDB72
:109B30002846DEF7BBFB502101EBC00046F267610F
:109B4000C6F2666150FB01F0811101EBD07000E0BC
:109B5000012005B220462946F7F75CFA204629463F
:109B6000F7F7F0F8D8F80C00D8F8545000F58874DE
:109B70002846DEF79BFB782810DB2846DEF796FBAD
:109B8000502101EB400046F26761C6F2666150FB6E
:109B900001F0811101EBD07001E000BF012001B2A2
:109BA0002046F7F7F7F898F80000D8F80C100128CD
:109BB00001F58C7002D1F7F76FF801E0F6F724FF9A
:109BC000D8F80C0047F6FF7100F58C70F7F7EEF946
:109BD000D8F80C00D8F8545000F58C742846DEF7FD
:109BE00065FB1E2810DB2846DEF760FB502101EBE9
:109BF000C00046F26761C6F2666150FB01F0811158
:109C000001EBD07001E000BF012005B220462946DB
:109C1000F7F700FA20462946F7F794F8D8F80C0031
:109C2000B8F8581000F58C70F7F75CF8D8F80C000D
:109C3000FF2100F58C70F7F761F898F80000D8F86C
:109C40000C10012801F5907002D1F7F725F801E01A
:109C5000F6F7DAFED8F80C00D8F8545000F59074F6
:109C60002846DEF723FBF0280EDB2846DEF71EFB36
:109C700046F267615030C6F2666150FB01F0811117
:109C800001EBD07001E000BF012001B22046F7F7E0
:109C900061F8D8F80C00B8F8041000F59070F7F7E8
:109CA00055F8D8F80C00D8F8545000F590742846B0
:109CB000DEF7FCFA78280FDB2846DEF7F7FA5021AA
:109CC00001EB400046F26761C6F2666150FB01F0AD
:109CD000811101EBD07000E0012005B22046294639
:109CE000F7F75CF820462946F7F75CF82046294646
:109CF000F7F760F820462946F7F748F8D8F80C003F
:109D000000F590741220F4F72DFE81B22046F7F78B
:109D100069F998F80000D8F80C10012801F5D07006
:109D200002D1F6F7B9FF01E0F6F76EFED8F80C00A5
:109D3000002100F5D0742046F7F730F820460021C6
:109D4000F7F730F820460021F7F734F820460021D5
:109D5000F7F71CF8D8F80C00002100F5D074204665
:109D6000F7F724F820460021F7F714F8D8F80C008C
:109D7000002100F5D070F7F719F9D8F80C0001218F
:109D800000F5D070F6F7D2FFD8F80C00002100F5EE
:109D9000D070F6F7C3FF98F80000D8F80C1001282F
:109DA00001F5EC7002D1F6F777FF01E0F6F72CFE33
:109DB000D8F80C00D8F8545098F8016000F5EC740D
:109DC0002846DEF773FA012E0AD114281ADB28463A
:109DD000DEF76CFA00EB4000502101EB800007E059
:109DE0001E280FDB2846DEF761FA502101EBC00088
:109DF00046F26761C6F2666150FB01F0811101EB2A
:109E0000D07000E0012001B22046F7F7CFF8D8F873
:109E10000C00012100F5EC70F6F788FFD8F80C0073
:109E2000FF2100F5EC70F6F769FFD8F80C00B8F8E0
:109E3000061000F5EC70F6F755FFD8F80C00B8F8EE
:109E4000041000F5EC70F7F7CDF898F80000D8F89A
:109E50000C10012801F5D47002D1F6F71DFF01E0C6
:109E6000F6F7D2FDD8F80C00D8F8545098F80160F5
:109E700000F5D4742846DEF719FA022E06D0012E1A
:109E800008D111281ADD0E2607E000BF132815DDC2
:109E90000C2602E0182811DB0A262846DEF706FA0F
:109EA000502116FB001046F26761C6F2666150FB56
:109EB00001F0811101EBD07001E000BF012005B27B
:109EC00020462946F6F76AFF20462946F6F76AFF3C
:109ED000D8F80C00D8F8545098F8016000F5D47404
:109EE0002846DEF7E3F9022E06D0012E08D111280C
:109EF0001ADD0E2607E000BF132815DD0C2602E050
:109F0000182811DB0A262846DEF7D0F9502116FB67
:109F1000001046F26761C6F2666150FB01F08111E4
:109F200001EBD07001E000BF012005B220462946B8
:109F3000F6F740FF20462946F6F728FFD8F80C0030
:109F4000D8F8545098F8016000F5D4742846DEF72C
:109F5000ADF9022E06D0012E08D111281ADD0E26E9
:109F600007E000BF132815DD0C2602E0182811DBDE
:109F70000A262846DEF79AF9502116FB001046F211
:109F80006761C6F2666150FB01F0811101EBD07090
:109F900001E000BF012005B220462946F6F706FF82
:109FA00020462946F6F7F6FED8F80C00D8F85450AB
:109FB00000F5D4742846DEF779F9F0280EDB284640
:109FC000DEF774F946F267615030C6F2666150FB05
:109FD00001F0811101EBD07001E000BF012001B25E
:109FE0002046F6F79FFED8F80C00192100F5D47032
:109FF000F6F78CFED8F80C00B8F8041000F5D47011
:10A00000F6F780FED8F80C00002100F5D470F6F7C2
:10A0100085FE98F80000D8F80C10012801F5D870DA
:10A0200002D1F6F739FE01E0F6F7EEFCD8F80C00A5
:10A03000002100F5D8742046F6F7B0FE2046002136
:10A04000F6F7B0FE20460021F6F7B4FE20460021C8
:10A05000F6F79CFED8F80C00002100F5D8742046D5
:10A06000F6F7A4FE20460021F6F794FED8F80C007F
:10A07000D8F8545000F5D8742846DEF717F9F028C0
:10A080000EDB2846DEF712F946F267615030C6F261
:10A09000666150FB01F0811101EBD07001E000BF5F
:10A0A000012001B22046F6F73DFED8F80C00192138
:10A0B00000F5D870F6F72AFED8F80C00B8F80410AE
:10A0C00000F5D870F6F71EFED8F80C00082100F550
:10A0D000D870F6F723FE98F80000D8F80C10012885
:10A0E00001F5DC7002D1F6F7D7FD01E0F6F78CFC44
:10A0F000D8F80C00002100F5DC742046F6F74EFE7F
:10A1000020460021F6F74EFE20460021F6F752FECB
:10A1100020460021F6F73AFED8F80C00002100F5A1
:10A12000DC742046F6F742FE20460021F6F732FEA8
:10A1300098F80000D8F80C10012801F5E47003D15C
:10A14000F6F7AAFD02E000BFF6F75EFCD8F80C00B7
:10A15000D8F8545098F8016000F5E4742846DEF70A
:10A16000A5F8022E06D0012E08D111281ADD0E26E0
:10A1700007E000BF132815DD0C2602E0182811DBCC
:10A180000A262846DEF792F8502116FB001046F208
:10A190006761C6F2666150FB01F0811101EBD0707E
:10A1A00001E000BF012005B220462946F6F7F6FD82
:10A1B00020462946F6F7F6FDD8F80C00D8F854509A
:10A1C00098F8016000F5E4742846DEF76FF8022E77
:10A1D0000AD0012E10D11E2820DB2846DEF766F8B3
:10A1E000502101EBC0000FE0282817DB2846DEF7DE
:10A1F0005DF800EB400004E078280FDB2846DEF72E
:10A2000055F8502101EB400046F26761C6F26661E5
:10A2100050FB01F0811101EBD07000E0012005B28C
:10A2200020462946F6F7C6FD20462946F6F7AEFD3C
:10A23000D8F80C00D8F8545098F8016000F5E47490
:10A240002846DEF733F8022E06D0012E08D1112859
:10A250001ADD0E2607E000BF132815DD0C2602E0EC
:10A26000182811DB0A262846DEF720F8502116FBB5
:10A27000001046F26761C6F2666150FB01F0811181
:10A2800001EBD07001E000BF012005B22046294655
:10A29000F6F78CFD20462946F6F77CFD98F800007D
:10A2A000D8F80C10012801F5E87003D1F6F7F4FC9A
:10A2B00002E000BFF6F7A8FBD8F80C00D8F854501D
:10A2C00098F8016000F5E8742846DDF7EFFF022EEC
:10A2D0000AD0012E10D11E2820DB2846DDF7E6FF2C
:10A2E000502101EBC0000FE0282817DB2846DDF7DE
:10A2F000DDFF00EB400004E078280FDB2846DDF7A7
:10A30000D5FF502101EB400046F26761C6F266615D
:10A3100050FB01F0811101EBD07000E0012005B28B
:10A3200020462946F6F73AFD20462946F6F73AFD3B
:10A33000D8F80C00D8F8545098F8016000F5E8748B
:10A340002846DDF7B3FF022E0AD0012E10D11E28B9
:10A3500020DB2846DDF7AAFF502101EBC0000FE00B
:10A36000282817DB2846DDF7A1FF00EB400004E0BA
:10A3700078280FDB2846DDF799FF502101EB4000DC
:10A3800046F26761C6F2666150FB01F0811101EB94
:10A39000D07000E0012005B220462946F6F70AFDFC
:10A3A00020462946F6F7F2FCD8F80C00002100F50B
:10A3B000E870F6F707FED8F80C00002100F5E87009
:10A3C000F6F79CFCD8F80C00B8F8041000F5E8701B
:10A3D000F6F708FE98F80000D8F80C10012801F5EF
:10A3E000E07003D1F6F758FC02E000BFF6F70CFB73
:10A3F000D8F80C00002100F5E0742046F6F7CEFCFA
:10A4000020460021F6F7CEFCD8F80C00002100F51C
:10A41000E0742046F6F7CAFC20460021F6F7BAFCA5
:10A4200098F80000D8F80C10012801F5F07003D15D
:10A43000F6F732FC02E000BFF6F7E6FAD8F80C00B7
:10A44000332100F5F070F6F759FCD8F80C0000F550
:10A45000F0741220F4F786FA81B22046F6F742FC37
:10A4600098F80000D8F80C10012801F5F47003D119
:10A47000F6F712FC02E000BFF6F7C6FAD8F80C00B7
:10A48000002100F5F470F6F739FCD8F80C00D8F884
:10A49000545098F8016000F5F4742846DDF706FF83
:10A4A000022E0BD0012E11D11E2821DB2846DDF70C
:10A4B000FDFE502101EBC00010E000BF282817DB93
:10A4C0002846DDF7F3FE00EB400004E078280FDBC0
:10A4D0002846DDF7EBFE502101EB400046F26761B4
:10A4E000C6F2666150FB01F0811101EBD07000E013
:10A4F000012005B220462946F6F75CFC2046294695
:10A50000F6F744FC98F80000D8F80C10012801F583
:10A51000B07003D1F6F7C0FB02E000BFF6F774FAA3
:10A52000D8F80C00D8F8545000F5B0742846DDF780
:10A53000BDFE302810DB2846DDF7B8FE00EB8000BA
:10A5400046F267615030C6F2666150FB01F081113E
:10A5500001EBD07001E000BF012001B22046F6F708
:10A56000F9FBD8F80C00B8F8041000F5B070F6F755
:10A57000EDFBD8F80C00D8F8545000F5B07428461C
:10A58000DDF794FE0C2811DB2846DDF78FFE00EB8B
:10A590008000502101EB800046F26761C6F26661DF
:10A5A00050FB01F0811101EBD07000E0012005B2F9
:10A5B00020462946F6F72EFD20462946F6F7C2FB2F
:10A5C000D8F80C00D8F8545000F5B0742846DDF7E0
:10A5D0006DFE102810DB2846DDF768FEC0EB00108A
:10A5E00046F267615030C6F2666150FB01F081119E
:10A5F00001EBD07001E000BF012001B22046F6F768
:10A60000CDFB98F80000D8F80C10012801F5B470C3
:10A6100004D1F6F741FB03E0EF808C00F6F7F4F984
:10A62000D8F80C0047F6FF7100F5B470F6F7BEFCE1
:10A63000D8F80C00B8F8041000F5B470F6F752FB27
:10A64000D8F80C00FF2100F5B470F6F757FBD8F8E6
:10A650000C00D8F8545000F5B4742846DDF726FEF7
:10A6600010280FDB2846DDF721FEC0EB001046F274
:10A6700067615030C6F2666150FB01F0811101EB59
:10A68000D07000E0012005B220462946F6F7C2FC52
:10A6900020462946F6F756FB98F80000D8F80C102B
:10A6A000012801F5AC7003D1F6F7F6FA02E000BF1D
:10A6B000F6F7AAF9D8F80C00D8F8545000F5AC74A5
:10A6C0002846DDF7F3FDF0280EDB2846DDF7EEFD2A
:10A6D00046F267615030C6F2666150FB01F08111AD
:10A6E00001EBD07001E000BF012001B22046F6F777
:10A6F00019FBD8F80C00B8F8081000F5AC70F6F7A4
:10A7000001FBD8F80C00032100F5AC70F6F706FB4E
:10A7100098F80000D8F80C10012801F5B87003D1A2
:10A72000F6F7BAFA02E000BFF6F76EF9D8F80C00B7
:10A73000B8F8041000F5B870F6F7E4FAD8F80C0091
:10A74000D8F8545000F5B8742846DDF7AFFD7828E6
:10A7500010DB2846DDF7AAFD502101EB400046F250
:10A760006761C6F2666150FB01F0811101EBD070A8
:10A7700001E000BF012001B22046F6F7D3FAD8F875
:10A780000C00D8F8545000F5B8742846DDF78EFD5B
:10A79000F0284FF6FF700ADB2846DDF787FD5030C2
:10A7A0004FF0993150FB01F0811101EBD07001B2F3
:10A7B0002046F6F7F3FAD8F80C00042100F5B8703B
:10A7C000F6F7ACFAD8F80C004FF4C87100F5B87081
:10A7D000F6F778FA98F80000D8F80C10012801F57F
:10A7E000BC7003D1F6F758FA02E000BFF6F70CF997
:10A7F00098F86800D8F80C10C00701F5BC744FF049
:10A80000120003D10121F4F795F802E00221F4F7D8
:10A810007DF881B22046F6F7E5FB98F80000D8F8FD
:10A820000C10012801F5C07002D1F6F735FA01E0ED
:10A83000F6F7EAF8D8F80C00D8F8545098F8016008
:10A8400000F5C0742846DDF731FD022E06D0012E3A
:10A8500008D111281ADD0E2607E000BF132815DDE8
:10A860000C2602E0182811DB0A262846DDF71EFD1B
:10A87000502116FB001046F26761C6F2666150FB7C
:10A8800001F0811101EBD07001E000BF012005B2A1
:10A8900020462946F6F782FA20462946F6F782FA3C
:10A8A00020462946F6F786FA20462946F6F76EFA3C
:10A8B000D8F80C00D8F8545098F8016000F5C0742E
:10A8C0002846DDF7F3FC022E06D0012E08D1112810
:10A8D0001ADD0E2607E000BF132815DD0C2602E066
:10A8E000182811DB0A262846DDF7E0FC502116FB6C
:10A8F000001046F26761C6F2666150FB01F08111FB
:10A9000001EBD07001E000BF012081B200EBD1303B
:10A9100000B2451020462946F6F748FA2046294657
:10A92000F6F738FA98F80000D8F80C10012801F56D
:10A93000C47003D1F6F7B0F902E000BFF6F764F88F
:10A94000D8F80C00D8F8545000F5C4742846DDF748
:10A95000ADFCF0280EDB2846DDF7A8FC46F2676167
:10A960005030C6F2666150FB01F0811101EBD070EE
:10A9700001E000BF012001B22046F6F7D3F9D8F874
:10A980000C00B8F8081000F5C470F6F7BBF9D8F859
:10A990000C00B8F8061000F5C470F6F7A3F9D8F863
:10A9A0000C00332100F5C470F6F7A8F998F8000000
:10A9B000D8F80C10012801F5C87003D1F6F76CF92E
:10A9C00002E000BFF6F720F8D8F80C00D8F8545091
:10A9D00098F8016000F5C8742846DDF767FC022E80
:10A9E00006D0012E08D111281ADD0E2607E000BF7F
:10A9F000132815DD0C2602E0182811DB0A2628464C
:10AA0000DDF754FC502116FB001046F26761C6F2D8
:10AA1000666150FB01F0811101EBD07001E000BFD5
:10AA2000012005B220462946F6F7B8F92046294606
:10AA3000F6F7B8F9D8F80C00D8F8545098F8016037
:10AA400000F5C8742846DDF731FC022E06D0012E31
:10AA500008D111281ADD0E2607E000BF132815DDE6
:10AA60000C2602E0182811DB0A262846DDF71EFC1A
:10AA7000502116FB001046F26761C6F2666150FB7A
:10AA800001F0811101EBD07001E000BF012001B2A3
:10AA90002046F6F78FF9D8F80C00D8F8545098F8FB
:10AAA000016000F5C8742846DDF700FC022E0BD0CB
:10AAB000012E11D11E2821DB2846DDF7F7FB50219E
:10AAC00001EBC00010E000BF282817DB2846DDF7A7
:10AAD000EDFB00EB400004E078280FDB2846DDF7B3
:10AAE000E5FB502101EB400046F26761C6F266616A
:10AAF00050FB01F0811101EBD07000E0012001B2A8
:10AB00002046F6F743F9D8F80C00D8F8545098F8D6
:10AB1000016000F5C8742846DDF7C8FB022E05D099
:10AB2000012E07D1112819DD0E2606E0132815DDA8
:10AB30000C2602E0182811DB0A262846DDF7B6FBB2
:10AB4000502116FB001046F26761C6F2666150FBA9
:10AB500001F0811101EBD07001E000BF012005B2CE
:10AB600020462946F6F722F920462946F6F712F93B
:10AB700098F80000D8F80C10012801F5CC7003D12A
:10AB8000F6F78AF802E000BFF5F73EFFD8F80C00B0
:10AB9000D8F8545000F5CC742846DDF787FB182808
:10ABA00012DB2846DDF782FB00EB8000502101EB31
:10ABB000400046F26761C6F2666150FB01F0811108
:10ABC00001EBD07001E000BF012001B22046F6F792
:10ABD00085F898F80000D8F80C10012801F5FC70F1
:10ABE00002D1F6F759F801E0F5F70EFFD8F80C009E
:10ABF000D8F8545000F5FC742846DDF757FB3C2884
:10AC000010DB2846DDF752FB502101EB800046F2B5
:10AC10006761C6F2666150FB01F0811101EBD070F3
:10AC200001E000BF012005B220462946F6F7B6F83C
:10AC300020462946F6F7B6F820462946F6F7BAF830
:10AC400020462946F6F7A2F898F80000D8F80C102C
:10AC5000012801F5F87003D1F6F71EF802E000BFF5
:10AC6000F5F7D2FED8F80C0042F2640100F5F87056
:10AC7000F6F778F898F80000D8F80C10012801F5DC
:10AC8000007003D1F6F708F802E000BFF5F7BCFE4C
:10AC9000D8F80C0000F500741220F3F763FE81B2BF
:10ACA0002046F6F71FF8D8F80C007F2100F5007059
:10ACB000F6F724F898F80000D8F80C10012801F5F0
:10ACC000027003D1F5F7E8FF02E000BFF5F79CFE44
:10ACD000D8F80C00002100F50270F6F77BF9D8F8DF
:10ACE0000C00D8F8545098F8016000F5027428461A
:10ACF000DDF7DCFA012E13D0032E1DD11E282FDB29
:10AD00002846DDF7D3FA502101EBC00046F2676117
:10AD1000C6F2666150FB01F0811101EBD07020E0BA
:10AD200014281BDB2846DDF7C1FA00EB4000502158
:10AD300001EB800008E000BF1E280FDB2846DDF78E
:10AD4000B5FA502101EBC00046F26761C6F26661B8
:10AD500050FB01F0811101EBD07007E0012005E00C
:10AD6000012081B200EBD13000B2401001B2204688
:10AD7000F6F71CF998F80000D8F80C10012801F536
:10AD80000E7003D1F5F788FF02E000BFF5F73CFE37
:10AD9000D8F80C00B8F8581000F50E70F5F7B2FFAF
:10ADA000D8F80C00D8F8545000F50E742846DDF79A
:10ADB0007DFA782810DB2846DDF778FA502101EB80
:10ADC000400046F26761C6F2666150FB01F08111F6
:10ADD00001EBD07001E000BF0120400001B220462D
:10ADE000F5F7A0FFD8F80C00012100F50E70F5F77B
:10ADF00095FF98F80000D8F80C10012801F50C70A8
:10AE000002D1F5F749FF01E0F5F7FEFDD8F80C0097
:10AE1000D8F8545000F50C742846DDF747FA782826
:10AE20000CDB2846DDF742FA502101EB40004FF0E1
:10AE3000993150FB01F0811101EBD0790FFA89F1C2
:10AE40002046F5F79BFF98F80000D8F80C10012871
:10AE500001F5047002D1F5F71FFF01E0F5F7D4FD0D
:10AE6000D8F80C00D8F8545098F8016000F5047434
:10AE70002846DDF71BFA022E0CD0012E16D10A2827
:10AE800026DB2846DDF712FA00EB4000502101EBEB
:10AE9000C00013E00C281BDB2846DDF707FA00EBA7
:10AEA0008000502101EB800008E000BF0F280FDB7D
:10AEB0002846DDF7FBF9502101EB001046F26761EF
:10AEC000C6F2666150FB01F0811101EBD07000E029
:10AED000012005B220462946F5F760FF20462946A5
:10AEE000F5F760FFD8F80C00002100F50474204647
:10AEF000F5F760FF20460021F5F748FFD8F80C0071
:10AF0000002100F504742046F5F750FF204600218B
:10AF1000F5F740FFD8F80C00012100F50470F5F7B3
:10AF200005FF98F80000D8F80C10012801F506700C
:10AF300002D1F5F7B1FE01E0F5F766FDD8F80C0097
:10AF4000D8F8545000F506742846DDF7AFF9F0281C
:10AF50000EDB2846DDF7AAF946F267615030C6F2EB
:10AF6000666150FB01F0811101EBD07001E000BF80
:10AF7000012001B22046F5F7D5FED8F80C00B8F84C
:10AF8000081000F50670F5F7BDFED8F80C00012199
:10AF900000F50670F5F7C2FED8F80C00D8F854504A
:10AFA00098F8016000F506742846DDF77FF9022E57
:10AFB00006D0012E08D111281ADD0E2607E000BFA9
:10AFC000132815DD0C2602E0182811DB0A26284676
:10AFD000DDF76CF9502116FB001046F26761C6F2EE
:10AFE000666150FB01F0811101EBD07001E000BF00
:10AFF000012005B220462946F5F7D0FE2046294615
:10B00000F5F7D0FE20462946F5F7D4FE204629461E
:10B01000F5F7BCFED8F80C00D8F8545098F8016049
:10B0200000F506742846DDF741F9022E06D0012E00
:10B0300008D111281ADD0E2607E000BF132815DD00
:10B040000C2602E0182811DB0A262846DDF72EF927
:10B05000502116FB001046F26761C6F2666150FB94
:10B0600001F0811101EBD07001E000BF012001B2BD
:10B070002046F5F78FFE98F80000D8F80C1001284C
:10B0800001F5087002D1F5F707FE01E0F5F7BCFC09
:10B09000D8F85440D8F80C5098F801602046DDF7F5
:10B0A00005F9022E0CD0012E16D10A2826DB2046E7
:10B0B000DDF7FCF800EB4000502101EBC00013E08D
:10B0C0000C281BDB2046DDF7F1F800EB8000502157
:10B0D00001EB800008E000BF0F280FDB2046DDF702
:10B0E000E5F8502101EB001046F26761C6F2666197
:10B0F00050FB01F0811101EBD07100E0012109B298
:10B1000005F50870F5F77EFF98F80000D8F80C10E8
:10B11000012801F5107003D1F5F7BEFD02E000BF74
:10B12000F5F772FCD8F80C00FF2100F51070F5F768
:10B13000E5FDD8F80C004FF6FF7100F51070F5F73B
:10B14000D1FDD8F80C0000F510741220F3F70AFCBA
:10B1500081B22046F5F7CAFDD8F80C0047F6FF711A
:10B1600000F51070F5F722FFD8F80C00D8F854500D
:10B1700000F510742846DDF799F8102810DB2846F2
:10B18000DDF794F8C0EB001046F267615030C6F26C
:10B19000666150FB01F0811101EBD07001E000BF4E
:10B1A000012001B22046F5F715FFD8F80C004FF644
:10B1B000FF7100F51070F5F7FDFED8F85440D8F88F
:10B1C0000C502046DDF772F830280FDB2046DDF703
:10B1D0006DF800EB800046F267615030C6F26661A0
:10B1E00050FB01F0811101EBD07100E0012105F568
:10B1F000107009B202B0BDE8F047F5F7E7BE0000F5
:10B20000B0B50546E7F714F804462846E7F728F8EE
:10B210000E2C014618BF072C14D140F2C804C2F20C
:10B220000004E06890B3EAF799FCE0680121EEF7CA
:10B230007DFF206850B3022100220523BDE8B04005
:10B24000EEF75EBA04F0EF000F3818BF0120B4F13A
:10B25000200118BF0121014218D140F2C804C2F2F6
:10B260000004E068002808BFB0BD0021EAF776FCC2
:10B27000E0680121EEF718F9206838B109210022B1
:10B280000023BDE8B040EEF73BBA00BFB0BD000000
:10B2900010B5E6F7CDFF0F2818D00E2818BF10BD47
:10B2A00040F2D804C2F20004A0690121EEF73EFF8B
:10B2B00020690121EEF7F8F860690121EEF7F4F852
:10B2C000A069E168BDE81040EAF748BC40F2D80444
:10B2D000C2F20004A0690121EEF7E6F8206901211D
:10B2E000EEF724FF60690121BDE81040EEF71EBFB4
:10B2F000F0B581B008460C46EFF706FE002800F0D6
:10B30000B18742F60441C0F604012046EEF734FE50
:10B3100070B12046EFF7F8FD42F66061C0F6040117
:10B320000546EEF729FE002870D001B0F0BD00BF41
:10B3300042F6A001C0F604012046EEF71DFE0028EB
:10B340007AD040F2D015C2F20005E868002200F180
:10B3500020012046EEF7FEF8E868002200F12801FF
:10B360002046EEF7F7F8E868002200F1D001204609
:10B37000EEF7F0F8E868202200F158012046EEF7D9
:10B38000E9F8E868202200F1D8012046EEF7E2F85B
:10B39000E868042200F1A0012046EEF7DBF8E86837
:10B3A000202200F1C8012046EEF7D4F8E868012217
:10B3B00000F138012046EEF7CDF8E868802200F170
:10B3C00060012046EEF7C6F82046EFF79DFD42F6F5
:10B3D0009431C0F60401EEF7CFFD50B92046EFF7E7
:10B3E00093FD42F60831C0F60401EEF7C5FD0028D2
:10B3F0009BD0E868002200F5E8712046EEF7AAF835
:10B4000020254FF4F07000F042BF00BF2846EFF750
:10B410007BFD42F66061C0F60401EEF7ADFDC8B1F8
:10B4200040F2D016C2F20006F0684025C0F20105D5
:10B4300000F1800100F01EBF42F64421C0F6040175
:10B440002046EEF799FD28B300254FF4A87000F0D0
:10B450001EBF00BF2046EFF701FD002872D1204635
:10B46000EFF752FD42F6D061C0F60401EEF784FD1D
:10B47000002867D040F2D010C2F20000C06800225D
:10B4800000F1480120460025EEF764F8702000F036
:10B49000FEBE00BF42F6BC01C0F604012046EEF736
:10B4A0006BFD002800F0848004252046C0F20505CD
:10B4B000EFF72AFD42F6E831C0F60401EEF75CFD35
:10B4C000002800F0AB8040F2D016C2F20006F0680F
:10B4D000002200F5FC712046EEF73CF8F0680022EF
:10B4E00000F188012046EEF735F8F0684FF4A0220D
:10B4F00000F120012046EEF72DF8F06805F11C025E
:10B5000000F158012046EEF725F8F06805F17C02BD
:10B5100000F160012046EEF71DF8F06800F1280107
:10B5200001222046C0F20502EEF714F8F0682A4620
:10B5300000F130012046EEF70DF80435402000F010
:10B54000A6BE00BF2046EFF789FC012818D120468F
:10B55000EFF7DAFC42F6D061C0F60401EEF70CFD1D
:10B5600070B140F2D016C2F20006F16840252046C4
:10B570000022C0F20105EDF7EDFFF06858E700BFCB
:10B580002046EFF7C1FC42F6D801C0F60401EEF701
:10B59000F3FC00287FF4C9AE40F2D016C2F20006D8
:10B5A000F0684025C0F2010500F1180100F062BE0C
:10B5B00042F68401C0F604012046EEF7DDFC0028C7
:10B5C0007CD040F2D015C2F20005E868002200F1FC
:10B5D00030012046EDF7BEFFE868002200F1B0011F
:10B5E0002046EDF7B7FFE868042200F1A0012046ED
:10B5F000EDF7B0FFE868082200F1A8012046EDF75A
:10B60000A9FFE8684FF4003200F1280120464FF40A
:10B610000035EDF79FFFB02000F039BE2046EFF770
:10B6200073FC42F66061C0F60401EEF7A5FC002849
:10B6300000F09C8040F2D017C2F20007F8680022A8
:10B6400000F150012046EDF785FFF868042200F173
:10B65000A0012046EDF77EFFF868042200F50C718A
:10B660002046EDF777FFF86805F11C0200F158015C
:10B670002046EDF76FFFF8680126C0F2050600F1DD
:10B68000300120463246EDF765FFF868324600F596
:10B690000E712046EDF75EFFF8682A4600F1A00122
:10B6A0002046EDF757FFF8682A1D00F1A801204653
:10B6B000EDF750FF4FF40C7000F0E9BD42F6D451A5
:10B6C000C0F604012046EEF757FC002800F08A80FF
:10B6D00040F2D016C2F20006F068202500F13001D9
:10B6E00020460022C0F20305EDF734FFF068002287
:10B6F00000F1B0012046EDF72DFFF068042200F1C3
:10B70000A0012046EDF726FFF068082200F1A8010D
:10B710002046EDF71FFFF0684FF4003200F12801DA
:10B720002046EDF717FFF0684FF4003200F1B0014A
:10B730002046EDF70FFFF0684FF4403200F1F001C2
:10B740002046EDF707FFF0682A4600F1C8012046C1
:10B75000EDF700FFF0684FF4403200F1D0012046D1
:10B76000EDF7F8FED82000F092BD00BF2046EFF7BD
:10B77000CBFB42F6D801C0F60401EEF7FDFB40F228
:10B78000D016C2F20006F168002800F09B8001F597
:10B79000C07120460022EDF7DDFEF068042200F1C2
:10B7A000A0012046EDF7D6FEF068082200F1A801BE
:10B7B0002046EDF7CFFEF0684FF4A02200F5C471EB
:10B7C0002046EDF7C7FEF06805F11C0200F15801B4
:10B7D0002046EDF7BFFEF06805F17C0200F1600144
:10B7E0002046A1E042F64461C0F604012046EEF78F
:10B7F000C3FB002800F0A68040F2D016C2F200067B
:10B80000F068002200F118012046EDF7A3FEF06871
:10B81000002200F168012046EDF79CFEF06800224E
:10B8200000F1B8012046EDF795FEF068042200F122
:10B83000A0012046EDF78EFEF068082200F1A80175
:10B840002046EDF787FEF0684FF4803200F10801E2
:10B850002046EDF77FFEF068402200F110012046FF
:10B86000C0F20102EDF776FEF0684FF4A02200F17D
:10B8700050012046EDF76EFEF0684FF4A02200F56F
:10B88000AC712046EDF766FEF0684FF4A02200F19F
:10B8900080012046EDF75EFEF0680425C0F2050544
:10B8A00000F1580105F11C022046EDF753FEF06847
:10B8B0002A4600F128012046EDF74CFE04353820D9
:10B8C00000F0E5BC183120460022EDF743FEF06899
:10B8D000042200F1A0012046EDF73CFEF0680822AA
:10B8E00000F1A8012046EDF735FEF0684FF4A022E4
:10B8F00000F120012046EDF72DFEF06805F17C02F5
:10B9000000F160012046EDF725FEF06805F11C020C
:10B9100000F158012046EDF71DFEF068012200F10C
:10B9200028012046C0F20502EDF714FEF0682A4611
:10B9300000F1A0012046EDF70DFE0435A82000F02F
:10B94000A6BC00BF42F64811C0F604012046EEF73F
:10B9500013FB00284ED040F2D017C2F20007F8685F
:10B96000002200F188012046EDF7F4FDF86804227A
:10B9700000F1A0012046EDF7EDFDF8680126C0F2C8
:10B98000020600F1600106F17F022046EDF7E2FDBC
:10B99000F8684FF4003200F59C7120464FF40035F2
:10B9A000EDF7D8FDF868324600F128012046EDF7A2
:10B9B000D1FDF868324600F5A0712046EDF7CAFDCA
:10B9C000F8681F3600F1580120463246EDF7C2FDF7
:10B9D000F868324600F1C8012046EDF7BBFDF86873
:10B9E000324600F1D8012046EDF7B4FDD02000F03A
:10B9F0004EBC00BF42F62861C0F604012046EEF7B7
:10BA0000BBFA00286AD040F2D017C2F20007F868EB
:10BA1000002200F148012046EDF79CFDF868002265
:10BA200000F1B0012046EDF795FDF868002200F125
:10BA3000E8012046EDF78EFDF868802200F16001F4
:10BA40002046EDF787FDF868042200F1A0012046AA
:10BA5000EDF780FDF8680126C0F2020600F128012A
:10BA600020463246EDF776FDF8684FF4003200F1DB
:10BA7000B00120464FF40035EDF76CFDF86806F193
:10BA80007F0200F160012046EDF764FDF8684FF495
:10BA9000403200F1F0012046EDF75CFDF8684FF40C
:10BAA000403200F150012046EDF754FDF8684FF4A4
:10BAB000403200F5A4712046EDF74CFDF86800F126
:10BAC00060012020C0F2030000F160022046EDF783
:10BAD00041FDF868324600F1D80140E642F62C11EB
:10BAE000C0F604012046EEF747FA002846D040F29F
:10BAF000D015C2F20005E868002200F118012046C6
:10BB0000EDF728FDE868002200F178012046EDF706
:10BB100021FDE868002200F594712046EDF71AFD3A
:10BB2000E8684FF4803200F108012046EDF712FD7D
:10BB3000E868402200F110012046C0F20102EDF752
:10BB400009FDE8684FF4A02200F588712046EDF762
:10BB500001FDE8684FF4003200F58C712046EDF7E6
:10BB6000F9FCE8684FF4C02200F590712046EDF72B
:10BB7000F1FC4FF4E0254FF4887088E342F69C51C5
:10BB8000C0F604012046EEF7F7F988B340F2D0156D
:10BB9000C2F20005E868002200F118012046EDF726
:10BBA000D9FCE868002200F1E0012046EDF7D2FC64
:10BBB000E868002200F190012046EDF7CBFCE86830
:10BBC000002200F198012046EDF7C4FCE868042249
:10BBD00000F1A0012046EDF7BDFCE868082200F165
:10BBE000A8012046EDF7B6FC4FF4802528204EE34F
:10BBF00042F68011C0F604012046EEF7BDF9C8B345
:10BC000040F2D015C2F20005E868002200F11801E8
:10BC10002046EDF79FFCE868002200F178012046FD
:10BC2000EDF798FCE868002200F1D0012046EDF71E
:10BC300091FCE868202200F1D8012046EDF78AFC4B
:10BC4000E868202200F158012046EDF783FCE868FF
:10BC5000042200F1A0012046EDF77CFCE8680822F0
:10BC600000F1A8012046EDF775FC4FF40035D8200F
:10BC70000DE300BF42F69C11C0F604012046EEF72A
:10BC80007BF9002848D040F2D015C2F20005E868E0
:10BC9000002200F118012046EDF75CFCE868002264
:10BCA00000F1C0012046EDF755FCE868002200F1E4
:10BCB00090012046EDF74EFCE868002200F59871EF
:10BCC0002046EDF747FCE8684FF4803200F10801A8
:10BCD0002046EDF73FFCE868402200F110012046C5
:10BCE000C0F20102EDF736FCE8684FF4802200F163
:10BCF00050012046EDF72EFCE8680125C0F205054D
:10BD000000F12801A5F580322046EDF723FC4FF61F
:10BD1000E1702D1A5820BAE242F66801C0F604011B
:10BD20002046EEF729F9F8B140F2D015C2F200052D
:10BD3000E868002200F580712046EDF70BFCE8680A
:10BD40004FF4003200F580712046EDF703FCE868FF
:10BD50004FF4003200F584712046EDF7FBFB4FF401
:10BD60004035F02093E200BF42F60C61C0F60401BA
:10BD70002046EEF701F9B8B140F2D015C2F2000545
:10BD8000E868002200F580712046EDF7E3FBE868E3
:10BD90004FF4003200F5807120464FF40035EDF786
:10BDA000D9FB4FF4847072E242F6B031C0F6040160
:10BDB0002046EEF7E1F8B8B140F2D015C2F2000526
:10BDC000E868002200F118012046EDF7C3FBE8689F
:10BDD000002200F1B0012046EDF7BCFB4FF4003526
:10BDE0004FF4B47053E200BF42F67C61C0F6040128
:10BDF0002046EEF7C1F8002846D040F2D015C2F236
:10BE00000005E868002200F118012046EDF7A2FBCA
:10BE1000E868002200F178012046EDF79BFBE86816
:10BE2000802200F160012046EDF794FBE8680422CF
:10BE300000F1A0012046EDF78DFBE868082200F133
:10BE4000A8012046EDF786FBE8684FF4803200F148
:10BE500008012046EDF77EFBE868402200F1100162
:10BE60002046C0F20102EDF775FBE868022200F5FA
:10BE7000B8712046C0F20702EDF76CFB4FF40025C5
:10BE80004FF4BC7003E200BF42F6D801C0F60401D3
:10BE90002046EEF771F868B140F2D010C2F200000F
:10BEA000C06800F11801204600220025EDF752FB82
:10BEB0006820ECE142F6F401C0F604012046EEF7FA
:10BEC0005BF838B942F61011C0F604012046EEF7CF
:10BED00053F818B100254FF4C870D8E142F6F011BC
:10BEE000C0F604012046EEF747F8002852D040F291
:10BEF000D016C2F20006F16820460022EDF72AFBB8
:10BF00007078F1687022012808BF78221144204619
:10BF10000022EDF71FFBF068042200F1A00120468B
:10BF2000EDF718FBF068082200F1A8012046EDF7B4
:10BF300011FBF0684FF4A02200F120012046EDF73C
:10BF400009FBF0680425C0F2050500F1600105F168
:10BF50007C022046EDF7FEFAF0684FF4A02200F1D3
:10BF600050012046EDF7F6FAF0684FF4A02200F5F4
:10BF700002712046EDF7EEFAF06805F11C0200F1BF
:10BF800058012046EDF7E6FAF06800F14801FFF7A6
:10BF9000C7BA00BF42F67C21C0F604012046EDF787
:10BFA000EBFF88B140F2D016C2F20006F0684025DF
:10BFB00000F1180120460022C0F20105EDF7CAFA8F
:10BFC000F06800F5047155E142F69821C0F60401CD
:10BFD0002046EDF7D1FF78B140F2D010C2F2000058
:10BFE000C068002200F1480120460025EDF7B2FAB2
:10BFF0004FF408704BE100BF42F66021C0F6040127
:10C000002046EDF7B9FF48B340F2D015C2F2000563
:10C01000E868002200F150012046EDF79BFAE8683D
:10C02000002200F506712046EDF794FAE868042234
:10C0300000F128012046EDF78DFAE868042200F5AA
:10C0400008712046EDF786FAE868202200F50871AD
:10C0500020462025EDF77EFA582018E142F6B4215B
:10C06000C0F604012046EDF787FF78B140F2D0100A
:10C07000C2F20000C068002200F11801204600252D
:10C08000EDF768FA4FF4D07001E100BF42F6783165
:10C09000C0F604012046EDF76FFF58B140F2D0160C
:10C0A000C2F20006F0684025C0F2010500F5D87123
:10C0B000E0E000BF42F6EC21C0F604012046EDF7B7
:10C0C0005BFF58B140F2D016C2F20006F06840257E
:10C0D000C0F2010500F5DC71CCE000BF42F6D021D2
:10C0E000C0F604012046EDF747FF18B340F2D01523
:10C0F000C2F20005E868002200F5D4712046EDF791
:10C1000029FAE868202200F5F0712046EDF722FABE
:10C11000E868212200F130012046EDF71BFAE868BB
:10C12000012200F130012046EDF714FA0425282001
:10C13000ADE000BF42F69431C0F604012046EDF7B1
:10C140001BFF38B942F60831C0F604012046EDF76E
:10C1500013FF18B100254FF4E47098E042F6243143
:10C16000C0F604012046EDF707FF58B140F2D016A3
:10C17000C2F20006F0684025C0F2010500F5E0714A
:10C1800078E000BF42F64031C0F604012046EDF7EA
:10C19000F3FE18B100254FF4EC7078E042F65C3104
:10C1A000C0F604012046EDF7E7FE18B100254FF474
:10C1B000F4706CE042F6E831C0F604012046EDF779
:10C1C000DBFE78B140F2D010C2F20000C06800225D
:10C1D00000F1180120460025EDF7BCF94FF4F87086
:10C1E00055E000BF42F6CC31C0F604012046EDF721
:10C1F000C3FE18B100254FF4007048E042F6F0513C
:10C20000C0F604012046EDF7B7FE18B340F2D01592
:10C21000C2F20005E868002200F118012046EDF79F
:10C2200099F9E868002200F178012046EDF792F9CB
:10C23000E868042200F1A0012046EDF78BF9E868D8
:10C24000082200F1A8012046EDF784F94FF4E0251B
:10C2500028201CE042F69861C0F604012046EDF764
:10C260008BFE08B340F2D016C2F20006F1684025FA
:10C27000C0F2010520460022EDF76CF9F06800F1EC
:10C28000080120464FF48032EDF764F9102040F2A7
:10C29000D011C2F20001C9682A460144204601B00B
:10C2A000BDE8F040EDF756B942F6B461C0F60401BE
:10C2B0002046EDF761FE48B140F2D010C2F2000016
:10C2C000C0684025C0F20105D9E700BF42F66061B1
:10C2D000C0F604012046EDF74FFE28B140F2D01021
:10C2E000C2F20000C168DEE542F6D061C0F604018A
:10C2F0002046EDF741FE18B10025C020C7E700BF7A
:10C3000042F66411C0F604012046EDF735FEE8B1AF
:10C3100040F2D015C2F20005E868002200F5CC71A9
:10C320002046EDF717F9E868002200F18001204669
:10C33000EDF710F9E8684FF4403200F15001204663
:10C340004FF44035EDF706F98020A0E742F62821AA
:10C35000C0F604012046EDF70FFE00283EF4E5AFDD
:10C3600000254FF4107092E72DE9F04381B00446A8
:10C37000E5F75EFF05462046E5F772FF0A2D57D127
:10C380000446E8F7E9FC10B10079012850D02046B6
:10C39000EEF7E0FC05462046EEF7C0FC064669468F
:10C3A0002046EEF737FEBDF90070BDF90280204649
:10C3B000EEF75EFC68B3A8B2B1B205EBD03006EB85
:10C3C000D13100B209B207EB600008EB610190FBCC
:10C3D000F5F091FBF6F100FB05F001FB06F10FFA19
:10C3E00080F80FFA81F9002520462946EEF730FC47
:10C3F0000646EFF715FD07463046EFF731FDB84525
:10C4000008BF814508D020460135EEF731FC854252
:10C41000EAD30F2109E000BF96F8245020461C21E2
:10C4200000226662E5F720FF29462046F1F74AFF21
:10C4300001B0BDE8F0830000B0B50C46C4F74AF87F
:10C4400040F26015C2F2000540B1C4F761F82880DF
:10C45000C4F794F86880012001E000BF002029881B
:10C46000A073218069886180B0BD00002DE9F04192
:10C4700082B005686A8CC2F30513002B00F09D8022
:10C48000EA68DB00002603E00836B34200F095803E
:10C490009719FC79A407F7D5BC79BF8847EA044708
:10C4A0008468BC42F0D10B468188A1F12007482F57
:10C4B00000F25C80DFE807F0265A265A5A5A5A5A88
:10C4C0005A5A5A5A5A5A5A5A265A5A2C2C5A265A90
:10C4D0005A5A5A5A5A5A5A5A5A5A5A5A265A5A2624
:10C4E0005A5A5A5A5A5A5A5A5A5A5A5A5A265A2C0E
:10C4F0005A5A5A5A5A5A5A5A5A5A505A5A5A5A2CD4
:10C500002C0000BF002B07DDFF2B07D3048A3CE083
:10C51000FE2B39DCC46838E0848936E0078A80461F
:10C5200080894FF61F0400EB004007EB0747C0F27D
:10C53000E074043320402740DB083F1A07FB03F375
:10C540004FF61F0700EB53104FF4FC6303EA104350
:10C5500038401C181AE000BFD0E90374AFB10CB129
:10C560007F2B12DC80463C4610E000BFFF2B0BD037
:10C57000002BCFD08046D0E903073F1A07FB03F317
:10C5800000EB232402E000BF04698046905901AA11
:10C59000F4F766F9E968019F8A59B8F8041005466E
:10C5A00010462246F4F70AFC55B1A74208D1A0B2C2
:10C5B000B9B2814208BFBC4202D102B0BDE8F081ED
:10C5C000D8F80000D8F80810B8F80420F1F78EF970
:10C5D00002B0BDE8F0810000F0B581B0066840F21D
:10C5E000DC203468B588C2F20000CDF70BFCC8B17E
:10C5F00040F2DC270146C2F2000704E03846CDF7DE
:10C6000029FC014670B1B142F8D008683268904206
:10C61000F4D18868B2689042F0D18888B28890429C
:10C62000ECD135E0608CC0F3051189B3E068C90036
:10C63000002702E00837B9422AD0C219D3799B07F4
:10C64000F8D59379928842EA0342B3689342F1D1D4
:10C6500040F2DC20C2F200003146CDF77FFC3046CC
:10C66000EBF75AFBE6682946F059F4F773FAE068ED
:10C67000C059F4F7CDF958B1F01982798088F15991
:10C6800040EA0242204601B0BDE8F040F1F72EBA80
:10C6900001B0F0BD70B50468A17A2068A2880D04CD
:10C6A0002946EFF70BFAA688E06000212068A180F8
:10C6B00029463246234600F00DF82068A168A6807E
:10C6C000D5F75CF90068A188E268BDE87040F4F72E
:10C6D00075BB00002DE9F04F81B0054640F2DC202B
:10C6E000C2F20000984691460F46CDF7BBFB0028EA
:10C6F0001CBF0646404503D101B0BDE8F08F00BF26
:10C70000B7F5702F3AD14FF6FF70814540F08A801F
:10C7100040F2DC29C2F2000948463146CDF79EFBC3
:10C7200031680746A94222D1688C10F47C7F13D06F
:10C73000002404E0C0F3051101348C420CD2E968F6
:10C7400001EBC402D2799207F4D551F83400B188D4
:10C75000F4F700FA688CEDE730460021D7F730F89F
:10C7600048463146CDF7FAFB3046EBF7D5FA002FB5
:10C77000C2D047453E46CFD1BEE700BF40F2DC24E1
:10C78000C2F200044FF6FF7A20463146CDF766FB31
:10C790003168A9423ED1B1688F423BD1D14502D028
:10C7A000B188894536D10090688C10F47C7F23D005
:10C7B0004FF0000A4FF0040B08E000BFC0F3051172
:10C7C0000AF1010A8A450BF1080B15D2E96801EB61
:10C7D000CA02D2799207F1D501EB0B0231F80B3086
:10C7E000927843EA02429742E8D151F83A00B18880
:10C7F000F4F7B0F9688CE1E730460021D6F7E0FFA6
:10C8000020463146CDF7AAFB3046EBF785FA009873
:10C810004FF6FF7A00283FF46FAF40450646B3D18C
:10C820006AE700BF40F2DC27C2F200073846314613
:10C83000CDF714FB3168A9422AD1B188894527D1A7
:10C84000CA468146688C10F47C7F13D0002404E033
:10C85000C0F3051101348C420CD2E96801EBC4022B
:10C86000D2799207F4D551F83400B188F4F772F90F
:10C87000688CEDE730460021D6F7A2FF38463146F6
:10C88000CDF76CFB3046EBF747FA4846D14600BF80
:10C8900000283FF431AF40450646C7D12CE70000E1
:10C8A0002DE9F04381B09146884600216E2207466B
:10C8B000EFF704F90546384600216D22EFF7FEF840
:10C8C0002904044606D1A0B2B0F5807F02D101B0A0
:10C8D000BDE8F083384600216F22EFF7EFF80646F7
:10C8E000384600217022EFF7E9F806F4C041B1F5AF
:10C8F000005F1AD131B221F4C041B1F5FA6F14DCF6
:10C90000BA8A3B8BB1F57A7FC8BFC1F57A719A1AA2
:10C91000013212B201FB02F148F21F52C5F2EB12D2
:10C9200051FB02F14A1102EBD17600F4C041B1F59E
:10C93000005F1AD101B221F4C041B1F5FA6F14DCE5
:10C94000F88A7A8BB1F57A7FC8BFC1F57A71101A6F
:10C95000013000B201FB00F048F21F51C5F2EB11AB
:10C9600050FB01F0411101EBD070B98AFB8A22B271
:10C9700031441844B9F1000FADF80010ADF80200D1
:10C9800005D04FF4803090FBF2F06D4202B229B234
:10C990006B464046F1F7F0FF01B0BDE8F0830000C0
:10C9A000EFF311804FF0500181F31188BFF34F8FE7
:10C9B000BFF36F8F7047000000880988401A7047E6
:10C9C000D0E901320169D1F804C09A60844553600E
:10C9D00008BF4A600B6800220261581E0860704759
:10C9E00040F20830C2F20000C06870474EF67C6327
:10C9F000C2F2020303604EF67C40C2F202000860FD
:10CA0000802010607047000080F31188BFF34F8FC3
:10CA1000BFF36F8F704700004FF0FF31024642F8BE
:10CA2000081F0021C0E90322C0E90012704700007E
:10CA3000002101617047000010B5D1F800C01CF161
:10CA4000010213D000F1080462681368634511D82D
:10CA500053681C68644511D85A68146864450FD837
:10CA600054682368A6466345EED90BE00269D2F804
:10CA700004E007E09646224604E000BF9E4601E03F
:10CA800096461A46C1F804E0CEF808108A60516054
:10CA900002680861511C016010BD000080B5FFF7FD
:10CAA0007FFF40F2A800C2F200000168013101607E
:10CAB000BFF34F8FBFF36F8F80BD000040F2A8001F
:10CAC000C2F20000016849B10168013901600068E3
:10CAD00000280CBF00207047FFF796BF80B5FFF716
:10CAE0005FFFBDE8804000BFFEE70000F0B581B009
:10CAF000002804BF01B0F0BD4EF61A25A0F10804CD
:10CB0000C2F20005AC420FD34FF6FF71C0F2010133
:10CB10006E18B44208D850F8041C002908D4FFF756
:10CB20003FFF00BFFEE700BFFFF73AFFFEE700BF91
:10CB300022681AB1FFF734FFFEE700BF21F0004181
:10CB400040F8041C074600F0FBFA40F2C03CC2F279
:10CB5000000C57F804ECDCF804000CF114017044EC
:10CB6000CCF80400084600BF0268A2420AD210684E
:10CB7000A0420DD20268A24204D210681346A0421D
:10CB8000F2D301E0034610468B4204D107E000BF18
:10CB900013468B4203D0AB4210D3B3420ED8596830
:10CBA0005A18A24203D18E441C46C3F804E004EB99
:10CBB0000E01814206D001460CE000BFFFF7F0FEF7
:10CBC000FEE700BFDCF80010884203D0D0E9001077
:10CBD00070446060A342216018BF1C60DCF8100044
:10CBE0000130CCF8100001B0BDE8F04001F036BDD6
:10CBF000806910F8020C662808BF00F017B980B5EC
:10CC0000FFF7CEFEBDE88040FEE700004EF21000C8
:10CC1000CEF20000042101600021816040F2680131
:10CC2000C2F20001096844F6D352C1F26202A1FBCC
:10CC300002124FF0FF3101EB9211416007210160B8
:10CC40007047000080B540F2B830EFF3058110293D
:10CC5000C2F200000CD34EF2F032CEF20002895C38
:10CC60000278914204D2FFF79BFE00BFFEE700BFAF
:10CC70004EF60C51CEF200010968406801F4E06103
:10CC8000814298BF80BDFFF78BFE00BFFEE700002A
:10CC90004EF60450CEF200004FF080510160BFF319
:10CCA0004F8FBFF36F8F704770B5002862D0002997
:10CCB00008BF70BD4EF6D862C2F2020253689842B5
:10CCC0005CD0D36898425DD05369984260D0D369F4
:10CCD000984263D0536A984266D0D36A984269D02A
:10CCE000536B98426CD0D36B98426FD0134653F875
:10CCF00008EF166814464FF0000CBEF1000F18BF85
:10CD0000634654F8105F002E08BF13461646002DE8
:10CD100018BF644656F8185F002B18BF1C46002D3C
:10CD200018BF6646154655F8203F002C18BF26460A
:10CD30001446002B18BF654654F8283F002E18BF34
:10CD40003546002B18BF6446134653F8306F002D4C
:10CD500018BF2C46002E18BF6346002C18BF234670
:10CD6000B3BB52F8383F002B134608BFC3E900108D
:10CD700070BD00BFFFF714FEFEE700BF1346C3E916
:10CD8000001070BD02F10803C3E9001070BD00BFC0
:10CD900002F11003C3E9001070BD00BF02F11803D7
:10CDA000C3E9001070BD00BF02F12003C3E9001009
:10CDB00070BD00BF02F12803C3E9001070BD00BFC1
:10CDC00002F13003C3E9001070BD00BF02F1380367
:10CDD000C3E9001070BD000070B515460E4604464C
:10CDE000FFF75CFE94F84400FF2804BF002084F89D
:10CDF000440094F84500FF2804BF002084F8450053
:10CE0000FFF75CFEA06B28B12046BDE87040F8F744
:10CE1000C7B900BF04F1240031462A4600F0D6F815
:10CE20002046BDE87040F8F7BBB900000A4A116817
:10CE3000086806C881F30B88EFF3148151F00201F2
:10CE400081F31488203080F30988BFF36F8F4FF08F
:10CE5000000080F31188104730E300200648006886
:10CE6000006880F3088862B661B6BFF34F8FBFF3E6
:10CE70006F8F66DF00BF000008ED00E02DE9F04392
:10CE800081B0C8B340F20836C2F200063169013100
:10CE90003161316901291DD14EF23034C2F20004F2
:10CEA0007769D6F81880D6F81C902168002281F89E
:10CEB0005A202168054604310846FFF781FD2068A5
:10CEC0007F194760206800F1040107D34846FFF747
:10CED000B3FD0AE0FFF764FDFEE700BF4046FFF741
:10CEE000ABFDB06A874238BFB76201F0B7FB0028DC
:10CEF0001CBF01B0BDE8F08301B0BDE8F043FFF70F
:10CF0000C7BE000040F20831C2F200014A6B026065
:10CF1000496941607047000040F20830C2F20000E9
:10CF200001214162704700002DE9F04381B048B310
:10CF30004EF23035C2F200050C4629681831FFF771
:10CF40007BFD40F20837C2F200077E69D7F81880EF
:10CF5000D7F81C902868002180F85A1028680430FF
:10CF6000FFF72EFD601C11D02868A41944602868C2
:10CF700000F1040120D3484601B0BDE8F043FFF7BB
:10CF80005BBD00BFFFF70CFDFEE700BF57F8600F69
:10CF9000013079682A6891608A682B68DA602B68AA
:10CFA000043353602A6804328A60296838604F610C
:10CFB00001B0BDE8F08300BF4046FFF73DFDB86A11
:10CFC000844238BFBC6201B0BDE8F0832DE9F04770
:10CFD000E0B315468A46D0E900124EF23037C2F26D
:10CFE00000073B680131DA6193683E6833623E684E
:10CFF00018365E603B6840F20836183393603A6832
:10D0000001609062C2F200067469D6F81880D6F802
:10D010001C903868002180F85A1038680430FFF7F7
:10D02000CFFCBDB156F8600F013071683A6891606D
:10D030008A683B68DA603B68043353603A680432BC
:10D040008A60396830604E61BDE8F087FFF7A8FC60
:10D05000FEE700BF386814EB0A044460386800F14A
:10D06000040105D34846BDE8F047FFF7E5BC00BF23
:10D070004046FFF7E1FCB06A84423CBFB462BDE8C1
:10D08000F087E1E7B0B58AB044F24940C4F24C50B1
:10D09000002504905C200795CDF81950CDF8155067
:10D0A0008DF814500895099009985C2840D14EF6E7
:10D0B00020440998C2F2020420465C21C3F732F9E9
:10D0C0004EF62020C2F202002063022084F85900AC
:10D0D00008A8CDE9005044F61940C0F6030004A9A1
:10D0E000802200230294F7F7CBFD2046F7F740FC9F
:10D0F000089840F20834C2F20004E06280B101F006
:10D100003FFB411C18D001280AD1FFF749FC4FF022
:10D11000FF30A062012060600020606100F048F9EB
:10D1200043F29060C0F6040000680AB0B0BD00BFD2
:10D13000FFF736FCFEE700BFFFF732FCFEE700001A
:10D1400040F20830C2F2000001690131016170470C
:10D1500010B540F2083EC2F2000EDEF8101019B110
:10D160000121CEF8241010BD0021CEF82410DEF8E5
:10D1700020104EF2343C01EB8102C2F2000C5CF84C
:10D1800022000CEB820398B15868426803F1080052
:10D1900082425A6001D1DA685A60D0684EF2303269
:10D1A000C2F200021060CEF82010106810BD00BF5F
:10D1B000283BC9B101EB81005C690CEB8002BCB972
:10D1C000012911D01868B8B902290DD053F8140CF0
:10D1D000B0B9032908D053F8280C04390028A3F16A
:10D1E0005003E6D02833CFE7FFF7DAFBFEE700BFB6
:10D1F000A2F114030139C7E7A2F128030239C3E7FA
:10D20000A2F13C030339BFE7B0B5E5F729F80446BE
:10D21000EDF77AFED8F7A4FF054620460121EDF789
:10D2200017FD95F9021042F6EC62C0F6040202EB1B
:10D2300081012A8851F8043C43F26221C0F60401BE
:10D24000BDE8B040E9F7A8BFF0B581B0E5F708F850
:10D250000446EDF759FED8F783FF07462046002124
:10D26000EDF7F6FC0646E4F7EFFC01784FF47A752B
:10D270004278837801FB05F1642503EB830312FBFD
:10D280000511C07801EB43013A880844801A42F640
:10D29000B071084481B23046E4F794FF2046012182
:10D2A000EDF7D6FC97F90210013989B201B0BDE85B
:10D2B000F040E4F787BF00002DE9F04182B004465A
:10D2C000B0F92E0010F5004F64D094F83410A68DFC
:10D2D000658DC1F34101AE4238BF06F5B476DFE893
:10D2E00001F00315355900BFB4F93010B4F93220FC
:10D2F00037B22B460097EAF7F1FA81B20546668D00
:10D300002046D7F7D3F8204631462EE0B4F9301046
:10D31000B4F9322005FA86F3571807EBD77703EBF9
:10D32000D3737F1043F34F0C87424FEA63081FDD2E
:10D330003A462B46CDF800C0EAF7D0FA81B205464E
:10D340002046D7F729F91FFA88F11EE0B4F930100A
:10D35000B4F9322033B20095EAF7C0FAA18D054640
:10D360002046D7F7A3F8A9B22046D7F715F90FE062
:10D3700036B2394663460096EAF7B0FA1FFA88F1EA
:10D3800005462046D7F708F9A9B22046D7F78EF808
:10D39000A4F8405002B0BDE8F081000080B5E4F789
:10D3A00047FF072818BF80BDBDE88040CFF73EBAD1
:10D3B000B0B584B04EF62050CEF2000050F8181CE4
:10D3C00046F66963CA6AC0F600039A4204D0FFF7C2
:10D3D000E7FA00BFFEE700BF896B46F66932C0F688
:10D3E0000002914204D0FFF7DBFA00BFFEE700BF66
:10D3F000002102914FF07F4140F8041C50F8041CBA
:10D40000090E8DF807109DF8071011F0500240F238
:10D41000B831C2F200010A7076D09DF8072002F000
:10D420005002502A74D19DF90720B2F1FF3F51DD1F
:10D43000029A0024082A4FF0000206D0029A4FF404
:10D44000E063A3EB022202F4E0624A60016841F467
:10D450007F010160016841F07F41016040F8044CA8
:10D46000FFF7D4FB40F2A805C2F200052C60FFF7DD
:10D47000F5FCFFF76DFE03942C68FFF791FA601C32
:10D480003CD000BFFEE700BF029A013202929DF835
:10D49000072052008DF807209DF90720B2F1FF3FC9
:10D4A000C6DC029A013202929DF8072052008DF8E4
:10D4B00007209DF90720B2F1FF3FB9DC029A013243
:10D4C00002929DF8072052008DF807209DF9072051
:10D4D000002AADD5029A013202929DF8072052002F
:10D4E0008DF807209DF90720B2F1FF3FCCDD9FE7C3
:10D4F000039830B9039820B9039810B9039800280D
:10D50000F6D0002004B0B0BDFFF74AFAFEE700BF36
:10D51000FFF746FAFEE7000010B5FFF741FA0446B0
:10D5200000F032FF30B14EF60450CEF200004FF062
:10D53000805101602046BDE81040FFF765BA000049
:10D54000F0B581B0E0B3A0FB0136CEBB01FB00F328
:10D5500013F1510F34D8054603F150000E4614461E
:10D56000F7F7CEFE50B30027014680F84670002E34
:10D5700018BF50310160C0E90F560546FFF78EFA1B
:10D58000D5E90F012A68AF6301FB0023013800FBD6
:10D590000120C5E90123E860FF2085F8440085F8F3
:10D5A000450005F11000FFF737FA05F12400FFF7F9
:10D5B00033FAFFF783FA284685F84C4001B0F0BDF6
:10D5C000FFF7EEF9FEE7000070B582B043B118B185
:10D5D00001B90AB941B13AB9FFF7E2F9FEE700BF74
:10D5E000FFF7DEF9FEE700BF50250195019D502DA4
:10D5F00010D1019D012583F84650002908BF1A4625
:10D600001A60A0FB0125C3E90F013DB1FFF7C8F97E
:10D61000FEE700BFFFF7C4F9FEE700BF069E1C4609
:10D62000FFF73CFAD4E90F0122680025A56301FB4E
:10D630000023013800FB0120C4E90123E060FF2042
:10D6400084F8440084F8450004F11000FFF7E4F981
:10D6500004F12400FFF7E0F9FFF730FA204684F8E0
:10D660004C6002B070BD00002DE9F04F83B0029213
:10D6700090B11D46044699B1022D02D1E06B0128FC
:10D680004AD116460F4600F069FE88B986B1FFF709
:10D6900087F900BFFEE700BFFFF782F9FEE700BF92
:10D6A000206C0028E8D0FFF77BF900BFFEE700BF41
:10D6B000FFF7F4F9A06B022D57D0E16B884254D3E9
:10D6C0000298002800F0EC806846FFF71BFCFFF78B
:10D6D000F5F9FFF735FDFFF7E1F994F84400FF286D
:10D6E00004BF002084F8440094F84500FF2804BFDC
:10D6F000002084F84500FFF7E1F9684602A900F030
:10D700008BFB68B12046F7F74BFD00F0A7FF002028
:10D7100003B0BDE8F08F00BFFFF742F9FEE700BF9E
:10D7200004F11008FFF7BAF9D4F83890E66BFFF768
:10D73000C5F9B1450ED102994046FFF7F5FB2046E9
:10D74000F7F72EFD00F08AFF002808BFFFF7A0FAC8
:10D7500005E000BF2046F7F723FD00F07FFFFFF74D
:10D760009DF9A06BE16B884254D2A66B226CDAB1B2
:10D7700039462DB3E068C2F7AEFDE168206C22683F
:10D78000091A9142E16003D2A16840420844E06076
:10D79000A81EB0FA80F040093146002E18BF0121C2
:10D7A0000840361A18E000BF2068A8B9A06800F049
:10D7B000A3FE0021B0FA80F0A16040090DE000BF97
:10D7C0006068C2F788FDD4E90101226C10448842E8
:10D7D000606001D320686060012054F8241F721C2F
:10D7E000626169B1204600F0D1FE002818BFFFF742
:10D7F0004FFAFFF763F9012003B0BDE8F08F00BFD7
:10D800000028F6D1FFF744FAFFF758F9012003B0DA
:10D81000BDE8F08FE9460DF1080B0AE02046F7F766
:10D82000BFFC00F01BFFFFF739F9A06BE16B8842EA
:10D830009BD30298A0B3FFF741F9FFF781FCFFF7F4
:10D840002DF994F84400FF2804BF002084F8440018
:10D8500094F84500FF2804BF002084F84500FFF736
:10D860002DF94846594600F0D7FA00287FF44AAF10
:10D87000FFF714F9A66BD4F83CA0FFF71FF9564543
:10D88000CCD102994046FFF74FFB2046F7F788FCC2
:10D8900000F0E4FE0028C6D1FFF7FAF9C3E700BFA5
:10D8A000FFF70CF9002003B0BDE8F08F2DE9F04F31
:10D8B00081B0D8B11D460446E1B1022D02D1E06B22
:10D8C000012843D10E469146FFF7BCF9FFF768F8EF
:10D8D000A16B022D16D0E26B914213D30024FFF707
:10D8E00093F8204601B0BDE8F08F00BFFFF758F86D
:10D8F000FEE700BF206C0028DFD0FFF751F800BF23
:10D90000FEE700BF94F945B0A16BA76B226C5FFAEC
:10D910008BFAFAB13146804635B3E068C2F7DBFCDA
:10D92000E168206C2268091A9142E16003D2A16883
:10D9300040420844E060A81EB0FA80F04009394631
:10D94000002F18BF012108403F1A19E0FFF728F8FF
:10D95000FEE700BF8046206890B9A06800F0CCFDCB
:10D960000020A0600CE000BF6068C2F7B4FCD4E9FE
:10D970000101226C10448842606001D3206860601D
:10D98000781CBAF1FF0FA0630AD0FFF729F85845B9
:10D9900016D9BAF17F0F1BD1FFF702F8FEE700BFDF
:10D9A00054F8240F60B1204600F0F0FDB9F1000FEB
:10D9B0004FF0010405D0002818BFC9F8004000E06E
:10D9C00001244046FFF720F8204601B0BDE8F08F63
:10D9D0000AF10101404684F845100124FFF714F8CC
:10D9E000204601B0BDE8F08F2DE9F04784B00392E6
:10D9F00060B11546044689B30E4600F0AFFC48B945
:10DA000045B1FEF7CDFF00BFFEE700BFFEF7C8FF40
:10DA1000FEE700BFFFF742F8A56B3DB3226C52B1A1
:10DA2000D4E9023130461144E160994224BF2168B3
:10DA3000E160C2F750FC54F8100F691EA16230B1CA
:10DA4000204600F0A3FD002818BFFFF721F90124AC
:10DA5000FFF734F8204604B0BDE8F087206C0028BA
:10DA6000CAD0FEF79DFF00BFFEE700BF0398002865
:10DA700000F09E8001A8FFF745FAFFF71FF8FFF7B7
:10DA80005FFBFFF70BF894F8440004F12408FF282B
:10DA900004BF002084F8440094F84500FF2804BF28
:10DAA000002084F84500FFF709F801A803A900F059
:10DAB000B3F978B12046F7F773FB00F0CFFDFEF71E
:10DAC000EDFFA56BFEF7FAFFEDB90024204604B088
:10DAD000BDE8F087FEF7E2FFA56BFEF7EFFF2DB183
:10DAE0002046F7F75DFB00F0B9FD0CE003994046D6
:10DAF000FFF71AFA2046F7F753FB00F0AFFD0028B6
:10DB000008BFFFF7C5F8FEF7C9FFA56B002D7FF42E
:10DB100085AF4FF000090DF1040A03AF12E000BF1A
:10DB20002046F7F73DFB00F099FDFEF7B7FFA56B28
:10DB3000FEF7C4FF002DC8D0FEF7B0FFA56B002D87
:10DB40007FF46CAF039898B3FEF7B8FFFFF7F8FACD
:10DB5000FEF7A4FF94F84400FF2808BF84F844901F
:10DB600094F84500FF2808BF84F84590FEF7A6FF0B
:10DB70005046394600F050F90028D1D1FEF78EFF0B
:10DB8000A56BFEF79BFF2DB12046F7F709FB00F0D0
:10DB900065FDD1E703994046FFF7C6F92046F7F740
:10DBA000FFFA00F05BFD0028C6D1FFF771F8C3E76C
:10DBB0000024FEF783FF204604B0BDE8F087000094
:10DBC0002DE9F04381B0022A08D0012A0CD10428A3
:10DBD00012D8FEF7E5FE00BFFEE700BFE0B3042762
:10DBE000814205D80BE000BFD0B30027814206D99F
:10DBF000FEF7D6FEFEE700BF01278142F8D80129D3
:10DC000098BF012110F12A0F82BF002001B0BDE8AA
:10DC1000F083044629308846F7F772FB0646002851
:10DC20004FF0000014D0013406F1280528462146A3
:10DC300055224FF00009C2F76EFB30462421C2F78F
:10DC400071FB3046B561C6E902483777C6F82490C3
:10DC500001B0BDE8F08300BFFEF7A2FEFEE700BF03
:10DC6000FEF79EFEFEE700002DE9F04381B0D9B13A
:10DC70000446E8B1207FC7071ED140074CBFE668C5
:10DC80000026E3B1994688461746FEF707FF60680D
:10DC9000A16822680844801A451A38BF0546B54273
:10DCA00018D9FEF70BFF37E0FEF77AFEFEE700BF5C
:10DCB000FEF776FEFEE700BF0426002BE2D1606887
:10DCC000A36827681844C01BC51A38BF0546B5426B
:10DCD00026D83FE0616A0020002500F083FA206921
:10DCE00020B1FEF75DFE00BFFEE700BF00F030FB95
:10DCF0002061FEF7E3FE606A002100220023CDF8D8
:10DD0000009000F091FA2561A068616822680144E2
:10DD1000891A0D1A38BF0D463A464146B54219D9FF
:10DD200020462B46F7F728F8A0B10546FFF708FA7A
:10DD3000606940B16069616A002600220023009694
:10DD400000F026F9666100F089FC284601B0BDE8C4
:10DD5000F08300BF002001B0BDE8F0832DE9F04161
:10DD600082B0002950D00446002851D0207F984628
:10DD7000042303EA800CA068276825686668236886
:10DD80009F4211D02368256866682768BB420BD084
:10DD90002368256866682768BB4205D02368256824
:10DDA00066682768BB42E7D12B18F643334402EB81
:10DDB0000C07834228BF731920460097F7F72AFA09
:10DDC000F8B16168D4E9022327681144C91B8A1A93
:10DDD00038BF0A469A4214D30546FEF7E1FD216991
:10DDE00061B12269616A00270646104600220023BD
:10DDF000CDE9007800F050F930462761FEF704FEC7
:10DE0000284602B0BDE8F081FEF7CAFDFEE700BF7C
:10DE1000FEF7C6FDFEE70000B0B5E8B101B3044669
:10DE20000D46FEF73BFE40F2083E4EF23031C2F2A4
:10DE3000000EC2F20001DEF814206368086890F852
:10DE40005A0088B10868002180F85A100124FEF7B2
:10DE500035FE2046B0BD00BFFEF7A2FDFEE700BFC5
:10DE6000FEF79EFDFEE700BF2968481C20D0AC46A7
:10DE7000DEF834002568A84201D09A4210D2D21AA6
:10DE800091420DD9881ACCF80000DEF834002060E9
:10DE9000DEF8140060600024FEF710FE2046B0BDDE
:10DEA0000020CCF800000124FEF708FE2046B0BD9B
:10DEB0000024FEF703FE2046B0BD00002DE9F04F20
:10DEC00083B007469000984615468946F7F718FA3A
:10DED000F8B104465C20F7F713FAB8B1DDE90CBAE3
:10DEE0005C210646C2F71EFA384649462A46434692
:10DEF0003463CDE900BA0296F6F7C2FE3046F6F773
:10DF000037FD012003B0BDE8F08F00BF2046FEF7CB
:10DF1000EDFD4FF0FF3003B0BDE8F08F2DE9F04785
:10DF200086B00F9D0027049735B3109C44B35C273F
:10DF30000597059F5C2F27D1DDF838A0059F814606
:10DF400020460E465C2198461746C2F7EBF90220A0
:10DF500084F8590004A82563CDE900A0484631465D
:10DF60003A4643460294F6F78BFE2046F6F700FD4C
:10DF7000049806B0BDE8F087FEF712FDFEE700BF8B
:10DF8000FEF70EFDFEE700BFFEF70AFDFEE700000C
:10DF9000F0B581B021B1FEF703FD00BFFEE700BF81
:10DFA000D0B1069E1D4614460746FEF777FD38465B
:10DFB000002E1CBF416D316090F858100222042DD4
:10DFC00080F858204CD8DFE805F0180315130B0033
:10DFD000426D224310E000BFFEF7E2FCFEE700BF07
:10DFE000022905D10024FEF769FD204601B0F0BDED
:10DFF000446502E0426D01324265012946D1D0E913
:10E0000002734269011D5668BB608E425F6008BFA3
:10E0100053601368013B136040F20833C2F20003FF
:10E02000C26A1F6ABA4288BF1A6202EB82034EF2CA
:10E030003437C2F2000707EB830675684661AC68A7
:10E04000C0E902546160A96057F82310806A013169
:10E0500047F8231080B1FEF7A3FC00BFFEE700BF26
:10E0600040F20832C2F200025269002AC5D0FEF71F
:10E0700097FC00BFFEE700BF4EF23030C2F2000056
:10E080000068C06A904238BFFEF702FE0124FEF726
:10E0900015FD204601B0F0BDF0B581B020B139B119
:10E0A000FEF77EFCFEE700BFFEF77AFCFEE700BF4E
:10E0B000069F04461E461546FEF7C4FDFEF770FC9B
:10E0C000002F1CBF616D396094F858100222042E95
:10E0D00084F858201ED8DFE806F01403110F07005B
:10E0E000626D2A430CE000BF022905D10024FEF72F
:10E0F0008BFC204601B0F0BD656502E0626D013227
:10E100006265012968D1A16A81B1FEF749FC00BFAF
:10E11000FEE700BF40F20832C2F200025269002A54
:10E12000EFD0FEF73DFC00BFFEE700BF40F2083C29
:10E13000C2F2000CDCF8102082B1614651F84C2F7D
:10E1400004F1180701324B68A1629E680A60C4E9B5
:10E1500007369F60E36A776028E000BFD4E9026772
:10E160006369221D5D68B76095427E6008BF5F608D
:10E170001F684EF2343E013F1F60E36ADCF82070F6
:10E18000C2F2000EBB4288BFCCF8203003EB8307FD
:10E190000EEB8705696865618E68C4E902168A60BE
:10E1A0005EF82710726001314EF827104EF23031C0
:10E1B000C2F200010968C96A8B420DD9079A01248D
:10E1C000002A1CBF01211160CCF82440FEF71CFC82
:10E1D000204601B0F0BD00BF0124FEF715FC20462B
:10E1E00001B0F0BD10B519B1FEF7DAFBFEE700BFD4
:10E1F00028B94EF23030C2F20000006880B1044607
:10E20000FEF74CFC94F8581020460024022904BF65
:10E2100080F858400124FEF751FC204610BD00BF95
:10E22000FEF7BEFBFEE700002DE9F04F81B018B10C
:10E23000FEF7B6FBFEE700BF4EF23036C2F2000634
:10E24000DDF828A030681D469046BAF1000F90F81E
:10E25000580018BF02281BD1FEF720FC15B130680A
:10E26000406D28603068002590F858100020022981
:10E2700005D1316801254A6D22EA08024A653168F4
:10E2800081F85800FEF71AFC284601B0BDE8F08F6F
:10E2900040F20837C2F2000738690C460130386195
:10E2A000FEF7FCFB306890F85800022804D1FEF716
:10E2B00005FC00F0D3F9CFE73068416DA14341651B
:10E2C0003068012180F85810FEF7F8FBD7F814B039
:10E2D000BC69D7F81C903068002180F85A1030686B
:10E2E0000430FEF76DFB1AF101000DD030681AEB17
:10E2F0000B0AC0F804A0306800F1040118D34846A6
:10E30000FEF79AFB1CE000BF57F8600F01307968F8
:10E31000326891608A683368DA6033680433536026
:10E32000326804328A60316838604F6108E000BFAB
:10E330002046FEF781FBB86A824538BFC7F828A09F
:10E3400000F08CF9002808BFFEF7A2FC84E700006B
:10E350004EF23030C2F200000068704740F20830E0
:10E36000C2F20000416800290FBF01200069B0FA25
:10E3700080F0400918BF40007047000040F20830AC
:10E38000C2F20000406970472DE9F04740F2083AB8
:10E39000C2F2000ADAF8100040B1DAF830000130B9
:10E3A000CAF830000020BDE8F08700BFDAF814009A
:10E3B00010F10109CAF8149022D3DAF818000068A5
:10E3C00020B1FEF7EDFA00BFFEE700BFDAF8180053
:10E3D000DAF81C30CAF81830CAF81C00DAF8340031
:10E3E0000130CAF83400DAF81800006820B1DAF811
:10E3F0001800C068006801E04FF0FF30CAF828003C
:10E40000DAF828004EF2303C4EF234388145C2F240
:10E41000000CC2F2000801D200205BE0DAF818001C
:10E420004FF0000E006800284CD0002021E000BF13
:10E43000E66ADAF820108E4288BFCAF8206006EB40
:10E44000860108EB8102536862619F68C4E9023764
:10E450009D6058F821307D605A1C48F82120DCF876
:10E460000010C96ADAF818208E4288BF01201168AE
:10E4700061B3DAF81840E468E468254655F8046F9B
:10E48000B14525D3D4E9023667697A689E60AA420D
:10E49000736008BF7E603A68A66A013A002E3A604F
:10E4A000C6D0D4E90727716804F118039942976030
:10E4B0007A6008BF77603168C4F828E001393160BC
:10E4C000B6E700BF4FF0FF36002001E04FF0FF3607
:10E4D000CAF82860DCF80010C96A01EB810158F81D
:10E4E0002110012988BF0120DAF82410002918BF63
:10E4F0000120BDE8F0870000B0B5002804BF00206F
:10E50000B0BD4EF23031C2F200010968884203D03A
:10E51000FEF746FAFEE700BF016D99B301390165C8
:10E520004FF000012BD1C26AC36C9A4227D0041D60
:10E5300005462046FEF744FAE96C4EF2343CC1F140
:10E540003802AA6140F20832E962C2F20002136A9C
:10E55000C2F2000C994288BF116201EB810128468A
:10E560000CEB81035D684361AA68C0E90252546004
:10E570005CF82120AC60501C4CF8210001210846B9
:10E58000B0BD00BFFEF70CFAFEE7000070B5C06832
:10E59000C06838B3D0E90723816A00F1180ED1F8BA
:10E5A00004C09360F4455A6008BF4B600B680022BA
:10E5B00082625A1E40F2083C0A60C2F2000CDCF88B
:10E5C000101099B1614651F84C2F01324B688162AD
:10E5D0009C680A60C0E90734C3F808E0C36AC4F85D
:10E5E00004E02EE0FEF7DCF9FEE700BFD0E90221EF
:10E5F000436900F1040E5C68916074454A6008BF8D
:10E60000596019684EF2343201391960C36ADCF876
:10E610002010C2F200028B4288BFCCF8203003EBFE
:10E62000830102EB810465684461AE68C0E902566B
:10E63000C6F804E052F82160C5F808E0701C42F802
:10E6400021004EF23030C2F200000068C06A8342FE
:10E6500092BF00200120CCF8240070BD2DE9F043CA
:10E6600081B0FEF71BFA40F20834C2F200042069C0
:10E6700060B1206901382061206958B10024FEF79B
:10E680001DFA204601B0BDE8F08300BFFEF788F90F
:10E69000FEE700BFE0680028F0D0E06C4EF23038B2
:10E6A0000028C2F2000850D04EF234394FF0000E6C
:10E6B000C2F200094FF0010CA26DD3689A6AD3E947
:10E6C0000757566803F118008642AF607D6008BFA7
:10E6D00057601068C3F828E0013810601A1D5F69A0
:10E6E000D3E902057E6896428560686008BF7D6058
:10E6F0003868DD6A01383860206A854288BF256243
:10E7000005EB850009EB800677685E61B968C3E9AF
:10E7100002714A6059F82010BA60013149F820109E
:10E72000D8F80000C06A854288BFC4F824C0E06CF5
:10E730000028C1D1A069006820B1A069C068006844
:10E7400002E000BF4FF0FF30A062256B4DB1012702
:10E75000FFF71AFE002818BF6762013DF8D10020BC
:10E760002063606A00283FF489AFD8F80000FEF704
:10E770008FFA0124FEF7A2F9204601B0BDE8F0832C
:10E7800070B586B0FEF78AF940F27C36C2F2000618
:10E79000306808BB06F114042046FEF73DF906F187
:10E7A00028052846FEF738F94EF23D224EF2E023C6
:10E7B000C6E9024500250A20C2F200021021C2F279
:10E7C00000030095FEF700FF306028B143F2F851D6
:10E7D000C0F60401FEF768FAFEF770F93068E0B1A0
:10E7E0000020CDE9040005A804A903AAFEF7FEF85D
:10E7F000DDE903200221059D0023CDE9001044F648
:10E800007960C0F6030007A10295FFF787FB002897
:10E8100070601EBF012006B070BDFEF7C1F800BFDA
:10E82000FEE700BF546D722053766300F0B581B0EF
:10E830000446E3F715FD05462046E3F713FD0446BD
:10E840002846E3F70BFA06462046D7F789FC90F9ED
:10E8500002702846E3F7F8F901784FF47A7501FB66
:10E8600005F142788378891B642603EB830312FB4E
:10E870000611C07801EB43013A46084442F6B071F4
:10E88000084481B2204601B0BDE8F040D7F76ABC29
:10E890000FB4054B10B503A9044A029800F02CF8F8
:10E8A00010BC5DF814FB0000E5100108000000201A
:10E8B0000FB4084B10B504A902AA039800F01CF885
:10E8C000044602A9002000F048FA204610BC5DF87A
:10E8D00014FB00005BED030802E008C8121F08C12A
:10E8E000002AFAD170477047002001E001C1121FD1
:10E8F000002AFBD1704700002DE9FF4F8DB00F4675
:10E900000546002606E025280BD0DDE90F129047CA
:10E910006D1C761C28780028F5D111B03046BDE872
:10E92000F08F0024A246A1460122EC4900E00443F6
:10E9300015F8013F203B02FA03F00842F7D128788E
:10E940002A2810D06FF02F022878A0F13001092971
:10E9500014D80AEB8A0102EB410144F0020400EBF7
:10E96000010A6D1CF0E701CF5FEA000A03D544F409
:10E970000054CAF1000A44F002046D1C28782E28C5
:10E9800017D115F8010F44F004042A280ED06FF0B7
:10E990002F022878A0F1300109290AD809EB890152
:10E9A00002EB410100EB01096D1CF2E757F8049BF3
:10E9B0006D1C28786C280FD006DC4C2817D06828EE
:10E9C0000DD06A2814D104E0742810D07A280FD111
:10E9D0000DE044F400140AE044F4801401E044F42F
:10E9E00040146978814202D104F580146D1C6D1CBD
:10E9F0002A786E2A1FD00CDC632A31D004DC002A6E
:10EA00008BD0582A11D1A3E0642A68D0692A0CD18E
:10EA100065E0732A2ED004DC6F2A73D0702A04D1EB
:10EA20009BE0752A6FD0782A6ED01046DDE90F1270
:10EA30009047761C50E1C4F30250022806D0032808
:10EA400009D0042801CF09D0066045E101CFF117B4
:10EA5000C0E9006140E101CF06803DE106703BE185
:10EA600017F8040B8DF8000000208DF80100EB462C
:10EA7000012003E057F804BB4FF0FF3061074FF06F
:10EA8000000102D40DE008F10101884649450FDA82
:10EA90008045F8DB1BF808100029F4D108E008F1E4
:10EAA000010188468142FADB1BF808100029F6D1E3
:10EAB000DDE90F23AAEB08008146214600F036F974
:10EAC000304400EB080604E0DDE90F121BF8010BEF
:10EAD0009047B8F10108F7D221464846F7E00A21ED
:10EAE000C4F302534FF0000B0891022B04D001CF66
:10EAF000C117032B09D00AE0FF1D27F00707F7E82D
:10EB0000020108E032E01FE020E000B2C117042B50
:10EB100001D140B2C117031E71F1000307DA4FF0B3
:10EB2000000CD0EB0C006CEB01012D2302E023055F
:10EB300004D52B238DF82430012303E0E30701D013
:10EB40002023F7E7984658E00A2110E010210EE054
:10EB500010204FF0000B08900CE010214FF0000B3C
:10EB600044F004044FF00809089103E008214FF035
:10EB7000000B0891C4F30253022B04D001CF0021F3
:10EB8000032B06D006E0FF1D27F00707F7E8020178
:10EB900003E080B2042B00D1C0B24FF0000823077D
:10EBA0002BD5702A07D0DDF820C08CF0100C5CEA61
:10EBB0000B0C05D00EE040238DF82430012308E033
:10EBC00050EA010306D030238DF824308DF825203B
:10EBD00002239846DDF820C08CF0080C5CEA0B0C90
:10EBE0000BD150EA010301D1630706D530238DF81C
:10EBF00024304FF00108A9F10109582A04D038A2A5
:10EC00000B9208AA0A920BE03AA2F9E75B46089A2F
:10EC1000C1F730FB0B9B9B5C0A9A521E0A92137041
:10EC200050EA0102F2D10A98ADEB000000F1200B8E
:10EC3000600702D524F4803401E04FF00109D94582
:10EC400002DDA9EB0B0000E0002000EB0B014144CA
:10EC50000890AAEB010AE00306D4DDE90F23214660
:10EC6000504600F063F806444FF0000908E009A997
:10EC700011F80900DDE90F12904709F10109761C2E
:10EC8000C145F4DBE0030CD5DDE90F2321465046F6
:10EC900000F04CF8064404E0DDE90F123020904704
:10ECA000761C0899481E08900029F5DC08E00A98AF
:10ECB0000A990078491C0A91DDE90F129047761CE9
:10ECC000BBF10001ABF1010BF1DC21465046DDE95F
:10ECD0000F2300F019F806446D1C1BE609280100FB
:10ECE00030313233343536373839616263646566C2
:10ECF0000000000030313233343536373839414284
:10ED000043444546000000002DE9F041044600253B
:10ED10001E461746880404D405E039462020B04733
:10ED20006D1C641EF9D52846BDE8F0812DE9F0413F
:10ED3000044600251E469046C80301D5302700E052
:10ED40002027880404D505E041463846B0476D1CAD
:10ED5000641EF9D52846BDE8F0810A68531C0B6093
:10ED600010707047D2F7BEB910B5044601E0D2F773
:10ED7000B9F914F8010B04490028F8D1BDE8104096
:10ED80000A20D2F7AFB9000000000020DDC500085E
:10ED9000DDC6000865C60008000000000000000095
:10EDA0000102030406070809000000000102030431
:10EDB00000000242010000000000024203000000C7
:10EDC00000000242060000000004024201000000B0
:10EDD000000402420A000000000802420200000093
:10EDE000000C02420D000000000C02420200000074
:10EDF000000802420A000000000402420000000075
:10EE0000000802420C00000000040242030000005F
:10EE10000004024204000000001002420000000052
:10EE20000010024202000000001002420300000035
:10EE3000006CDC0200366E010024F400001BB700F9
:10EE400000093D0080841E00504B140040420F001A
:10EE500000E02E000070170000A00F0000B80B00AB
:10EE6000801A0600400D030088070200A0860100FA
:10EE7000010002000400060008000A000C00100057
:10EE8000200040008000000100FF0055AAFF001193
:10EE90002233445566778899AABBCCDDEEFF00018A
:10EEA00002030405060708090A0B0C0D0E0F1011CA
:10EEB00012131415161718191A1B1C1D1E1F2021BA
:10EEC00022232425262728292A2B2C2D2E2F3031AA
:10EED00032333435363738393A3B3C3D3E3F40419A
:10EEE00042434445464748494A4B4C4D4E4F50518A
:10EEF00052535455565758595A5B5C5D5E5F60617A
:10EF000062636465666768696A6B6C6D6E6F707169
:10EF100072737475767778797A7B7C7D7E7F808159
:10EF200082838485868788898A8B8C8D8E8F909149
:10EF300092939495969798999A9B9C9D9E9FA0A139
:10EF4000A2A3A4A5A6A7A8A9AAABACADAEAFB0B129
:10EF5000B2B3B4B5B6B7B8B9BABBBCBDBEBFC0C119
:10EF6000C2C3C4C5C6C7C8C9CACBCCCDCECFD0D109
:10EF7000D2D3D4D5D6D7D8D9DADBDCDDDEDFE0E1F9
:10EF8000E2E3E4E5E6E7E8E9EAEBECEDEEEFF0F1E9
:10EF9000F2F3F4F5F6F7F8F9FAFBFCFDFEFF0004D6
:10EFA0000404040404040404040000000000060631
:10EFB0000606060605000000000000000000000034
:10EFC000000000000000020000000000000000003F
:10EFD0000400000200020200000000000000020223
:10EFE0000202000200000002000000000000020017
:10EFF00000000001010505050105000000000010EA
:10F000000101000000001002020C0C1212000000AE
:10F01000200000005F000100000000000000000070
:10F0200000000200B0000000F3F76000143604088E
:10F03000000000003E000300010101030701000081
:10F040000804020408010101D22F04080000000096
:10F0500000000000000000000000000000100000A0
:10F060001800000000000000000000002503040458
:10F070000404040404040404040404040404040450
:10F080000404070126030304030403040304030424
:10F09000030403040304030407010105010501043B
:10F0A0000104010401040104010401040105010536
:10F0B00001052203020106000201220301000100F2
:10F0C00001002203010001000100220301000100F0
:10F0D0000100020001000100010001000100010423
:10F0E00001040104010401040104010401040104F8
:10F0F00001040201220301040104010401040104CA
:10F1000001040104010401040104010401040104D7
:10F1100001040104010401040104010401040104C7
:10F120000104010422030201060002012203250357
:10F13000040404040404040404040404040404048F
:10F140000404040407012603030403040304030462
:10F150000304030403040304030407010105010578
:10F160000104010401040104010401040104010576
:10F17000010501052203020106000201220300002D
:10F18000F23404086B350408713504083032040881
:10F19000603204086D320408873204086D350408B3
:10F1A00061350408673504086935040887350408A3
:10F1B0009030040825350408243204086632040817
:10F1C0002B3204085D3504085F3504083632040824
:10F1D00063350408DC2F04083C3204088F3504082A
:10F1E00090300408553504080935040875350408BD
:10F1F000733504080B3204086F35040857350408CA
:10F2000028320408653504080B3504080535040860
:10F21000E9310408903004088B3504087F35040870
:10F2200025300408833504087B350408923504082A
:10F23000963504089B350408A03504088B3504086E
:10F2400090300408A5350408AA3504080F350408D1
:10F250007B35040890300408113504081335040880
:10F26000153504088735040890300408073504086C
:10F27000B53104080B3504087F35040883350408CC
:10F2800092350408963504089B350408A035040817
:10F29000A5350408AA3504080F35040811350408FB
:10F2A0001335040815350408B531040887350408FA
:10F2B000903004085935040803350408F93404086B
:10F2C0000D350408013504081B350408F73404081B
:10F2D000F0340408F3310408F33404081935040841
:10F2E0001D35040890300408513504081F35040802
:10F2F000F5340408FD340408FF34040877350408A5
:10F30000793504084F3504085335040817350408C7
:10F31000AD310408FB340408903004088B35040830
:10F320007F35040825300408833504087B3504083C
:10F3300092350408F2340408FB3504084735040804
:10F340002B35040805320408413504084B35040800
:10F3500043350408333504083D350408FC310408FE
:10F36000873504089030040859350408213504080D
:10F370003F350408293504082D3504082F350408C5
:10F380003135040835350408F631040837350408EA
:10F390008F350408903004085535040809350408F1
:10F3A0004D35040849350408273504084535040857
:10F3B000233504083B350408393504080B350408A7
:10F3C00005350408E9310408903004088B35040839
:10F3D0007F35040825300408833504087B3504088C
:10F3E00092350408FCF303087C16040810F00308A7
:10F3F0001C27040810000228BC0500200EA0D90D0F
:10F4000090C80C80B70A60110B80D91F0991F08851
:10F410001F0880F088000000000D203C00000F0055
:10F4200069002FFFFFFFF7015C11A610006900C300
:10F4300000008800D2009FFFFFFFF012C523E220EA
:10F4400000D203C00000F004B00000007000000013
:10F450000E00000000E0000019EFEA300CD6E6A72D
:10F4600002F40E00001F80E000006FEF5000001655
:10F47000FFE500000E0AF00100E05F13F85E6EB0D9
:10F4800005CFFE9100000E0000000070000008DDB6
:10F490003000A7004B02D004C0007700D01D200030
:10F4A0004B03D0A7000007DC34C4CC3000001D2D76
:10F4B00022D00000A63B00B30005C03A00A3001D07
:10F4C000200D00D000A60004CC40004DFC30000010
:10F4D000F718C00001F205D00000BB6E4000005FCD
:10F4E000F3000007E6DB03802F301DBAA05F0001A8
:10F4F000DF401FB448FEC003BFFC40B20000000064
:10F50000001F01F01F00F0000003F10B900F404FAF
:10F51000007D009B00AA00AA009B007D004F000F09
:10F52000400B9003F15E000E6008C004F001F30090
:10F53000F500E600E600F501F304F008C00E605E99
:10F540000000930088A6C209FE404DDDB1429350F1
:10F55000005200000450000008A0000008A0001F96
:10F56000FFFFF30339B3300008A0000008A000013A
:10F5700003F61E60E12C00000003FFF903331000C6
:10F5800003F52E4000000E400004E000009A000049
:10F590000E400004F000009A00000E400003F0004E
:10F5A000009A00000E500003F000009A00000E5078
:10F5B0000003F00000004CFE70004FB68F900DB0BD
:10F5C000005F32F40000E74F20000CA4F20000CAF4
:10F5D0002F40000E70DB0005F204FB68F90004CF39
:10F5E000E700EFFB44CB00AB00AB00AB00AB00ABE4
:10F5F00000AB00AB00AB07DFEA108E857EC00100D8
:10F6000006F1000006F000000D900000CC00001C88
:10F61000C00001DB00001DE544427FFFFFF97FFFD2
:10F62000FFF024445F900000BC000009E100003FAF
:10F63000D81000046DD0000002F4100002F4BD7573
:10F640007DD019DFEA1000000DA0000000AC000022
:10F650000007E10000004F40100002F600F5001D19
:10F66000A000F5007FFFFFFFF3133333F7300000F6
:10F6700000F500000000F50009FFFFF00AB4444067
:10F680000C8000000E7000000FFFFC4003345CF2A1
:10F69000000000F7100000F78E856CF108DFFB30EA
:10F6A000002AEFD5003FD657400CC0000002F400FE
:10F6B00000004F5BFFA104FE845DD03F80003F301F
:10F6C000E80003F206F845DC0005DFE9109FFFFFC4
:10F6D000FD9D4444E99C0004F200000BB000002FA3
:10F6E000400000AD000001F6000008E000000E80C0
:10F6F00000006F1000019EFE9100BE636EC00F609F
:10F70000006F00CC202BC002EFFFE200DC424CD0A7
:10F710005F20001F55F20002F50ED535DE001AEF0E
:10F72000EA1003BFEA202FA44BE18E0000E99D0000
:10F7300000DD4F7129FF07FFFC9E000210AC0000A6
:10F7400002F607658FB00AEFD7002E53F5000000D0
:10F750000000003F52E42E53F50000000000002E90
:10F7600052F60D21D001000000003100006CF201C2
:10F770008ED6000FC300000AFB40000017EE700099
:10F780000005C3000000001FFFFFF3033333300008
:10F79000000000000000001FFFFFF30333333004BC
:10F7A0000000000ED71000005CF92000002AF200D3
:10F7B00003AFB106DE82001C6000000000000007FD
:10F7C000DFEA109E746EC0010006F0000009C00060
:10F7D000008E200006F2000008700000000000000B
:10F7E0000B8000000C900000006CEFDA4000003D40
:10F7F000A41016D90001E509EE98CA900A80BD430D
:10F80000AFC0D30F13F2000CC0693C06D00007C094
:10F810003B4B06D00007C02C3C03F2000CC04A0F43
:10F8200010BD439EE3C50A8009EE91CF9001E5002B
:10F8300000000000003DA41028000000007CEFD96B
:10F84000100000000CF1000000003FD70000000095
:10F85000B96E00000002F20E50000009A007D000AF
:10F86000001F3000F400007FFFFFFB0000E7333390
:10F870004F2005F000000C900C90000006F18FFF67
:10F88000FEC408E3334BF28E00001F58E00018F16D
:10F890008FFFFFF808E33337F68E000009C8E00059
:10F8A000009D8E33347F78FFFFFD700007CFFB4053
:10F8B00000CF966AF50AE20000301F600000004F9A
:10F8C000200000004F200000001F600000000AE23E
:10F8D00000003001CF966AF50007DFFB408FFFFE86
:10F8E000A4008E4446CF708E000007F38E00000007
:10F8F000DA8E0000009D8E0000009D8E000000DA70
:10F900008E000007F38E4446BF708FFFFEA4008F69
:10F91000FFFFF68E4444418E0000008E0000008FF1
:10F92000FFFFC08E3333208E0000008E0000008E5B
:10F930004444428FFFFFF98FFFFFF68E4444418E0F
:10F940000000008E0000008E0000008FFFFFC08EC0
:10F950003333208E0000008E0000008E0000000077
:10F9600007CFFC5000CF966AF60AE20000201F6025
:10F970000000004F200000004F200000B91F600071
:10F9800000B90AE30000B900CF966AF80007DFFC6F
:10F99000608E000008E8E000008E8E000008E8E0BD
:10F9A00000008E8FFFFFFFE8E333339E8E000008D8
:10F9B000E8E000008E8E000008E8E000008E8E8EE9
:10F9C0008E8E8E8E8E8E8E8E02FFFFC00444BC0003
:10F9D0000009C000009C000009C000009C00000954
:10F9E000C02000BA0EB58F603CFE808E00004F50E4
:10F9F0008E0004F6008E003F70008E03F800008E2B
:10FA00002EC000008EECF600008FB07F30008E001C
:10FA10000AE1008E0000CC008E00001EA08E0000C7
:10FA2000008E0000008E0000008E0000008E00009E
:10FA3000008E0000008E0000008E0000008E444406
:10FA4000408FFFFFF28E00000008E8F7000002FE82
:10FA50008FF10000BFE8DCA0004F9E8D2F300D8796
:10FA6000E8D09C06E07E8D01E7E507E8D006FC00C3
:10FA70007E8D000A2007E8D00000007E8E1000086E
:10FA8000E8FC00008E8FF90008E8E6F6008E8E098B
:10FA9000F308E8E00CE18E8E001EB8E8E0003FEECF
:10FAA0008E00006FE8E00000AE0007CFEB500000D2
:10FAB000CF966BF9000AE200005F601F6000000A49
:10FAC000D04F20000006F04F20000006F01F60001D
:10FAD000000AD00AE200005F6000CF966BFA0000D7
:10FAE00007DFEB50008FFFFD7008E4458FB08E00FC
:10FAF000005F38E00001F58E00003F48E0014DD086
:10FB00008FFFFFB208E33310008E00000008E00012
:10FB100000000007CFEB500000CF966BF9000AE21F
:10FB200000005F601F6000000AD04F20000006F058
:10FB30004F20000005F01F6000000AD00AE200001C
:10FB40005F6001DF855AFA000008DFFC500000000A
:10FB500001EC21940000001BFFC100000000120016
:10FB60008FFFFD7008E4458FB08E00005F38E00025
:10FB700001F58E00003F38E0014DD08FFFFFC20835
:10FB8000E333DA008E0002F608E00005F3019EFD83
:10FB9000A200CE646B702F40000001F80000000648
:10FBA000FD950000016AEE500000009F0020000556
:10FBB000F13FA547EB004BEFE910FFFFFFFF2444A7
:10FBC000BD44400009C00000009C00000009C000C6
:10FBD00000009C00000009C00000009C000000091B
:10FBE000C00000009C00009C00000BA9C00000BAEF
:10FBF0009C00000BA9C00000BA9C00000BA9C0002B
:10FC000000BA8E00000D94F40003F50CF868FD00B6
:10FC100009EFE9100CB000000AC05F200001F500F8
:10FC2000E900008E0008F0000E70001F6005F10072
:10FC300000AD00C9000003F43F3000000CBAC00062
:10FC400000005FF500000000EE00006F10000DB036
:10FC50000002F21F60003FF10008D00BB0008BE6FD
:10FC6000000D7006F000E69B002F2001F503F14F18
:10FC7000108D0000CA09B00E60D800006F0E600938
:10FC8000B2F300001F9F1004F9D000000CFB00002D
:10FC9000EF80000007F600009F30003F50000DA0ED
:10FCA00008F2009D0000CC04F300002F9E700000BD
:10FCB00006FC00000009FE1000004F4DB00001E8F6
:10FCC00002F7000BD0007F207F20000BD00CB0008B
:10FCD000009C002F50002F30009E000C900000E888
:10FCE00005F1000005F3E60000000CFD0000000037
:10FCF0003F4000000002F3000000002F3000000031
:10FD000002F300004FFFFFFF9144444AF300000359
:10FD1000F6000001EA000000CC0000009E10000088
:10FD20006F4000003F7000001ED4444436FFFFFFC8
:10FD3000FC8FF68D318D008D008D008D008D008D36
:10FD4000008D008D008D008D008D318FF65D0000DF
:10FD500000F200000B8000006D000001F200000BBB
:10FD60008000006D000001F200000B7000006D00CB
:10FD70000001F200000B7000006D000001F2BFF303
:10FD800025F302F302F302F302F302F302F302F3A8
:10FD900002F302F302F325F3BFF300AD00001EC42B
:10FDA000000885A000E20E105B00970B5002E0EE09
:10FDB000EEEEE00BC00009B004CFEA100B745DB0AA
:10FDC000000004F004CEEEF21F8214F24F1004F291
:10FDD0001F703DF204DFD7F2BA000000BA00000045
:10FDE000BA000000BA8EFC30BFD54BF3BE1000CA7B
:10FDF000BA00007EBA00007EBE1000CABFD55BF319
:10FE0000B98EFC30007DFD6009F748F42F500020CA
:10FE10005F0000005F0000002F50002009F748F449
:10FE2000007DFD600000001F40000001F4000000A4
:10FE30001F4008EFC4F40AF748FF42F50007F45FDB
:10FE400000002F45F00001F42F50006F40AE637E9C
:10FE5000F4008EFC4F40008EFC400AD538F42F2071
:10FE6000008C5FEEEEFF5F2111112F70001009F87A
:10FE700046E4007DFE80009EE305F44108C000CF0B
:10FE8000FFF029D32008D00008D00008D00008D007
:10FE90000008D00008D000007EFC4E60AF747FF6F2
:10FEA0002F50005F65F00000F65F00000F62F60063
:10FEB00006F609F747FF5007EFC4F50000003F20A2
:10FEC000CB646EB003AEFD8000BA000000BA000043
:10FED00000BA000000BA8EFB20BFC56DD0BE000383
:10FEE000F2BA0000F4BA0000F5BA0000F5BA00005A
:10FEF000F5BA0000F5BAA800BABABABABABABABA2C
:10FF0000000AB0009900000000AB000AB000AB008E
:10FF10000AB000AB000AB000AB000AB000AA064E5F
:10FF200071DFA0BA000000BA000000BA000000BAF9
:10FF3000001CC0BA01CC00BA1CD100BBCF6000BF0E
:10FF4000DBE100BD11DC00BA003F70BA0007F3BA74
:10FF5000BABABABABABABABABABAB99EFA15DFD444
:10FF60000BFB45EDE64AF2BE0006F6000E7BA00054
:10FF70004F2000C9BA0003F1000C9BA0003F100005
:10FF8000C9BA0003F1000C9BA0003F1000C9B99E44
:10FF9000FB20BFB45DD0BE0003F2BA0000F4BA008B
:10FFA00000F5BA0000F5BA0000F5BA0000F5007DD2
:10FFB000FD60009F748F702F50007F05F00001F3EB
:10FFC0005F00002F32F50007F009F748F70007DF60
:10FFD000D600B98EFC30BFC43AF3BE1000CABA00D6
:10FFE000007EBA00007EBE1000CABFD55BF3BA7EA9
:10FFF000FC30BA000000BA000000BA000000008E19
:020000040804EE
:10000000FC3F40AF748EF42F50007F45F00001F4A8
:100010005F00002F42F50007F40AF748FF4008EFA1
:10002000C4F40000001F40000001F40000001F4065
:10003000B98E4BFD71BE100BB000BA000BA000BA18
:10004000000BA00005DFEA13F735A06F000001EEFA
:100050009610016AEF300000D96C646F62AEFD70DB
:1000600008D00008D000CFFFF029D32008D0000826
:10007000D00008D00008D00005F551009FE3C8006B
:1000800002F3C80002F3C80002F3C80002F3C9007B
:1000900003F3AB0007F35F837EF306DFC5F30D9038
:1000A000000AA06E0001F300F5007D0009C00E609B
:1000B000003F24F00000C8B9000006FF3000000F28
:1000C000C000C80006F1000D56D000CF6003F01F3D
:1000D000302F9C009A00B807B2F10E4005E0D60C14
:1000E00074E0000F6F007C990000AFA001FF40009A
:1000F00005F4000BE0004F3007E109D02F4000D994
:10010000D900003FD000004FE10001E7BB000BB079
:100110001E707E1005F30D90000AA06F0001F30021
:10012000F6007D0009C00D60002F34F00000C9A961
:10013000000005FF2000000EC0000000E500009454
:10014000AD00001BFC2000005FFFFFA13337F4006F
:1001500001E70000CB00008E10004F40001EA333CB
:1001600026FFFFFC006EA00F9201F4001F4001F477
:10017000003F303FC0006F3001F4001F4001F40029
:100180001F4000FA2005EA8B8B8B8B8B8B8B8B8B24
:100190008B8B8B8B8BBE5002AE0005F0005F000591
:1001A000F0004F1000DF104F5005F0005F0005F029
:1001B000005F002AE00BE40007EC40B41E25DFC01E
:1001C0000100000004CC302B01C05700932B01C06C
:1001D00005CC3006A10FF60BE20000000000000085
:1001E0000000000000027BFB000000049DFFFFD028
:1001F0000003AFFFFFFFFD0000AFFFFFFFDFD000F8
:100200000AFFFFB610ED0000AF9400000ED0000A08
:10021000F1000000ED0000AF1000000ED0000AF168
:10022000000045FD0000AF1001EFFFD0179DF10069
:100230005FFFFC0EFFFF1000AFFD31FFFFE000008D
:10024000010003BDA30000000000501888888884C6
:1002500005FABFDDDDDDFDAFE47F100000CA4EE032
:100260004F100000C80EFEEF100000CFEFE03FEE91
:10027000EEEEF80EF68F766666EB6FF8AF100000C4
:10028000CC8FE03F100000C80EFCDF655555EECF67
:10029000C25FFFFFFFF92C57750577777775FFFF72
:1002A0001FFFFFFFFFFFFF2FFFFFFFFFEFFF0EFF0F
:1002B000FFFFFE01100011111110EFFE0EFFFFFFF6
:1002C000FEFFFF2FFFFFFFFFFFFF1FFFFFFFFF6886
:1002D00087078888888668870788888886FFFF1F41
:1002E000FFFFFFFFFFFF2FFFFFFFFFDFFD0DFFFF02
:1002F000FFFD0000000000015000000000001DF89C
:100300000000000001DFFD000000001DFFE22D6085
:100310000001DFFE20DFF7001DFFE2008FFF71DF2D
:10032000FE200008FFFEFFE20000008FFFFE20001D
:10033000000008FFE200000000007D200000000037
:10034000000000007F60000BE2EFF600BFF84FFFF7
:100350006BFFD104FFFFFD10005FFFE10000BFFF56
:10036000F6000BFFDFFF60BFFD14FFF5CFD1004F9C
:10037000F6171000036000000011000000000000EC
:10038000FF000000006F21FF12F70006FF61FF165B
:10039000FF601FF901FF109FF16FE001FF100EF6E3
:1003A000AF8001FF1008FACF6001FF1006FCAF809C
:1003B00000AA0008FB7FD00000000DF71FF8000026
:1003C000008FF107FF91002AFF70009FFFEEFFF9F9
:1003D000000005CFFFFD5000000002442000000097
:1003E00000000000000000000AFFA0000000000C58
:1003F000FFC0000003D6DFFFFD6D300EFFFFFFFFE3
:10040000FFE05FFFFFAAFFFFF51AFFF4004FFFA117
:1004100003FFD0000DFF3004FFF0000FFF404FFF3F
:10042000FB22BFFFF42FFFFFFFFFFFF209FEFFFFDC
:10043000FFEF9000505EFFE5050000000CFFC000DC
:10044000000000047740000000000003100341009A
:100450000000009FF50DF50000001BFDFF8DF5006D
:100460000002DFB12DFFF500004FF83EC2BFF500DE
:1004700007FF55FFFE39FE409FE38FFFFFF56FF644
:10048000AC2AFFFFFFFF73E6005FFFFFFFFFF100F5
:10049000006FFFD77FFFF200006FFF900DFFF200AB
:1004A000006FFF900DFFF200004FFF700BFFE100A7
:1004B0000000003300000000000BFFB0000000004F
:1004C0000CFFC0000000000CFFC0000000000CFF8B
:1004D000C0000000000CFFC00000008FFFFFFFF80D
:1004E00000002EFFFFFFE2000002EFFFFE200000F1
:1004F000002DFFE20000799982DE289997FFFFFB2B
:1005000022BFFFFFFFFFFFFFFFFFFFFFFFFFFFFA1D
:10051000B3CFACCCCCCCCCCCCA0006BBBBBBBA30C6
:1005200000004FFFFFFFFFE10000EF30000006FB7F
:100530000009F800000000CF504FD0000000002F4D
:10054000E1DF84420000344BF9FFFFFD0001FFFFB3
:10055000FBFFFFFF988BFFFFFCFFFFFFFFFFFFFF8D
:10056000FCFFFFFFFFFFFFFFFB9FFFFFFFFFFFFF02
:10057000F60000000000003300018DFFC600EF0010
:100580004EFFFFFFE4DF04FFB3004CFFFF0EF90056
:1005900000008FFF6FC00001FFFFFF8E500001DEE3
:1005A000EEED0000000000000022222200000021E9
:1005B000FFFFFF100008F8FFFBBC10001EF4FFFC5B
:1005C000100001DFC0FEEFE8448EFE10FE1AFFFFB0
:1005D000FFC100FD0028BB94000000000270000273
:1005E000EF0002EFFDFFFFFFFFFFFFFFFFFFFFFF39
:1005F000FFFFFFFFFFFF3447FFF00005FF0000058E
:10060000C00000000000027000000002EF000000C7
:1006100002EFF0000DFFFFFF0220FFFFFFF08E1F33
:10062000FFFFFF00E7FFFFFFF03F5FFFFFFF0890C6
:100630003447FFF000000005FF0000000005C00087
:100640000000000000000000000000077000000033
:1006500002700005FA0000002EF000814F600002D9
:10066000EFF001DD07F0DFFFFFF0321E80F6FFFF45
:10067000FFF08E27E0B9FFFFFFF00E73F19BFFFF45
:10068000FFF03F54F09AFFFFFFF0890AC0D83447CB
:10069000FFF0007F43F300005FF002F60CB00000B3
:1006A00005C00000BF10000000000009E3000000CA
:1006B00000000002100037888888888873EFFFFFE9
:1006C000FFFFFFFEFE32DFFFFFFFFFF9007FFFFDB0
:1006D000FFFFFD10CFFFA07FFFFFFFFFFA0007FF26
:1006E000FFF35FA00000CFFF3003000000CFFC004D
:1006F00000000000CFFFCCCCCCCCCCFFAFFFFFFF85
:10070000FFFFF900002000000001FA00000006FFD2
:100710001000000DFF7000006FFFF10001EFFFFA05
:10072000000BFFFFFF605FFFFFFFE0CFFFFFFFF663
:10073000FEBFFFFFF9FD4FFFFFF9BF49FFFFF53F88
:10074000E52EFFD006FFFFFD200028BA6000043030
:100750000000311FE00006F91FE0007FFA1FE009EA
:10076000FFFA1FE0AFFFFA1FEBFFFFFA1FFFFFFFCB
:10077000FA1FFFFFFFFA1FE6FFFFFA1FE05FFFFA15
:100780001FE004FFFA1FE0003EFA0FD00002D7007E
:10079000000000000200000000000CFB2000000030
:1007A00000FFFF900000000FFFFFE6000000FFFFCA
:1007B000FFFC30000FFFFFFFFF9100FFFFFFFFFF77
:1007C000E60FFFFFFFFFFFF2FFFFFFFFFFFD0FFF41
:1007D000FFFFFFF800FFFFFFFFB2000FFFFFFD402C
:1007E0000000FFFFF70000000FFFA1000000006AFB
:1007F0004000000000001444200144420DFFFF109F
:10080000DFFFF1FFFFF30FFFFF3FFFFF40FFFFF4AC
:10081000FFFFF40FFFFF4FFFFF40FFFFF4FFFFF468
:100820000FFFFF4FFFFF40FFFFF4FFFFF40FFFFF3D
:100830004FFFFF40FFFFF4FFFFF40FFFFF4FFFFFED
:1008400030FFFFF39FFFC009FFFC00144444444401
:10085000420DFFFFFFFFFFF1FFFFFFFFFFFF3FFF25
:10086000FFFFFFFFF4FFFFFFFFFFFF4FFFFFFFFF53
:10087000FFF4FFFFFFFFFFFF4FFFFFFFFFFFF4FF4E
:10088000FFFFFFFFFF4FFFFFFFFFFFF4FFFFFFFF33
:10089000FFFF4FFFFFFFFFFFF39FFFFFFFFFFC0086
:1008A00002100000420FE20003FB0FFE3004FB0FBA
:1008B000FFF404FB0FFFFF54FB0FFFFFFAFB0FFFDA
:1008C000FFFFFB0FFFFFFFFB0FFFFFD6FB0FFFFD3F
:1008D00014FB0FFFC104FB0FFB0004FB0CA0000383
:1008E000FA000000000000000012000000000003F9
:1008F000FF60000000002EFFF500000001EFFFFF89
:100900004000001DFFFFFFF30000CFFFFFFFFE20B0
:100910000AFFFFFFFFFFE00EFFFFFFFFFFF203995B
:100920009999999950058888888888700FFFFFFFEA
:10093000FFFFF30FFFFFFFFFFFF40BFFFFFFFFFFC2
:10094000D1000000000000003F9000003FFC0000CC
:100950003FFD10003FFD10003FFD10001FFD100087
:1009600000CFF4000000CFF4000000CFF40000003E
:10097000CFF4000000CFE0000000A4000000000061
:1009800000CD1000001FFD1000003FFD1000003FD3
:10099000FD1000003FFD1000003FFD000008FF902B
:1009A0000008FF900008FF900008FF900002FF90F1
:1009B000000007800000000000045000000000025A
:1009C000FF60000000003FF70000000003FF700020
:1009D0000000003FF7000006999AFFC99980FFFFC9
:1009E000FFFFFFFF3DFFFFFFFFFFF201113FF71188
:1009F00010000003FF70000000003FF7000000003F
:100A000003FF70000000000CD30000006999999961
:100A100099980FFFFFFFFFFFF3DFFFFFFFFFFF20AE
:100A20000000000000000000015664000000000308
:100A3000BFFEEFF91000007FFA1003DFE40008FFAB
:100A4000A009B41EFF504FFF200BFF26FFE1EFFF70
:100A500009CFFF63FFFABFFF09FFFF54FFF61EFF38
:100A600051DFFB09FFB003EFE204305FFC10002C04
:100A7000FF956AFF9000000049DFFD920000000032
:100A800000000000000000CD200000000000000079
:100A90008FF50014664000000004EFACFFEFFF91FB
:100AA0000000001CFFA1004DFE300000009FF5ABD0
:100AB00031EFF40007B105FFFFE17FFE100FFE30BC
:100AC0002DFFF54FFF900CFFE000AFF65FFF6002D7
:100AD000FFF40006FFEFFB00004FFD10003EFFC0DB
:100AE000000002DFE85401BFE300000005AEFF6034
:100AF00007FF60000000000000004EF6000000004C
:100B000000000001A1000000000000000000000043
:100B1000003ED00000000000000CFF80000000003C
:100B20000006FFFF200000000000EFFFFB000000B8
:100B300000008FFCCFF4000000002FFB00FFD0006E
:100B400000000BFFC00FFF70000004FFFD01FFFF5E
:100B5000100000DFFFE02FFFFA00007FFFFF9BFF88
:100B6000FFF3001FFFFFB00EFFFFC00AFFFFFE24D0
:100B7000FFFFFF60FFFFFFFFFFFFFFFA06CCCCCCBB
:100B8000CCCCCCCB300000000000360000000000D0
:100B9000007F80DDDB00008DEFF8FFFFB007FFFF77
:100BA000FD556FF46FF8AFE2000574FF907E2000F2
:100BB000003FFA0000000002EFB2504A00012EFD93
:100BC0001DF48FB0FFFFD10BFFFFFBFFFE2000CF16
:100BD000FFFB12210000029FC000000000005B002C
:100BE000000007A00000000008FFB000000008FFA0
:100BF000FFB0000008FF95FFB00008FF9005FFB0B0
:100C000007FF900005FFB09F90000005FD00400029
:100C1000000003104C20000000B60BFE200000CFA7
:100C2000F02EFE2000CFF4002EFE20CFF400002E88
:100C3000FECFF40000002EFFF4000000002EF400B0
:100C40000000000013000000000830000000000059
:100C50000000BFF308BBBBBB90000BFFFF39FFFFD9
:100C6000FFF1008FCFCFF000000AF100382F948001
:100C700000000AF100002F900000000AF100002F90
:100C8000900000030AF130002F9000001FCBF8F80D
:100C9000002FEBBBBB39FFFFE2001FFFFFFFB09F40
:100CA000FD2000000000000008D100378887000008
:100CB0000000EFFFFFA0000000FFFFFFFDCCCCB65F
:100CC000FFFFFFFFFFFFFFFFFFFFFFFFFFFFFFFF34
:100CD000FFFFFFFFFFFFFFFFFFFFFFFFFFFFFFFF24
:100CE000FFFFFFFFFFFFFFFFFFFFFFFFFFFFFFFF14
:100CF000FFAFFFFFFFFFFFF9000000000000000052
:100D00000001DD10000000001DFFD100000001DF28
:100D1000FFFD1000001DFFFFFFD100009FFFFFFF40
:100D2000F90000011CFFC1100000000CFFC0000012
:100D300000000CFFC0000000000CFFC0000079990B
:100D40003BFFB39997FFFFB2442BFFFFFFFFFEDD90
:100D5000EFFFFFFFFFFFFFFAB3CFACCCCCCCCCCC86
:100D6000CA00000000000200000000000004FFC7ED
:100D70000000000000AFFFF0000000001FFFFD00BA
:100D800000000006FFFFC00000000008FFF70000A1
:100D90000000000CFF300000000004FFC000000055
:100DA0000001EFF300004A3002DFF80005DFFE1516
:100DB000EFFB0000EFFFFFFFFA00000BFFFFFFF764
:100DC0000000007FFFFFA200000002BA85000000C3
:100DD000000004860000001006FFFA0002DFD1EFD9
:100DE0003CF101DFFA0EE0AF21DFFA009FEFF6DF02
:100DF000FA00008DFFFFFB00000006FFFD00000071
:100E000048EFFFF600006FFFFBFFF6000EF3CF2365
:100E1000FFF600EE0AF204FFF609FEFC0004FFF103
:100E200008DA100002620000000000000000006FFD
:100E3000FFF987000008FFFF98F708A68FFFF95910
:100E400090FFA8FFFFFCCC0FFA8FFFFFFFF1FFA878
:100E5000FFFFFFFF1FFA8FFFFFFFF1FFA8FFFFFF5C
:100E6000FF1FFA8FFFFFFFF1FFA8FFFFFFFF1FFA31
:100E70007FFFFFFFF0FFE3122222210FFFFFFFF9A8
:100E80000000ACCCCCCB5000004999999995000E4C
:100E9000FFFFFFFFF600FD2222224FF60FC00000E9
:100EA00001FFF3FC0000001FFF6FC0000002FFF60F
:100EB000FFFFFFFFFFFF6FFFFFDCFFFFF6FFFFB04D
:100EC00005FFFF6FFFF6000FFFF6FFFFC006FFFFF5
:100ED0006FFFFFEDFFFFF69FFFFFFFFFFD10CDDD72
:100EE000DDDDDDDD2FFFFFFFFFFFF31222222222D7
:100EF00022000000000000000000000000000FFFC2
:100F0000FFFFFFFFF3DEEEEEEEEEEE20000000004E
:100F100000000000000000000DEEEEEEEEEEE2FF3D
:100F2000FFFFFFFFFF3000000000000037888888C7
:100F3000888873EFFFFFFFFFFFFEEFFFFFFFFFFF5C
:100F4000FE1CFFFFFFFFFFC1D28FFFFFFFF82DFF49
:100F500064EFFFFE45FFFFFA2BFFB2AFFFFFFFD3A9
:100F6000553DFFFFFFFFFFBBFFFFFFFFFFFFFFFF41
:100F7000FFFFAFFFFFFFFFFFF9000000000001FFD0
:100F8000FFF00004FFFFD00006FFFF800008FFFF16
:100F900030000AFFFFAAA60CFFFFFFF80EFFFFFFBD
:100FA000E10BDDDFFF6000004FFD0000007FF3007C
:100FB0000000BFA0000000FF10000003F8000000C8
:100FC00003C000000000200000000455EFB55200EF
:100FD00000FFFD1FFFB0000FFFFFFFFC0000FFFF41
:100FE000533320000FFF97FFFB5700FFF8AFFFC6FA
:100FF000F80FFF8AFFFC4AA1FFF8AFFFE3220FFFC3
:101000008AFFFFFFF4FFF8AFFFFFFF4FFF8AFFFFEC
:10101000FFF43552AFFFFFFF40000AFFFFFFF4006F
:10102000007FFFFFFE20000001100000000000AF65
:1010300000000000018FFA30000002EFFFFF5000B7
:1010400000BFFFFFFF10001FFFFFFFF50003FFFFC2
:10105000FFFF70005FFFFFFFF90008FFFFFFFFC009
:1010600000DFFFFFFFFF209FFFFFFFFFFD0EFFFFE1
:10107000FFFFFFF2022222222221000008FFC0000F
:1010800000000009A20000005BBBBBBBBBBBBBA355
:10109000FFFFFFFFFFFFFFFBFC0C30E11D0D11FC0C
:1010A000FC0B30E01D0D10FCFFFEFFEFFEFEEFFC21
:1010B000FFF15A0870A05FFCFFF37B2992C27FFC0E
:1010C000FFBFCBBBBBBFCBFCFC0B2000000D00FC6B
:1010D000FFCFCCCCCCCFCCFB9FFFFFFFFFFFFFF6B9
:1010E0000000000000000200000000000005DFB06A
:1010F0000000000007EFFFD000000018FFFFFF70A6
:10110000000029FFFFFFFF00003BFFFFFFFFF8008B
:101110000AFFFFFFFFFFF1000FFFFFFFFFFFA0002F
:10112000049AAAAFFFFF20000000000EFFFB0000A2
:101130000000000EFFF400000000000EFFC00000E1
:101140000000000EFF5000000000000DFD00000038
:1011500000000004B300000035555502000FFFFFEA
:10116000F2F400FFFFFF2FF40FFFFFF2FFF3FFFF8A
:10117000FF32221FFFFFFFFFF7FFFFFFFFFF8FFF81
:10118000FFFFFFF8FFFFFFFFFF8FFFFFFFFFF8FFED
:10119000FFFFFFFF8FFFFFFFFFF8FFFFFFFFFF8F46
:1011A000FFFFFFFFF88AAAAAAAAA30000000245570
:1011B000310000000003AFFFFFFFC7000002BFFFC8
:1011C000FEDEFFFFF6005FFFB51000038EFFB0DF0D
:1011D000D300000000008FF5180005AEFEC8100413
:1011E000600002DFFFFFFFF80000000CFF95347D78
:1011F000FF40000002A20000007700000000000293
:1012000096000000000000000DFF500000000000EC
:10121000000EFF6000000000000005DA0000000082
:101220005BBBBBBBBBBBBBBA20FFFFFFFFFFFFFF2E
:10123000FF90FC1222222222220FF7FC5FFFFFFF09
:10124000FFFF2CFAFC5FFFFFFFFFFF21FAFC5FFFAF
:10125000FFFFFFFF27FAFC2666666666661FFAFE3A
:10126000BBBBBBBBBBBBBFB1AFFFFFFFFFFFFFFF04
:10127000500000000000000000005BBBBBBBBBBB1C
:10128000BBBA20FFFFFFFFFFFFFFFF90FC122222EF
:101290002221000FF7FC5FFFFFFFF8000CFAFC5F54
:1012A000FFFFFFF80001FAFC5FFFFFFFF80007FAFD
:1012B000FC2666666663000FFAFEBBBBBBBBBBBB0E
:1012C000BFB1AFFFFFFFFFFFFFFF500000000000B6
:1012D000000000005BBBBBBBBBBBBBBA20FFFFFF7A
:1012E000FFFFFFFFFF90FC1222221000000FF7FC0F
:1012F0005FFFFFD000000CFAFC5FFFFFD000000191
:10130000FAFC5FFFFFD0000007FAFC26666650007B
:10131000000FFAFEBBBBBBBBBBBBBFB1AFFFFFFF48
:10132000FFFFFFFF500000000000000000005BBB5B
:10133000BBBBBBBBBBBA20FFFFFFFFFFFFFFFF90A4
:10134000FC1222000000000FF7FC5FFF30000000DD
:101350000CFAFC5FFF3000000001FAFC5FFF300078
:10136000000007FAFC2666100000000FFAFEBBBB67
:10137000BBBBBBBBBFB1AFFFFFFFFFFFFFFF500019
:1013800000000000000000005BBBBBBBBBBBBBBAE6
:1013900020FFFFFFFFFFFFFFFF90FC0000000000A9
:1013A000000FF7FC0000000000000CFAFC00000039
:1013B00000000001FAFC00000000000007FAFC0039
:1013C00000000000000FFAFEBBBBBBBBBBBBBFB144
:1013D000AFFFFFFFFFFFFFFF500000000000000015
:1013E00000000000000007B20000000000000ADF5B
:1013F000FA000000000000A93DF5000000044002D2
:10140000E00010000000AFF80B600000006C30FF3F
:10141000FFFFFFFFFFFFFFF4AFF9000C5000006D6E
:101420004005500004C00000100000000000C43E51
:10143000E80000000000002EEFFA000000000000AD
:10144000004FFA0000000000000000000000000053
:10145000011000000007EFFFB30000AFFD8FFF2079
:1014600004FFFD09FFB00AFEFD12AFF00EF55D2C82
:101470000EF30FFF33129FF50FFFF307FFF60FFF79
:10148000E206FFF60FFE24137FF50DF57D2C0DF31C
:101490000AFFFD11BFF003FFFE0BFFA0007FFEBFA0
:1014A000FE100003ACDC8100000034430000056640
:1014B0007FFFF96650FFFFFFFFFFFF356666666638
:1014C00066501CCCCCCCCCC402FFFFFFFFFF602FCA
:1014D000F3FB7F6DF602FF2FB7F5DF602FF2FB7F86
:1014E0005DF602FF2FB7F5DF602FF2FB7F5DF6029E
:1014F000FF2FB7F5DF602FF3FB7F6DF601FFFFFFD6
:10150000FFFF5007BCCCCCCC9000000000000001D5
:1015100020000000000004FF500000000002FFFF58
:10152000500000000439FFFE00000004FF39FFA056
:10153000000004FFFF39B0000004FFFFFF2000009F
:1015400004FFFFFFB0000004FFFFFFB0000004FF36
:10155000FFFFB0000004FFFFFFB0000000BFFFFF6F
:10156000B00000000DFFFFB000000000FFFFB00062
:1015700000000009A8600000000000000017888833
:10158000888887400002EFFFFFFFFFFFF4003EFF67
:10159000FFCFFFCFFFF703EFFFF908F809FFF83E91
:1015A000FFFFFE20402EFFF8DFFFFFFFE101EFFF0E
:1015B000F89FFFFFFF80008FFFF809FFFFF902C2CD
:1015C00009FFF8009FFFFE4EFE4EFFF80009FFFFE7
:1015D000FFFFFFFFF700008FFFFFFFFFFFC10000CD
:1015E0000000000003EFFFFFE203FBFBCEBFA4FF00
:1015F0001D03A1FAFFF1D03A1FAFFFFFFFFFFAFF73
:10160000FFFFFFFFAFFFFFFFFFFAFFFFFFFFFFAF8F
:10161000FFFFFFFFFAFFFFFFFFFFAFFFFFFFFFFA34
:10162000FFFFFFFFFFADFFFFFFFFF829AAAAAAA84F
:10163000000000000000000300000000000004F1B2
:10164000000820000001FF100BF70000002FF10C34
:10165000FF94444445FF1BFFFFFFFFFFFFF18FFF97
:10166000FFFFFFFFFD007FF70000000000006F603C
:10167000000000000000300000000000000000003A
:10168000000000000000C003000000000000C003D4
:10169000030A00000F008005050500051C00D009A5
:1016A0000A0A00004E00B008090F00FE9200D00B9D
:1016B0000C0A0000CE00A0090A0B00FF0501F00291
:1016C000030500050D01B004040E01FD2901C0044D
:1016D000040E00FD4501A00506060005570120087F
:1016E0000807000273013003030500FE7B0160055B
:1016F0000503000383013003030300008801F004A5
:10170000070EFFFFB9015009090A0000E601300584
:10171000040A0000FA011008080A0000220200086A
:10172000080A00004A0260090A0A00007C02100848
:10173000080A0000A402A008090A0000D1026008FB
:10174000080A0000F9020009090A00002603A0089F
:10175000080A00004E033003030800005A03300358
:10176000030B00FD6B032008080800018B03200811
:1017700008060002A303200808080001C3030008AC
:10178000080A0000EB03800E0E0D00FD4604400A1F
:101790000C0AFF008204A00A090A0100AF04200A13
:1017A0000A0A0000E104900B0A0A0100130560090F
:1017B000080A01003B05E008080A01006305D00A99
:1017C0000A0A00009505600B090A0100C2055004D1
:1017D000020A0100CC053007070AFF00EF05100AD6
:1017E0000A0A010021065008080A01004906600D96
:1017F0000B0A01008006600B090A0100AD06C00B50
:101800000C0A0000E906200A090A01001607C00BAD
:101810000C0D00FD6407300A090A01009107B008A9
:10182000090A0000BE073008090A0000EB07100B88
:10183000090A01001808F0090B0AFF004F08C00F41
:10184000100A00009F0870090A0A0000D108100958
:101850000B0AFF0008093009090A00003509B00425
:10186000040E01FD5109F004070EFFFF8209B004C8
:10187000040E00FD9E09300807060102B3090007A7
:10188000070100FFB709600805020109BC096008EB
:1018900008080000DC099009080B0100080A00088C
:1018A00008080000280A9009090B00005A0A90084D
:1018B000080800007A0AF004060B00009B0AB00931
:1018C000090B00FDCD0A9009080B0100F90AE0039D
:1018D000020B0100040B0004050EFEFD270BA008FF
:1018E000080B0100530BE003020B01005E0BD00E4E
:1018F0000D080100920B900908080100B20BE008E6
:1019000009080000D60B9009080B01FD020C900994
:10191000090B00FD340CC00505080100480C000748
:1019200007080000640CD005060A0000820C80093C
:1019300008080100A20CD0070908FF00C60C900C93
:101940000D080000FA0CC007080800001A0DD007A7
:10195000090BFFFD4C0D500707080000680DF0044F
:10196000050E00FD8B0D3004020E01FD990DF004F3
:10197000050E00FDBC0D200808030003C80DE0059E
:1019800006050006D70D600404030003DD0D000EFC
:101990000F0FFFFE4E0E000E0E0B00009B0E000EF2
:1019A0000E0D00FFF60E000E0E0B0000430FA009F7
:1019B0000A0B00007A0F000E0E0F00FEE30F000E60
:1019C0000E0F00FE4C10C00F100D00FFB410000EE3
:1019D0000E0F00FE1D11C00F100B00007511000E40
:1019E0000E0F00FEDE110007070C00FF0812800A30
:1019F0000B0C00FF4A12C00F100E00FEBA12000EB0
:101A00000E0B00000713A0090A0F00FE5213400C32
:101A10000A0E01FE9813400C0D0F00FEFA13400C45
:101A20000D0D00FF4F14400C0D0D00FFA414400CD1
:101A30000A0E01FEEA14400C0E0DFFFF4515C0080A
:101A4000090D00FF8015C008090D00FFBB15400CF3
:101A50000D0D00FF1016400C0D0400032A16C00FD8
:101A6000100B000082168011120F00FE0917C00F24
:101A7000110FFFFE8917000E0E0D00FFE417400C3A
:101A80000D0800011818400C0D0800014C188011B9
:101A9000120B0000AF18000E0E0B0000FC18000E19
:101AA0000E0F00FE6519000E0F0FFFFED619400C39
:101AB0000D0D00FF2B1A400C0D0F00FE8D1A400C6F
:101AC0000D0D00FFE21A400C0D0C00FF301B000E44
:101AD0000E0B00007D1BC0080A0FFFFEC81B400C48
:101AE0000D0F00FE2A1C400C0D0F00FE8C1CC00FB9
:101AF000100B0000E41C000E100FFFFE5C1D800A9E
:101B00000B0F00FEAF1D8011120D00FF241E80116F
:101B1000120A00007E1E8011120A0000D81E8011D9
:101B2000120A0000321F8011120A00008C1F80115F
:101B3000120A0000E61F8011120C00FF5220400C18
:101B40000C0F00FEAC20400C0D0F00FE0E21000E0D
:101B50000F0FFFFE7F218011120B0000E221800A8F
:101B60000B0F00FE3522100E0F0A000000010000CE
:101B70000000000000010000020000000002000060
:101B80000000000000000000000000000000010054
:101B900000000000000000000000000000010A003A
:101BA00006FB00000000F4F3020B0504F7020B0132
:101BB00009020700000000000000000000000D0204
:101BC000FE0000000000000000000000000400F91A
:101BD0000000000000FC04040000FE00FE0200FE05
:101BE00000FEFFFC00000000FE0000FDFD0000FE06
:101BF00000FC000000000000000000FEFE00FD00F0
:101C0000FA00E50000FC0004070000FC02020704E3
:101C1000FC040000F30000000000000000000000D1
:101C2000F80000000000000000000000000000FAC2
:101C3000FDF500F7FE00000000000900F9FEFF01BD
:101C400000FC0000FEEF00000000000000000000AB
:101C500000EEFE090000000000000000000000008F
:101C6000F700000000000000000000070002000074
:101C7000FC00000000000000000000000000000068
:101C80000000090201000000000000000000000048
:101C90000000000000000000000000000000000044
:101CA000000000000000000000000000F80000003C
:101CB0000000000000000000000000000000000024
:101CC00000000002040207FE000004FEF9E1020623
:101CD0000400FD00080007000700EB00FD070007F7
:101CE000FE0402000001FE0000FC120012000700CA
:101CF00009030407000000F80000000001FE0002D4
:101D0000FCFDFC0200FE000000F7000000000000E7
:101D10000000000000F100000000000000000000D2
:101D2000000000000001F400F200000000FE0016B8
:101D3000FDFD0202FE00FD020000F40000000000B4
:101D4000000000000000EA000200000000000000A7
:101D50000000000000F2000D0000F8000700F1EAAA
:101D6000F1FC070000F10003FB00FD000000000093
:101D7000000000000000000607E500000000000071
:101D80000000000000000B00020000000000020242
:101D9000FDFC00FFFFFE0000FE000000FC00FE0056
:101DA000FBFC00FAF9F9FC00FC00FC00000000FE5E
:101DB0000000020002FE000100000002FE00000020
:101DC000FE0202FF000000FC00FF00000000000116
:101DD0000003FE00FD00FC0000FE00070000FE0006
:101DE00000000000FF01FEFE0000FE00FE000000FB
:101DF000000000000000FFFF00FEFD0000000000EA
:101E0000010000FE00FEFEFE0000000000000000D9
:101E100000FF00000000FEFD00FD00F9FEF90400D7
:101E200000FC02040600FAFFFD00FFF502FE02F4CA
:101E300002000001F400F4FEEDFE00F500040600CF
:101E400003000000000000FCFD00F9000000FE009F
:101E50000000FE0000000000FFFF00FFFD0000008A
:101E600000000000FEFE00FEFDFE0000FE0000007F
:101E70000000000000000000FEFE00FD00FE00FC6F
:101E8000020000FD010202000000000000FE000050
:101E9000000000020000FE00FEFEFD000000000049
:101EA00000000200FE00000000FEFD00FC0007FE36
:101EB00001F9000006F5F4F7FC0200FEF1FC00FC5D
:101EC00000FC03FCF200FA000001FF02FE00020029
:101ED000F9F700F5FBFBFBF9FDFA00FCFA01000144
:101EE00000FE0000000200020000000000000000F0
:101EF000000000FE00FF00FFFE00FCFBFBFF00F9FE
:101F0000000000000000FE0000000001FF000000D3
:101F10000200000000000000000B000000000000B4
:101F200002000000FE0000000000000000000000B1
:101F3000FC000200000000000000000000000000A3
:101F4000FE000000FC00000000F5F9000000FDF5B7
:101F50000000FE0200FA0000000000000000000087
:101F6000FC0000FC00000000000000000000000079
:101F70000200FC00000000030002FCFC00FEFEFD6D
:101F8000000000000000F900FE00FDFE00FBFAF971
:101F9000FE00FC00F900000000120000010000FD3E
:101FA000000200F60000000000EBFC0707FEF7004F
:101FB00002FD00F5FFFD02F0FE030003F8FDF8F955
:101FC000F70000F3000D0000FF000000FFFFFEFA25
:101FD000F900EB000000000000000000010000001C
:101FE00000000000000000000000000000FE00FFF4
:101FF000FEFD0000FC00FE000000000000000000EC
:10200000000000000000FF00FC000004FF0300FBD4
:1020100002FEFFFAFE00FDFEFE00FDFC0000FEFFDA
:10202000FEFCFD0000FE0002FE00FB000000FC00C4
:10203000FC00FCFC020000000000000000FC0200AC
:10204000FD00FEFDF9FEFEFEFFFEFDFF00000000AC
:1020500000FEFEFE0000000003FE00FE000000FE89
:10206000FDFEFEFDFE000209FF00FA00FE0400FE78
:10207000F7FD030000F5FC02FC0200FEFEF900FD86
:10208000010000FC0000000202FCFC00FCFEFDFE62
:10209000FE00FC01FCFC0700000000000000000046
:1020A000020000000000000000000000000000002E
:1020B0000000000000000000FC0000000000000024
:1020C0000000000000000000000000000000000010
:1020D0000000000000000000000000000000000000
:1020E00000000000FE0000000000000000000000F2
:1020F00000000000000000000000000000000000E0
:102100000000FEFE000000000000000000000000D3
:10211000FD0000FD0000FEFE00000000FE000000CB
:1021200000FF0000000000FE00000000FD00FC00B9
:102130000000F90002FB0400FEF50000FBFE00F7C2
:10214000FAFA0000F6FEF7F7F500FA00020FFD00BC
:10215000FBFEFFFEFCFAFCF8F7FBFE0000FE0001B0
:102160000000F0FE0705FBF80001F900F5FEFE0493
:10217000EBFD010000F1FDF4FEF00000F0000D01A8
:1021800000FE00000000FFFEF7FE00F1000000006E
:10219000F900FE00FFFAF50000FFFDF9FE00FE0069
:1021A000000000F6FEF9F9FEFCFAFEFC00FCFEF968
:1021B000FD00FDFCFEFC000100FEF9000400FC0037
:1021C000000000030002FC0900FEFEFD000000000C
:1021D0000000F900FE00FDFE00FBFAF9FE00FC0223
:1021E0000900000000120000010000FD00020000D4
:1021F000000000000000000000000000FEFC0000E5
:10220000000000FF000000FEFE0000FCFE0000FCDD
:102210000004FF00000000000001000000000304B3
:1022200002FE00F9FC0007F9F9FCFC090402EDFECE
:1022300004FE00FE02FEF800FE02FDFEF9FE0000B4
:10224000070400FA00F4FD06FDF701FDF9F9FE09A7
:102250000200FD00FA000207FBF8F7FA070001F0A0
:10226000FE02FCFEFB00FBF8FDFDFE0000FBFBFE9A
:10227000000705FEF400F4FD00F8F3FFF9FCF9FA9D
:10228000060000FD00FCFE00FEFC0004F902000058
:10229000F400FEFBFCFEF9FAF9FB00F9FEFBFCF989
:1022A000FE0000010BFC00F9FE00FEFCFBFAFAF751
:1022B000FDFC0400FD00F5FD0104F9F8FCF907FE42
:1022C00001EBFC04FBFCF800F9F7FDFEFEFEFBF958
:1022D000FF00000706FEF100F3FB05F7F1FCF8F73D
:1022E000F5F90400000000FD000002FD0402FC04FA
:1022F0000000F9FF00FF000101FE000000000000E7
:10230000FE0000000002070000FD00000000FEFECD
:10231000FD0000000102000000000200FE000900B4
:10232000040101FD000400000002000000000000A4
:102330000000000000070006000000000000000090
:10234000000000000000F300FE0400070000160378
:10235000FCFC0202FE01F500000BF300000000008F
:10236000000000000000F1091F0000000000000054
:102370000000000000F3000000000000000000006A
:10238000000000000000000000000000000000004D
:10239000FC0000FCFE000000000000000000000047
:1023A0000000000000000000FE00FA000001000034
:1023B000021DFCFE0706FA0200000202FD000000FA
:1023C0000000000000000000E30600000000000024
:1023D0000000000000000000000000FA000000FA09
:1023E00000000000FBFF000000FB00FD00F5000006
:1023F000000000000000000000F1000000000100EB
:102400000000000000FE0000FC00FD00FA000000DB
:10241000FC02FD0000FAFEFB0000FA00FE00F500E1
:10242000FE0000EEFCF7FEF80000F100FAFF0000ED
:10243000000000000000FDFCFEFC00000000FB00AE
:10244000FB03FE0400FEFBFEFCFC00FDFFFE02FAA7
:10245000FF000000ECFEFD00FB00FEF5FE0000FEAC
:10246000FE000000000200FEFCFE04000000000070
:10247000000000000000000000000000000000005C
:10248000000000000000000000000000000000004C
:1024900000000000000003000000000000FB00FE40
:1024A000000000FC02000000FAFEFC0000FA00FE42
:1024B00000F500000000EA00FCF8F50000F100FE65
:1024C000FD0000000000000000FEFDFFFD01000017
:1024D00004FD00070BFEFEF9030B0405FA030903D4
:1024E00006050600000000000000000000000E0BC2
:1024F000FCFE00FE120A12000000020000080000AC
:10250000FC000000000000000000FE0000000000D1
:102510000000000300000000EDFDFEF7F50000F1F3
:1025200000000000000000000000000000000000AB
:1025300000FC000000000000000000FE00000000A1
:10254000000000000300000000EDFDFEF7F50000B4
:10255000F700000000000000000000000000000084
:1025600000000000FE000000FB0200FE020402F971
:102570000000FE02000200000000FA00FEFEFC0067
:10258000FEF7000EFE00FBFE00FEFC00FEFAFCFD66
:10259000000000FC000000000000000000FE000041
:1025A0000000000000000300000000EDFDFEF7F554
:1025B0000000F10000000000000B0000000000001F
:1025C00000000000FC00F9FDFE07FEFEF701FF0120
:1025D000FEFA000500020102FBF7FD00F7FCFAF726
:1025E000F700FCFCFDFDFEFEFDFE00FEFF03000308
:1025F000FE0007000000000000000000000000FED8
:10260000FEFE0000FA00FF00FC00000000000000D9
:1026100000000000F30000000000000000000000C7
:10262000FEFE00FD00000000FE0000FCFE0200FCBB
:10263000FCFE00FAFEFBFEFD00FC000000000000B6
:102640000000000000F100070000FC00000000FD99
:1026500000FE0000FF0000FE00FB000009FDF9F98C
:1026600002020200FA020302070207FEFA0000F764
:102670000000F9FA0000FC00FDFC00FD00FD00FE7A
:102680000300FEF9FE080000FE00FC000003FB0052
:1026900002FE020000F900FEFF00FE02FE00000044
:1026A000F7FDFB00F90000F50008FE00FC0001004A
:1026B000FE00FEF900FE0200000000FE000002FD28
:1026C000010000FDFE00FD00000000000000000011
:1026D0000000000000000000F200050000FE000005
:1026E00000000000FEFE00000004000500000000E5
:1026F00000F2F3010A0704F70209000800040000D1
:102700000000000000000000000C000000000000BD
:102710000000000000000000000000006C1B040826
:102720002C270408CA2704083D31000000000102DC
:102730000003040502060708090A090A0B0C000D2C
:102740000E0F101112130C14140000001516171898
:1027500019161A1B1C1D1D1E1F201D1D16212223AC
:1027600003241E2525262728292A2B002C002D2E60
:102770002F303132332D343435302D2D2E2E363747
:102780003839333A3A3B3A3C290000093D09000008
:102790000000000000000000000000000000000039
:1027A0000000000000000000000000000000000029
:1027B0000000000000000000000000000000000019
:1027C0000000000000000000000000000102000303
:1027D000040502060708090A090A0B0C0D0E0F1062
:1027E000110C1213141515000000161718191719DB
:1027F00019191719191A1919191917191719031B62
:102800001C1D1D1E1F2021222300240025262727F2
:1028100027002726282926262A2A272A272A2B2C5A
:102820002D2E2E2F2E30000023093109000000002C
:102830000000000000000000000000000000000098
:102840000000000000000000000000000000000088
:102850000000000000000000000000000000000078
:102860000000000000000000042C0408993C01084E
:102870000000000000000000093D01080000000009
:1028800041040000042C040861480108E9480108DB
:10289000000000000549010804010D0000060000C9
:1028A000042C0408F950010800000000000000009A
:1028B00000000000D127D12744020000042C0408A6
:1028C000055201084D520108000000006552010840
:1028D0000401820085030000042C04088D5F0108B8
:1028E000000000000000000000000000C300C30062
:1028F000041C0000042C0408853F030800000000AD
:10290000000000000000000064202B000000000018
:10291000042C04086D4003080000000000000000C3
:10292000000000006420D12700000000042C0408EF
:10293000156501087565010800000000E5650108DE
:1029400064200401C0080000042C0408396F010849
:10295000796F010800000000996F0108D127D12785
:10296000C4020000042C0408C9740108000000001F
:10297000000000001D7501080401040101040000AD
:10298000042C0408A1190208A51A0208000000007E
:10299000CD1A02088200D12705040000042C040887
:1029A000F52102082922020800000000611C02082B
:1029B0000000000080020000A5250208B5240208DE
:1029C0001000030000FF0100E4F303080000000012
:1029D00000000000042C040825360208A943020860
:1029E00000000000D9430208D127D127C00300000E
:1029F000BC28040855580208000000000000000030
:102A0000000000006420322001040000042C0408AF
:102A1000395C0208A55C020800000000D95C0208CD
:102A2000D127D127C0040000042C040885720208B5
:102A30000000000000000000997202081A001A004D
:102A400080020000042C0408457602080000000003
:102A50000000000061760208D127D127C0020000E3
:102A6000A028040800000000000000000000000092
:102A7000000000000000000000000000042C04081A
:102A80000000000000000000000000000000000046
:102A9000C3000401000000000C2A0408000000002C
:102AA0000000000000000000000000000000000026
:102AB00000000000042C0408998702080589020818
:102AC0000000000000000000C300040140060000F8
:102AD000042C0408E1880208000000000000000047
:102AE000000000006420D12700000000042C04082E
:102AF00000000000000000000000000000000000D6
:102B00000000000000000000042C04080000000089
:102B100000000000000000000000000000000000B5
:102B200000000000042C04080D89020841890208F5
:102B300000000000000000006420D1278002000097
:102B4000042C0408D18902080000000000000000E5
:102B5000000000006420D12700000000042C0408BD
:102B60000000000000000000000000000000000065
:102B7000D127D12700000000042C04080000000029
:102B80000000000000000000000000000000000045
:102B900000000000042C04080000000000000000F9
:102BA0000000000000000000000000000000000025
:102BB000042C0408418B02085D8B02080000000011
:102BC000758B020800000000C0030000042C0408FC
:102BD00000000000000000000000000000000000F5
:102BE0006420642040020000042C0408000000005F
:102BF0000000000000000000000000000401D127D8
:102C00008003000000000000E5A102082DA30208D7
:102C100000000000B9A30208820082004A020000FE
:102C2000C6E165D145C1E3B0CCD8CBC0AAA86988BC
:102C30003589F478D368B148B65975513441D230EA
:102C4000553AF331B2290F195C1CBA1B3813340AF8
:102C5000DC045A04B703B3027805B40411040C036E
:102C60004F04CD034B0368020845673CE62BE41A8A
:102C7000887DE76C4554433346C6A5ADE49CA283EA
:102C8000C6FE05FE44FDE2F380FD00FD60FC60FB36
:102C900060FCE0F360EB80E283F243E202DAA1B988
:102CA000686A065AA54924396F53CC4229328721D4
:102CB000AE730C63084204218AEA8EE3D3EC7AFEF9
:102CC0005DFF0FEA12F376F4DAFD3DFF37AA59BB38
:102CD0009BCCFCE53EF7B87AB993FBB43DD63EEF0A
:102CE000585B397C5B9D5DC65EEF3E45BE655F9679
:102CF000FFBE9FE7BE2D1E4EBF863FB7BFE73B26F8
:102D00009C4EFD865EB7BFE73325B54D5886FBB6B2
:102D10009EE7CD653086B4A639CFBDEF6C9EB0AED0
:102D200014C779DFDDF70AD72EDF73E7B8F7DCFFCA
:102D30006BFF8EFFB3FFD8FFFCFF45FEA9FE10FF1F
:102D400076FFDCFF24FDA9FD70FE16FF9CFF88FBCB
:102D50004CFC52FD77FE5CFF6C8B4FA454BD79D6C2
:102D60005DEF937C3595F8B5DBCE7EEFF7BD1CE7C4
:102D70007DEFBEF7DFFF06F2ECE83699D661963AB2
:102D8000BE245E05FA05B1046A4D098EE7CE47FF01
:102D900000FEC0FCA4FAA97AF163F39C042C040899
:102DA000C5EC0208000000000000000091ED0208E0
:102DB000D1278200C50200000C2A04080000000090
:102DC00000000000000000001DF4020800000000E8
:102DD000C00400008428040815FA0208000000005E
:102DE0000000000081FA02080000000085070000D2
:102DF0007C2E04080502030800000000000000000B
:102E00008D02030882000000810700006828040882
:102E1000D9070308000000000000000000000000C7
:102E20000000000000000000042C040869100308E2
:102E300091100308000000009910030834001E00E0
:102E400084020000042C04083D13030879130308CE
:102E500000000000F9130308D127D12785030000E3
:102E6000042C0408311803087D1903080000000031
:102E7000E11903086420642000030000042C040806
:102E80000D1E030801210308000000003121030882
:102E90000401820044060000042C0408A52C030849
:102EA0000000000000000000000000000000000022
:102EB00080020000042C0408E52C03080000000038
:102EC0000000000000000000000000008002000080
:102ED000042C0408993A03080000000000000000D8
:102EE00000000000642064204002000078320408E2
:102EF0008032040832320408383204086F32040881
:102F00002D3204087332040868320408473204087A
:102F10005A320408513204083E32040800003C02D0
:102F20007804B306EE08280B610D990FD011061432
:102F30003A166C189D1ACB1CF71E212148236C25CC
:102F40008E27AC29C72BDF2DF32F03321034183610
:102F50001C381C3A173C0E3EFF3FEC41D443B645AB
:102F600093476A493C4B084DCD4E8D504652F9531C
:102F7000A5554B57EA58825A135C9C5D1F5F9A60B7
:102F80000D627963DD6439668D67D9681D6A596B96
:102F90008C6CB76DD96EF36F04710C720B73017486
:102FA000EE74D275AD767F7747780679BB79677A0C
:102FB0000A7BA27B327CB77C337DA57D0D7E6C7E47
:102FC000C07E0B7F4B7F827FAF7FD27FEB7FFA7F0C
:102FD000FF7F64656661756C745461736B005B534D
:102FE000797374656D5D205769466920436F6E6E15
:102FF000656374696F6E204661696C6564210D00BC
:103000005B53797374656D5D205769466920436F22
:103010006E6E656374656420262053617665642155
:103020000D002523782000E6ADA3E59CA8E8BF9E0F
:10303000E68EA52057694669202825642F3130295E
:103040002E2E2E0D0A00E6ADA3E59CA8E88EB7E56E
:103050008F962049502028E5BD93E5898D20302E9C
:10306000302E302E3029202D2025642F31300D0AAE
:103070000041434B3A2025730D0A0054696D656F7A
:103080007574206F72204572726F723A2025730D2D
:103090000A004D51545420E8BF9EE68EA5E5A4B128
:1030A000E8B4A52028E58FAFE883BDE69C8DE58ACE
:1030B000A1E599A8E4B88DE58FAFE8BEBE290D0063
:1030C000E5BC80E5A78BE8BF9EE68EA5204D515458
:1030D000542E2E2E0D004D51545420E8BF9EE68EE6
:1030E000A5E68890E58A9FEFBC810D00E6A380E607
:1030F000B58BE588B0E69C89E69588204950EFBC01
:103100008C5769466920E8BF9EE68EA5E68890E563
:103110008A9FEFBC810D005769466920E69CAAE8AA
:10312000BF9EE68EA52028E58FAFE883BDE698AF69
:10313000E696B0E78EAFE5A283E68896E5AF86E730
:10314000A081E99499E8AFAF29E380820D00E8AF50
:10315000B7E782B9E587BBE5B18FE5B995E4B88AF1
:10316000E79A84205B57692D46692053657474691A
:103170006E67735D20E8BF9BE8A18CE9858DE7BD94
:10318000AEE380820D0041542B4D515454555345AC
:10319000524346473D302C312C222573222C2225C8
:1031A00073222C222573222C302C302C222200302A
:1031B0002E302E302E300041542B4D515454535547
:1031C000423D302C222573222C310041542B4D518D
:1031D0005454434F4E4E3D302C222573222C2564EF
:1031E0002C31002B43574A41503A0041542B43574E
:1031F0004A41503F004F4B00535441495000415405
:103200002B434946535200746F7069630053544D09
:103210003332553537355F436C69656E74004E6FD8
:103220000A646174610062696E002564004A756E0B
:1032300065004D6172636800417072696C0044659D
:1032400063656D6265720053657074656D62657269
:10325000004E6F76656D626572004F63746F6265D4
:103260007200256420257300417567757374004DE5
:103270006179004A756C79004A616E7561727900F6
:10328000466562727561727900323032330A3230CB
:1032900032320A323032310A323032300A32303190
:1032A000390A323031380A323031370A3230313669
:1032B0000A323031350A323031340A323031330A91
:1032C000323031320A323031310A323031300A3262
:1032D0003030390A323030380A323030370A323042
:1032E00030360A323030350A323030340A3230303B
:1032F000330A323030320A323030310A3230303034
:103300000A313939390A313939380A313939370A04
:10331000313939360A313939350A313939340A31D6
:103320003939330A313939320A313939310A3139C7
:1033300039300A313938390A313938380A313938AF
:10334000370A313938360A313938350A31393834A3
:103350000A313938330A313938320A313938310AC9
:10336000313938300A313937390A313937380A3189
:103370003937370A313937360A313937350A313971
:1033800037340A313937330A313937320A3139376C
:10339000310A313937300A313936390A313936385C
:1033A0000A313936370A313936360A313936350A73
:1033B000313936340A313936330A313936320A3145
:1033C0003936310A313936300A313935390A31392D
:1033D00035380A313935370A313935360A31393518
:1033E000350A313935340A313935330A3139353214
:1033F0000A313935310A313935300A313934390A2F
:10340000313934380A313934370A313934360A31EE
:103410003934350A313934340A313934330A3139DF
:1034200034320A313934310A313934300A313933DE
:10343000390A313933380A313933370A31393336B9
:103440000A313933350A313933340A313933330AE1
:10345000313933320A313933310A313933300A31B3
:103460003932390A313932380A313932370A313989
:1034700032360A313932350A313932340A31393289
:10348000330A313932320A313932310A3139323084
:103490000A313931390A313931380A313931370A8B
:1034A000313931360A313931350A313931340A315D
:1034B0003931330A313931320A313931310A31394E
:1034C00031300A313930390A313930380A3139303E
:1034D000370A313930360A313930350A313930342A
:1034E0000A313930330A313930320A31393031005A
:1034F0002100312300240025002600270028002970
:10350000002A002B002C002B2F2D002E002F003620
:10351000003700380039003B003C003D003E0040D1
:10352000004100420041424300440045004600473C
:1035300000480049004A004C004D004E004F005327
:10354000005400550056005700580059005A005BBF
:10355000005C005D005F00620061626300660067FE
:103560000069006A006D006F0070007100750076E0
:1035700000770078007A007B007D00EF808C00EF00
:10358000819300EF819400EF959A00EF849C00EF07
:10359000A2A20042746E310042746E320042746E18
:1035A000330042746E340042746E35004F7074699B
:1035B0006F6E20310A4F7074696F6E20320A4F703F
:1035C00074696F6E2033004F7074696F6E20310A1A
:1035D0004F7074696F6E20320A4F7074696F6E207D
:1035E000330A4F7074696F6E20340A4F7074696FBC
:1035F0006E203500E280A200546D7251000021005F
:10360000200069006A006C006B006D006E006300B2
:10361000620000000000721F51EF58EF5BEF5CEF9B
:103620005DEF61EF63EF65EF69EF6CEF71EF76EFE0
:1036300077EF78EF8EEF93EF98EF9BEF9CEF9DEF96
:10364000A1EFA2EFA3EFA4EFB7EFB8EFBEEFC0EF8B
:10365000C1EFC4EFC7EFC8EFC9EFCBEFE3EFE5EF82
:1036600014F015F017F019F030F037F03AF043F09D
:103670006CF074F0ABF03BF190F191F192F193F1B9
:1036800094F1D7F1E3F13DF254F2AAF412F7F2F714
:1036900037000000B836040800000020B000000029
:1036A000D8E8030868370408B000002068F2020078
:1036B000E8E803080000000000000000010000002E
:1036C00010000000FFFFFFFFFFFFFFFFFF00FFFFF5
:1036D00080F1030834F3030884F2030830F203088E
:1036E00080F1030880F1030880F1030880F10308EA
:1036F000000000006CF003082EF10308DEF0030860
:10370000BCF003086CF003086CF003086CF00308CD
:103710006CF0030800000000413A03086538030814
:1037200000093D00C5370308FD370308C939030800
:103730003538030851370308010070009335040839
:10374000983504089D35040890300408A235040813
:10375000A73504089235040800000080010000002D
:08376000AAAAAAAAD4C3B2A1CF
:0400000508000239B4
:00000001FF
